[real_seed_r2_2] === real seed 2, Regime 2 (arms=('A', 'B1', 'B2', 'C', 'D')), rank=36, budget=102400 steps ===
[real_seed_r2_2] === pilot 2 start, rank=36, params=67625, cosine LR 0.003->3e-05 over 102400 steps, no early stopping ===
[real_seed_r2_2] pilot 2 step      0  lr=3.00e-03  loss=8.4363  val_acc={1: 0.094, 2: 0.0, 3: 0.0}  elapsed=2s    abstain_loss=0.7774  abstain_class_balance=0.000  abstain_head_acc=0.234
[real_seed_r2_2] pilot 2 step    100  lr=3.00e-03  loss=4.0047  val_acc={1: 1.0, 2: 0.953, 3: 0.797}  elapsed=9s    abstain_loss=0.6567  abstain_class_balance=0.000  abstain_head_acc=0.594
[real_seed_r2_2] pilot 2 step    200  lr=3.00e-03  loss=1.5551  val_acc={1: 1.0, 2: 1.0, 3: 0.969}  elapsed=16s  PASS  abstain_loss=0.1005  abstain_class_balance=0.000  abstain_head_acc=1.000
[real_seed_r2_2] pilot 2 step    300  lr=3.00e-03  loss=0.9284  val_acc={1: 1.0, 2: 1.0, 3: 0.992}  elapsed=25s  PASS  abstain_loss=0.0224  abstain_class_balance=0.000  abstain_head_acc=1.000
[real_seed_r2_2] pilot 2 step    400  lr=3.00e-03  loss=1.8561  val_acc={1: 1.0, 2: 1.0, 3: 1.0}  elapsed=33s  PASS  abstain_loss=0.0114  abstain_class_balance=0.000  abstain_head_acc=1.000
[real_seed_r2_2] pilot 2 step    500  lr=3.00e-03  loss=1.1162  val_acc={1: 1.0, 2: 1.0, 3: 1.0}  elapsed=40s  PASS  abstain_loss=0.0072  abstain_class_balance=0.000  abstain_head_acc=1.000
[real_seed_r2_2] pilot 2 step    600  lr=3.00e-03  loss=1.4471  val_acc={1: 1.0, 2: 0.984, 3: 0.992}  elapsed=46s  PASS  abstain_loss=0.2250  abstain_class_balance=0.000  abstain_head_acc=0.891
[real_seed_r2_2] pilot 2 step    700  lr=3.00e-03  loss=1.7054  val_acc={1: 1.0, 2: 1.0, 3: 1.0}  elapsed=57s  PASS  abstain_loss=0.0001  abstain_class_balance=0.000  abstain_head_acc=1.000
[real_seed_r2_2] pilot 2 step    800  lr=3.00e-03  loss=1.0732  val_acc={1: 1.0, 2: 1.0, 3: 1.0}  elapsed=64s  PASS  abstain_loss=0.0020  abstain_class_balance=0.000  abstain_head_acc=1.000
[real_seed_r2_2] pilot 2 step    900  lr=3.00e-03  loss=0.8122  val_acc={1: 1.0, 2: 1.0, 3: 1.0}  elapsed=72s  PASS  abstain_loss=0.0047  abstain_class_balance=0.000  abstain_head_acc=1.000
[real_seed_r2_2] pilot 2 step   1000  lr=3.00e-03  loss=1.3366  val_acc={1: 1.0, 2: 1.0, 3: 1.0}  elapsed=80s  PASS  abstain_loss=0.0001  abstain_class_balance=0.000  abstain_head_acc=1.000
[real_seed_r2_2] pilot 2 step   1100  lr=3.00e-03  loss=0.9655  val_acc={1: 1.0, 2: 1.0, 3: 1.0}  elapsed=89s  PASS  abstain_loss=0.0047  abstain_class_balance=0.000  abstain_head_acc=1.000
[real_seed_r2_2] pilot 2 step   1200  lr=3.00e-03  loss=0.7884  val_acc={1: 1.0, 2: 1.0, 3: 1.0}  elapsed=97s  PASS  abstain_loss=0.0037  abstain_class_balance=0.000  abstain_head_acc=1.000
[real_seed_r2_2] pilot 2 step   1300  lr=3.00e-03  loss=1.2016  val_acc={1: 1.0, 2: 1.0, 3: 0.961}  elapsed=104s  PASS  abstain_loss=0.0001  abstain_class_balance=0.000  abstain_head_acc=1.000
[real_seed_r2_2] pilot 2 step   1400  lr=3.00e-03  loss=0.9205  val_acc={1: 1.0, 2: 1.0, 3: 0.93}  elapsed=113s    abstain_loss=0.0037  abstain_class_balance=0.000  abstain_head_acc=1.000
[real_seed_r2_2] pilot 2 step   1500  lr=3.00e-03  loss=0.7816  val_acc={1: 1.0, 2: 1.0, 3: 0.922}  elapsed=120s    abstain_loss=0.0035  abstain_class_balance=0.000  abstain_head_acc=1.000
[real_seed_r2_2] pilot 2 step   1600  lr=3.00e-03  loss=1.0908  val_acc={1: 1.0, 2: 1.0, 3: 0.812}  elapsed=128s    abstain_loss=0.0001  abstain_class_balance=0.000  abstain_head_acc=1.000
[real_seed_r2_2] pilot 2 step   1700  lr=3.00e-03  loss=0.9137  val_acc={1: 1.0, 2: 1.0, 3: 0.812}  elapsed=137s    abstain_loss=0.0033  abstain_class_balance=0.000  abstain_head_acc=1.000
[real_seed_r2_2] pilot 2 step   1800  lr=3.00e-03  loss=0.7704  val_acc={1: 1.0, 2: 1.0, 3: 0.883}  elapsed=146s    abstain_loss=0.0029  abstain_class_balance=0.000  abstain_head_acc=1.000
[real_seed_r2_2] pilot 2 step   1900  lr=3.00e-03  loss=1.0324  val_acc={1: 1.0, 2: 1.0, 3: 0.852}  elapsed=156s    abstain_loss=0.0000  abstain_class_balance=0.000  abstain_head_acc=1.000
[real_seed_r2_2] pilot 2 step   2000  lr=3.00e-03  loss=0.8876  val_acc={1: 1.0, 2: 1.0, 3: 0.867}  elapsed=163s    abstain_loss=0.0025  abstain_class_balance=0.000  abstain_head_acc=1.000
[real_seed_r2_2] pilot 2 step   2100  lr=3.00e-03  loss=0.7617  val_acc={1: 1.0, 2: 1.0, 3: 0.961}  elapsed=172s  PASS  abstain_loss=0.0025  abstain_class_balance=0.000  abstain_head_acc=1.000
[real_seed_r2_2] pilot 2 step   2200  lr=3.00e-03  loss=0.9864  val_acc={1: 1.0, 2: 1.0, 3: 0.914}  elapsed=180s    abstain_loss=0.0000  abstain_class_balance=0.000  abstain_head_acc=1.000
[real_seed_r2_2] pilot 2 step   2300  lr=3.00e-03  loss=0.8907  val_acc={1: 1.0, 2: 1.0, 3: 0.922}  elapsed=188s    abstain_loss=0.0017  abstain_class_balance=0.000  abstain_head_acc=1.000
[real_seed_r2_2] pilot 2 step   2400  lr=3.00e-03  loss=0.7523  val_acc={1: 1.0, 2: 1.0, 3: 0.969}  elapsed=196s  PASS  abstain_loss=0.0021  abstain_class_balance=0.000  abstain_head_acc=1.000
[real_seed_r2_2] pilot 2 step   2500  lr=3.00e-03  loss=0.9658  val_acc={1: 1.0, 2: 1.0, 3: 0.945}  elapsed=205s    abstain_loss=0.0000  abstain_class_balance=0.000  abstain_head_acc=1.000
[real_seed_r2_2] pilot 2 step   2600  lr=3.00e-03  loss=0.8657  val_acc={1: 1.0, 2: 1.0, 3: 0.922}  elapsed=212s    abstain_loss=0.0014  abstain_class_balance=0.000  abstain_head_acc=1.000
[real_seed_r2_2] pilot 2 step   2700  lr=2.99e-03  loss=0.7562  val_acc={1: 1.0, 2: 1.0, 3: 0.922}  elapsed=220s    abstain_loss=0.0019  abstain_class_balance=0.000  abstain_head_acc=1.000
[real_seed_r2_2] pilot 2 step   2800  lr=2.99e-03  loss=0.9381  val_acc={1: 1.0, 2: 1.0, 3: 0.883}  elapsed=228s    abstain_loss=0.0000  abstain_class_balance=0.000  abstain_head_acc=1.000
[real_seed_r2_2] pilot 2 step   2900  lr=2.99e-03  loss=1.4857  val_acc={1: 1.0, 2: 1.0, 3: 0.945}  elapsed=236s    abstain_loss=0.0001  abstain_class_balance=0.000  abstain_head_acc=1.000
[real_seed_r2_2] pilot 2 step   3000  lr=2.99e-03  loss=0.9925  val_acc={1: 1.0, 2: 1.0, 3: 0.992}  elapsed=243s  PASS  abstain_loss=0.0073  abstain_class_balance=0.000  abstain_head_acc=1.000
[real_seed_r2_2] pilot 2 step   3100  lr=2.99e-03  loss=1.1167  val_acc={1: 1.0, 2: 1.0, 3: 1.0}  elapsed=251s  PASS  abstain_loss=0.0000  abstain_class_balance=0.000  abstain_head_acc=1.000
[real_seed_r2_2] pilot 2 step   3200  lr=2.99e-03  loss=0.9851  val_acc={1: 1.0, 2: 1.0, 3: 0.977}  elapsed=257s  PASS  abstain_loss=0.0011  abstain_class_balance=0.000  abstain_head_acc=1.000
[real_seed_r2_2] pilot 2 step   3300  lr=2.99e-03  loss=0.8200  val_acc={1: 1.0, 2: 1.0, 3: 0.992}  elapsed=265s  PASS  abstain_loss=0.0038  abstain_class_balance=0.000  abstain_head_acc=1.000
[real_seed_r2_2] pilot 2 step   3400  lr=2.99e-03  loss=1.0275  val_acc={1: 1.0, 2: 1.0, 3: 0.992}  elapsed=276s  PASS  abstain_loss=0.0000  abstain_class_balance=0.000  abstain_head_acc=1.000
[real_seed_r2_2] pilot 2 step   3500  lr=2.99e-03  loss=0.9302  val_acc={1: 1.0, 2: 1.0, 3: 1.0}  elapsed=285s  PASS  abstain_loss=0.0102  abstain_class_balance=0.000  abstain_head_acc=1.000
[real_seed_r2_2] pilot 2 step   3600  lr=2.99e-03  loss=0.8354  val_acc={1: 1.0, 2: 1.0, 3: 1.0}  elapsed=293s  PASS  abstain_loss=0.0117  abstain_class_balance=0.000  abstain_head_acc=1.000
[real_seed_r2_2] pilot 2 step   3700  lr=2.99e-03  loss=1.0517  val_acc={1: 1.0, 2: 1.0, 3: 0.992}  elapsed=301s  PASS  abstain_loss=0.0000  abstain_class_balance=0.000  abstain_head_acc=1.000
[real_seed_r2_2] pilot 2 step   3800  lr=2.99e-03  loss=0.9304  val_acc={1: 1.0, 2: 1.0, 3: 0.992}  elapsed=311s  PASS  abstain_loss=0.0004  abstain_class_balance=0.000  abstain_head_acc=1.000
[real_seed_r2_2] pilot 2 step   3900  lr=2.99e-03  loss=0.8154  val_acc={1: 1.0, 2: 1.0, 3: 1.0}  elapsed=319s  PASS  abstain_loss=0.0052  abstain_class_balance=0.000  abstain_head_acc=1.000
[real_seed_r2_2] pilot 2 step   4000  lr=2.99e-03  loss=0.9942  val_acc={1: 1.0, 2: 1.0, 3: 1.0}  elapsed=326s  PASS  abstain_loss=0.0000  abstain_class_balance=0.000  abstain_head_acc=1.000
[real_seed_r2_2] pilot 2 step   4100  lr=2.99e-03  loss=0.9394  val_acc={1: 1.0, 2: 1.0, 3: 1.0}  elapsed=334s  PASS  abstain_loss=0.0180  abstain_class_balance=0.000  abstain_head_acc=1.000
[real_seed_r2_2] pilot 2 step   4200  lr=2.99e-03  loss=0.8058  val_acc={1: 1.0, 2: 1.0, 3: 1.0}  elapsed=342s  PASS  abstain_loss=0.0043  abstain_class_balance=0.000  abstain_head_acc=1.000
[real_seed_r2_2] pilot 2 step   4300  lr=2.99e-03  loss=0.9465  val_acc={1: 1.0, 2: 1.0, 3: 1.0}  elapsed=350s  PASS  abstain_loss=0.0000  abstain_class_balance=0.000  abstain_head_acc=1.000
[real_seed_r2_2] pilot 2 step   4400  lr=2.99e-03  loss=0.8874  val_acc={1: 1.0, 2: 1.0, 3: 1.0}  elapsed=360s  PASS  abstain_loss=0.0001  abstain_class_balance=0.000  abstain_head_acc=1.000
[real_seed_r2_2] pilot 2 step   4500  lr=2.99e-03  loss=0.7876  val_acc={1: 1.0, 2: 1.0, 3: 1.0}  elapsed=369s  PASS  abstain_loss=0.0032  abstain_class_balance=0.000  abstain_head_acc=1.000
[real_seed_r2_2] pilot 2 step   4600  lr=2.99e-03  loss=0.9305  val_acc={1: 1.0, 2: 1.0, 3: 0.984}  elapsed=376s  PASS  abstain_loss=0.0000  abstain_class_balance=0.000  abstain_head_acc=1.000
[real_seed_r2_2] pilot 2 step   4700  lr=2.98e-03  loss=0.8649  val_acc={1: 1.0, 2: 1.0, 3: 0.992}  elapsed=384s  PASS  abstain_loss=0.0000  abstain_class_balance=0.000  abstain_head_acc=1.000
[real_seed_r2_2] pilot 2 step   4800  lr=2.98e-03  loss=0.7634  val_acc={1: 1.0, 2: 1.0, 3: 1.0}  elapsed=393s  PASS  abstain_loss=0.0024  abstain_class_balance=0.000  abstain_head_acc=1.000
[real_seed_r2_2] pilot 2 step   4900  lr=2.98e-03  loss=0.8976  val_acc={1: 1.0, 2: 1.0, 3: 0.984}  elapsed=401s  PASS  abstain_loss=0.0000  abstain_class_balance=0.000  abstain_head_acc=1.000
[real_seed_r2_2] pilot 2 step   5000  lr=2.98e-03  loss=0.8536  val_acc={1: 1.0, 2: 1.0, 3: 0.969}  elapsed=409s  PASS  abstain_loss=0.0000  abstain_class_balance=0.000  abstain_head_acc=1.000
[real_seed_r2_2] pilot 2 step   5100  lr=2.98e-03  loss=0.7903  val_acc={1: 1.0, 2: 1.0, 3: 0.992}  elapsed=418s  PASS  abstain_loss=0.0144  abstain_class_balance=0.000  abstain_head_acc=1.000
[real_seed_r2_2] pilot 2 step   5200  lr=2.98e-03  loss=0.9300  val_acc={1: 1.0, 2: 1.0, 3: 0.977}  elapsed=426s  PASS  abstain_loss=0.0000  abstain_class_balance=0.000  abstain_head_acc=1.000
[real_seed_r2_2] pilot 2 step   5300  lr=2.98e-03  loss=1.1503  val_acc={1: 1.0, 2: 1.0, 3: 0.992}  elapsed=434s  PASS  abstain_loss=0.0000  abstain_class_balance=0.000  abstain_head_acc=1.000
[real_seed_r2_2] pilot 2 step   5400  lr=2.98e-03  loss=0.9407  val_acc={1: 1.0, 2: 1.0, 3: 1.0}  elapsed=444s  PASS  abstain_loss=0.0165  abstain_class_balance=0.000  abstain_head_acc=1.000
[real_seed_r2_2] pilot 2 step   5500  lr=2.98e-03  loss=1.0081  val_acc={1: 1.0, 2: 1.0, 3: 1.0}  elapsed=452s  PASS  abstain_loss=0.0000  abstain_class_balance=0.000  abstain_head_acc=1.000
[real_seed_r2_2] pilot 2 step   5600  lr=2.98e-03  loss=0.9201  val_acc={1: 1.0, 2: 1.0, 3: 1.0}  elapsed=461s  PASS  abstain_loss=0.0000  abstain_class_balance=0.000  abstain_head_acc=1.000
[real_seed_r2_2] pilot 2 step   5700  lr=2.98e-03  loss=0.7975  val_acc={1: 1.0, 2: 1.0, 3: 1.0}  elapsed=469s  PASS  abstain_loss=0.0012  abstain_class_balance=0.000  abstain_head_acc=1.000
[real_seed_r2_2] pilot 2 step   5800  lr=2.98e-03  loss=0.9406  val_acc={1: 1.0, 2: 1.0, 3: 0.984}  elapsed=478s  PASS  abstain_loss=0.0000  abstain_class_balance=0.000  abstain_head_acc=1.000
[real_seed_r2_2] pilot 2 step   5900  lr=2.98e-03  loss=0.8897  val_acc={1: 1.0, 2: 1.0, 3: 0.992}  elapsed=485s  PASS  abstain_loss=0.0000  abstain_class_balance=0.000  abstain_head_acc=1.000
[real_seed_r2_2] pilot 2 step   6000  lr=2.97e-03  loss=0.7958  val_acc={1: 1.0, 2: 1.0, 3: 1.0}  elapsed=494s  PASS  abstain_loss=0.0009  abstain_class_balance=0.000  abstain_head_acc=1.000
[real_seed_r2_2] pilot 2 step   6100  lr=2.97e-03  loss=0.9625  val_acc={1: 1.0, 2: 1.0, 3: 1.0}  elapsed=501s  PASS  abstain_loss=0.0000  abstain_class_balance=0.000  abstain_head_acc=1.000
[real_seed_r2_2] pilot 2 step   6200  lr=2.97e-03  loss=0.9050  val_acc={1: 1.0, 2: 1.0, 3: 0.992}  elapsed=510s  PASS  abstain_loss=0.0000  abstain_class_balance=0.000  abstain_head_acc=1.000
[real_seed_r2_2] pilot 2 step   6300  lr=2.97e-03  loss=0.8117  val_acc={1: 1.0, 2: 1.0, 3: 1.0}  elapsed=521s  PASS  abstain_loss=0.0057  abstain_class_balance=0.000  abstain_head_acc=1.000
[real_seed_r2_2] pilot 2 step   6400  lr=2.97e-03  loss=0.9373  val_acc={1: 1.0, 2: 1.0, 3: 1.0}  elapsed=532s  PASS  abstain_loss=0.0000  abstain_class_balance=0.000  abstain_head_acc=1.000
[real_seed_r2_2] pilot 2 step   6500  lr=2.97e-03  loss=0.8988  val_acc={1: 1.0, 2: 1.0, 3: 1.0}  elapsed=542s  PASS  abstain_loss=0.0000  abstain_class_balance=0.000  abstain_head_acc=1.000
[real_seed_r2_2] pilot 2 step   6600  lr=2.97e-03  loss=0.7946  val_acc={1: 1.0, 2: 1.0, 3: 1.0}  elapsed=551s  PASS  abstain_loss=0.0015  abstain_class_balance=0.000  abstain_head_acc=1.000
[real_seed_r2_2] pilot 2 step   6700  lr=2.97e-03  loss=0.9251  val_acc={1: 1.0, 2: 1.0, 3: 1.0}  elapsed=558s  PASS  abstain_loss=0.0000  abstain_class_balance=0.000  abstain_head_acc=1.000
[real_seed_r2_2] pilot 2 step   6800  lr=2.97e-03  loss=0.8906  val_acc={1: 1.0, 2: 1.0, 3: 1.0}  elapsed=566s  PASS  abstain_loss=0.0000  abstain_class_balance=0.000  abstain_head_acc=1.000
[real_seed_r2_2] pilot 2 step   6900  lr=2.97e-03  loss=0.8019  val_acc={1: 1.0, 2: 1.0, 3: 1.0}  elapsed=574s  PASS  abstain_loss=0.0020  abstain_class_balance=0.000  abstain_head_acc=1.000
[real_seed_r2_2] pilot 2 step   7000  lr=2.97e-03  loss=0.9921  val_acc={1: 1.0, 2: 1.0, 3: 1.0}  elapsed=583s  PASS  abstain_loss=0.0000  abstain_class_balance=0.000  abstain_head_acc=1.000
[real_seed_r2_2] pilot 2 step   7100  lr=2.96e-03  loss=0.9546  val_acc={1: 1.0, 2: 1.0, 3: 0.984}  elapsed=592s  PASS  abstain_loss=0.0000  abstain_class_balance=0.000  abstain_head_acc=1.000
[real_seed_r2_2] pilot 2 step   7200  lr=2.96e-03  loss=0.8700  val_acc={1: 1.0, 2: 1.0, 3: 1.0}  elapsed=600s  PASS  abstain_loss=0.0002  abstain_class_balance=0.000  abstain_head_acc=1.000
[real_seed_r2_2] pilot 2 step   7300  lr=2.96e-03  loss=0.9741  val_acc={1: 1.0, 2: 1.0, 3: 1.0}  elapsed=608s  PASS  abstain_loss=0.0000  abstain_class_balance=0.000  abstain_head_acc=1.000
[real_seed_r2_2] pilot 2 step   7400  lr=2.96e-03  loss=0.9173  val_acc={1: 1.0, 2: 1.0, 3: 1.0}  elapsed=616s  PASS  abstain_loss=0.0002  abstain_class_balance=0.000  abstain_head_acc=1.000
[real_seed_r2_2] pilot 2 step   7500  lr=2.96e-03  loss=0.8095  val_acc={1: 1.0, 2: 1.0, 3: 1.0}  elapsed=625s  PASS  abstain_loss=0.0005  abstain_class_balance=0.000  abstain_head_acc=1.000
[real_seed_r2_2] pilot 2 step   7600  lr=2.96e-03  loss=0.9391  val_acc={1: 1.0, 2: 1.0, 3: 1.0}  elapsed=633s  PASS  abstain_loss=0.0000  abstain_class_balance=0.000  abstain_head_acc=1.000
[real_seed_r2_2] pilot 2 step   7700  lr=2.96e-03  loss=0.8672  val_acc={1: 1.0, 2: 1.0, 3: 1.0}  elapsed=641s  PASS  abstain_loss=0.0000  abstain_class_balance=0.000  abstain_head_acc=1.000
[real_seed_r2_2] pilot 2 step   7800  lr=2.96e-03  loss=0.7977  val_acc={1: 1.0, 2: 1.0, 3: 1.0}  elapsed=649s  PASS  abstain_loss=0.0010  abstain_class_balance=0.000  abstain_head_acc=1.000
[real_seed_r2_2] pilot 2 step   7900  lr=2.96e-03  loss=0.9095  val_acc={1: 1.0, 2: 1.0, 3: 1.0}  elapsed=657s  PASS  abstain_loss=0.0000  abstain_class_balance=0.000  abstain_head_acc=1.000
[real_seed_r2_2] pilot 2 step   8000  lr=2.96e-03  loss=0.8718  val_acc={1: 1.0, 2: 1.0, 3: 1.0}  elapsed=665s  PASS  abstain_loss=0.0000  abstain_class_balance=0.000  abstain_head_acc=1.000
[real_seed_r2_2] pilot 2 step   8100  lr=2.95e-03  loss=0.7702  val_acc={1: 1.0, 2: 1.0, 3: 1.0}  elapsed=673s  PASS  abstain_loss=0.0004  abstain_class_balance=0.000  abstain_head_acc=1.000
[real_seed_r2_2] pilot 2 step   8200  lr=2.95e-03  loss=0.9399  val_acc={1: 1.0, 2: 1.0, 3: 1.0}  elapsed=681s  PASS  abstain_loss=0.0000  abstain_class_balance=0.000  abstain_head_acc=1.000
[real_seed_r2_2] pilot 2 step   8300  lr=2.95e-03  loss=0.9109  val_acc={1: 1.0, 2: 1.0, 3: 1.0}  elapsed=691s  PASS  abstain_loss=0.0000  abstain_class_balance=0.000  abstain_head_acc=1.000
[real_seed_r2_2] pilot 2 step   8400  lr=2.95e-03  loss=0.8000  val_acc={1: 1.0, 2: 1.0, 3: 1.0}  elapsed=703s  PASS  abstain_loss=0.0018  abstain_class_balance=0.000  abstain_head_acc=1.000
[real_seed_r2_2] pilot 2 step   8500  lr=2.95e-03  loss=0.9265  val_acc={1: 1.0, 2: 1.0, 3: 1.0}  elapsed=712s  PASS  abstain_loss=0.0000  abstain_class_balance=0.000  abstain_head_acc=1.000
[real_seed_r2_2] pilot 2 step   8600  lr=2.95e-03  loss=1.0359  val_acc={1: 1.0, 2: 1.0, 3: 1.0}  elapsed=720s  PASS  abstain_loss=0.0000  abstain_class_balance=0.000  abstain_head_acc=1.000
[real_seed_r2_2] pilot 2 step   8700  lr=2.95e-03  loss=0.8525  val_acc={1: 1.0, 2: 1.0, 3: 1.0}  elapsed=728s  PASS  abstain_loss=0.0000  abstain_class_balance=0.000  abstain_head_acc=1.000
[real_seed_r2_2] pilot 2 step   8800  lr=2.95e-03  loss=0.9779  val_acc={1: 1.0, 2: 1.0, 3: 1.0}  elapsed=736s  PASS  abstain_loss=0.0000  abstain_class_balance=0.000  abstain_head_acc=1.000
[real_seed_r2_2] pilot 2 step   8900  lr=2.94e-03  loss=0.9083  val_acc={1: 1.0, 2: 1.0, 3: 1.0}  elapsed=745s  PASS  abstain_loss=0.0000  abstain_class_balance=0.000  abstain_head_acc=1.000
[real_seed_r2_2] pilot 2 step   9000  lr=2.94e-03  loss=0.8068  val_acc={1: 1.0, 2: 1.0, 3: 1.0}  elapsed=752s  PASS  abstain_loss=0.0002  abstain_class_balance=0.000  abstain_head_acc=1.000
[real_seed_r2_2] pilot 2 step   9100  lr=2.94e-03  loss=0.9447  val_acc={1: 1.0, 2: 1.0, 3: 1.0}  elapsed=763s  PASS  abstain_loss=0.0000  abstain_class_balance=0.000  abstain_head_acc=1.000
[real_seed_r2_2] pilot 2 step   9200  lr=2.94e-03  loss=0.8937  val_acc={1: 1.0, 2: 1.0, 3: 1.0}  elapsed=771s  PASS  abstain_loss=0.0000  abstain_class_balance=0.000  abstain_head_acc=1.000
[real_seed_r2_2] pilot 2 step   9300  lr=2.94e-03  loss=0.7871  val_acc={1: 1.0, 2: 1.0, 3: 1.0}  elapsed=779s  PASS  abstain_loss=0.0002  abstain_class_balance=0.000  abstain_head_acc=1.000
[real_seed_r2_2] pilot 2 step   9400  lr=2.94e-03  loss=0.9058  val_acc={1: 1.0, 2: 1.0, 3: 1.0}  elapsed=787s  PASS  abstain_loss=0.0000  abstain_class_balance=0.000  abstain_head_acc=1.000
[real_seed_r2_2] pilot 2 step   9500  lr=2.94e-03  loss=0.8690  val_acc={1: 1.0, 2: 1.0, 3: 1.0}  elapsed=795s  PASS  abstain_loss=0.0000  abstain_class_balance=0.000  abstain_head_acc=1.000
[real_seed_r2_2] pilot 2 step   9600  lr=2.94e-03  loss=0.7815  val_acc={1: 1.0, 2: 1.0, 3: 1.0}  elapsed=804s  PASS  abstain_loss=0.0030  abstain_class_balance=0.000  abstain_head_acc=1.000
[real_seed_r2_2] pilot 2 step   9700  lr=2.93e-03  loss=0.9214  val_acc={1: 1.0, 2: 1.0, 3: 1.0}  elapsed=813s  PASS  abstain_loss=0.0000  abstain_class_balance=0.000  abstain_head_acc=1.000
[real_seed_r2_2] pilot 2 step   9800  lr=2.93e-03  loss=0.8939  val_acc={1: 1.0, 2: 1.0, 3: 1.0}  elapsed=821s  PASS  abstain_loss=0.0001  abstain_class_balance=0.000  abstain_head_acc=1.000
[real_seed_r2_2] pilot 2 step   9900  lr=2.93e-03  loss=0.7921  val_acc={1: 1.0, 2: 1.0, 3: 1.0}  elapsed=831s  PASS  abstain_loss=0.0007  abstain_class_balance=0.000  abstain_head_acc=1.000
[real_seed_r2_2] pilot 2 step  10000  lr=2.93e-03  loss=0.8979  val_acc={1: 1.0, 2: 1.0, 3: 1.0}  elapsed=840s  PASS  abstain_loss=0.0000  abstain_class_balance=0.000  abstain_head_acc=1.000
[real_seed_r2_2] pilot 2 step  10100  lr=2.93e-03  loss=0.8630  val_acc={1: 1.0, 2: 1.0, 3: 1.0}  elapsed=852s  PASS  abstain_loss=0.0000  abstain_class_balance=0.000  abstain_head_acc=1.000
[real_seed_r2_2] pilot 2 step  10200  lr=2.93e-03  loss=0.7742  val_acc={1: 1.0, 2: 1.0, 3: 1.0}  elapsed=864s  PASS  abstain_loss=0.0008  abstain_class_balance=0.000  abstain_head_acc=1.000
[real_seed_r2_2] pilot 2 step  10300  lr=2.93e-03  loss=0.9721  val_acc={1: 1.0, 2: 1.0, 3: 1.0}  elapsed=874s  PASS  abstain_loss=0.0000  abstain_class_balance=0.000  abstain_head_acc=1.000
[real_seed_r2_2] pilot 2 step  10400  lr=2.93e-03  loss=0.9090  val_acc={1: 1.0, 2: 1.0, 3: 1.0}  elapsed=883s  PASS  abstain_loss=0.0000  abstain_class_balance=0.000  abstain_head_acc=1.000
[real_seed_r2_2] pilot 2 step  10500  lr=2.92e-03  loss=0.7795  val_acc={1: 1.0, 2: 1.0, 3: 1.0}  elapsed=891s  PASS  abstain_loss=0.0005  abstain_class_balance=0.000  abstain_head_acc=1.000
[real_seed_r2_2] pilot 2 step  10600  lr=2.92e-03  loss=0.9070  val_acc={1: 1.0, 2: 1.0, 3: 1.0}  elapsed=899s  PASS  abstain_loss=0.0000  abstain_class_balance=0.000  abstain_head_acc=1.000
[real_seed_r2_2] pilot 2 step  10700  lr=2.92e-03  loss=0.8660  val_acc={1: 1.0, 2: 1.0, 3: 1.0}  elapsed=907s  PASS  abstain_loss=0.0000  abstain_class_balance=0.000  abstain_head_acc=1.000
[real_seed_r2_2] pilot 2 step  10800  lr=2.92e-03  loss=0.7706  val_acc={1: 1.0, 2: 1.0, 3: 1.0}  elapsed=915s  PASS  abstain_loss=0.0027  abstain_class_balance=0.000  abstain_head_acc=1.000
[real_seed_r2_2] pilot 2 step  10900  lr=2.92e-03  loss=0.8913  val_acc={1: 1.0, 2: 1.0, 3: 1.0}  elapsed=923s  PASS  abstain_loss=0.0000  abstain_class_balance=0.000  abstain_head_acc=1.000
[real_seed_r2_2] pilot 2 step  11000  lr=2.92e-03  loss=0.8506  val_acc={1: 1.0, 2: 1.0, 3: 1.0}  elapsed=932s  PASS  abstain_loss=0.0000  abstain_class_balance=0.000  abstain_head_acc=1.000
[real_seed_r2_2] pilot 2 step  11100  lr=2.91e-03  loss=0.7487  val_acc={1: 1.0, 2: 1.0, 3: 1.0}  elapsed=941s  PASS  abstain_loss=0.0008  abstain_class_balance=0.000  abstain_head_acc=1.000
[real_seed_r2_2] pilot 2 step  11200  lr=2.91e-03  loss=0.8764  val_acc={1: 1.0, 2: 1.0, 3: 1.0}  elapsed=953s  PASS  abstain_loss=0.0000  abstain_class_balance=0.000  abstain_head_acc=1.000
[real_seed_r2_2] pilot 2 step  11300  lr=2.91e-03  loss=0.8720  val_acc={1: 1.0, 2: 1.0, 3: 1.0}  elapsed=964s  PASS  abstain_loss=0.0000  abstain_class_balance=0.000  abstain_head_acc=1.000
[real_seed_r2_2] pilot 2 step  11400  lr=2.91e-03  loss=0.8785  val_acc={1: 1.0, 2: 1.0, 3: 1.0}  elapsed=973s  PASS  abstain_loss=0.0002  abstain_class_balance=0.000  abstain_head_acc=1.000
[real_seed_r2_2] pilot 2 step  11500  lr=2.91e-03  loss=1.0287  val_acc={1: 1.0, 2: 1.0, 3: 1.0}  elapsed=980s  PASS  abstain_loss=0.0000  abstain_class_balance=0.000  abstain_head_acc=1.000
[real_seed_r2_2] pilot 2 step  11600  lr=2.91e-03  loss=0.9128  val_acc={1: 1.0, 2: 1.0, 3: 1.0}  elapsed=988s  PASS  abstain_loss=0.0000  abstain_class_balance=0.000  abstain_head_acc=1.000
[real_seed_r2_2] pilot 2 step  11700  lr=2.91e-03  loss=0.7878  val_acc={1: 1.0, 2: 1.0, 3: 1.0}  elapsed=996s  PASS  abstain_loss=0.0000  abstain_class_balance=0.000  abstain_head_acc=1.000
[real_seed_r2_2] pilot 2 step  11800  lr=2.90e-03  loss=0.9184  val_acc={1: 1.0, 2: 1.0, 3: 1.0}  elapsed=1003s  PASS  abstain_loss=0.0000  abstain_class_balance=0.000  abstain_head_acc=1.000
[real_seed_r2_2] pilot 2 step  11900  lr=2.90e-03  loss=0.8568  val_acc={1: 1.0, 2: 1.0, 3: 1.0}  elapsed=1013s  PASS  abstain_loss=0.0000  abstain_class_balance=0.000  abstain_head_acc=1.000
[real_seed_r2_2] pilot 2 step  12000  lr=2.90e-03  loss=0.7693  val_acc={1: 1.0, 2: 1.0, 3: 1.0}  elapsed=1020s  PASS  abstain_loss=0.0000  abstain_class_balance=0.000  abstain_head_acc=1.000
[real_seed_r2_2] pilot 2 step  12100  lr=2.90e-03  loss=0.8983  val_acc={1: 1.0, 2: 1.0, 3: 1.0}  elapsed=1029s  PASS  abstain_loss=0.0000  abstain_class_balance=0.000  abstain_head_acc=1.000
[real_seed_r2_2] pilot 2 step  12200  lr=2.90e-03  loss=0.8632  val_acc={1: 1.0, 2: 1.0, 3: 1.0}  elapsed=1037s  PASS  abstain_loss=0.0003  abstain_class_balance=0.000  abstain_head_acc=1.000
[real_seed_r2_2] pilot 2 step  12300  lr=2.90e-03  loss=0.8180  val_acc={1: 1.0, 2: 1.0, 3: 1.0}  elapsed=1045s  PASS  abstain_loss=0.0001  abstain_class_balance=0.000  abstain_head_acc=1.000
[real_seed_r2_2] pilot 2 step  12400  lr=2.89e-03  loss=0.9339  val_acc={1: 1.0, 2: 1.0, 3: 1.0}  elapsed=1054s  PASS  abstain_loss=0.0000  abstain_class_balance=0.000  abstain_head_acc=1.000
[real_seed_r2_2] pilot 2 step  12500  lr=2.89e-03  loss=0.8861  val_acc={1: 1.0, 2: 1.0, 3: 1.0}  elapsed=1064s  PASS  abstain_loss=0.0000  abstain_class_balance=0.000  abstain_head_acc=1.000
[real_seed_r2_2] pilot 2 step  12600  lr=2.89e-03  loss=0.7904  val_acc={1: 1.0, 2: 1.0, 3: 1.0}  elapsed=1071s  PASS  abstain_loss=0.0000  abstain_class_balance=0.000  abstain_head_acc=1.000
[real_seed_r2_2] pilot 2 step  12700  lr=2.89e-03  loss=0.8951  val_acc={1: 1.0, 2: 1.0, 3: 1.0}  elapsed=1081s  PASS  abstain_loss=0.0000  abstain_class_balance=0.000  abstain_head_acc=1.000
[real_seed_r2_2] pilot 2 step  12800  lr=2.89e-03  loss=0.8541  val_acc={1: 1.0, 2: 1.0, 3: 1.0}  elapsed=1089s  PASS  abstain_loss=0.0000  abstain_class_balance=0.000  abstain_head_acc=1.000
[real_seed_r2_2] pilot 2 step  12900  lr=2.89e-03  loss=0.7461  val_acc={1: 1.0, 2: 1.0, 3: 1.0}  elapsed=1097s  PASS  abstain_loss=0.0000  abstain_class_balance=0.000  abstain_head_acc=1.000
[real_seed_r2_2] pilot 2 step  13000  lr=2.88e-03  loss=0.8766  val_acc={1: 1.0, 2: 1.0, 3: 1.0}  elapsed=1106s  PASS  abstain_loss=0.0000  abstain_class_balance=0.000  abstain_head_acc=1.000
[real_seed_r2_2] pilot 2 step  13100  lr=2.88e-03  loss=0.8407  val_acc={1: 1.0, 2: 1.0, 3: 1.0}  elapsed=1114s  PASS  abstain_loss=0.0000  abstain_class_balance=0.000  abstain_head_acc=1.000
[real_seed_r2_2] pilot 2 step  13200  lr=2.88e-03  loss=0.7479  val_acc={1: 1.0, 2: 1.0, 3: 1.0}  elapsed=1122s  PASS  abstain_loss=0.0000  abstain_class_balance=0.000  abstain_head_acc=1.000
[real_seed_r2_2] pilot 2 step  13300  lr=2.88e-03  loss=0.8677  val_acc={1: 1.0, 2: 1.0, 3: 1.0}  elapsed=1131s  PASS  abstain_loss=0.0000  abstain_class_balance=0.000  abstain_head_acc=1.000
[real_seed_r2_2] pilot 2 step  13400  lr=2.88e-03  loss=0.8491  val_acc={1: 1.0, 2: 1.0, 3: 1.0}  elapsed=1138s  PASS  abstain_loss=0.0000  abstain_class_balance=0.000  abstain_head_acc=1.000
[real_seed_r2_2] pilot 2 step  13500  lr=2.87e-03  loss=0.7452  val_acc={1: 1.0, 2: 1.0, 3: 1.0}  elapsed=1146s  PASS  abstain_loss=0.0033  abstain_class_balance=0.000  abstain_head_acc=1.000
[real_seed_r2_2] pilot 2 step  13600  lr=2.87e-03  loss=0.8748  val_acc={1: 1.0, 2: 1.0, 3: 1.0}  elapsed=1155s  PASS  abstain_loss=0.0000  abstain_class_balance=0.000  abstain_head_acc=1.000
[real_seed_r2_2] pilot 2 step  13700  lr=2.87e-03  loss=0.8358  val_acc={1: 1.0, 2: 1.0, 3: 1.0}  elapsed=1164s  PASS  abstain_loss=0.0000  abstain_class_balance=0.000  abstain_head_acc=1.000
[real_seed_r2_2] pilot 2 step  13800  lr=2.87e-03  loss=0.7309  val_acc={1: 1.0, 2: 1.0, 3: 1.0}  elapsed=1174s  PASS  abstain_loss=0.0001  abstain_class_balance=0.000  abstain_head_acc=1.000
[real_seed_r2_2] pilot 2 step  13900  lr=2.87e-03  loss=0.8604  val_acc={1: 1.0, 2: 1.0, 3: 1.0}  elapsed=1182s  PASS  abstain_loss=0.0000  abstain_class_balance=0.000  abstain_head_acc=1.000
[real_seed_r2_2] pilot 2 step  14000  lr=2.87e-03  loss=0.8352  val_acc={1: 1.0, 2: 1.0, 3: 1.0}  elapsed=1190s  PASS  abstain_loss=0.0000  abstain_class_balance=0.000  abstain_head_acc=1.000
[real_seed_r2_2] pilot 2 step  14100  lr=2.86e-03  loss=0.7508  val_acc={1: 1.0, 2: 1.0, 3: 1.0}  elapsed=1198s  PASS  abstain_loss=0.0001  abstain_class_balance=0.000  abstain_head_acc=1.000
[real_seed_r2_2] pilot 2 step  14200  lr=2.86e-03  loss=0.8591  val_acc={1: 1.0, 2: 1.0, 3: 1.0}  elapsed=1205s  PASS  abstain_loss=0.0000  abstain_class_balance=0.000  abstain_head_acc=1.000
[real_seed_r2_2] pilot 2 step  14300  lr=2.86e-03  loss=0.8245  val_acc={1: 1.0, 2: 1.0, 3: 1.0}  elapsed=1214s  PASS  abstain_loss=0.0000  abstain_class_balance=0.000  abstain_head_acc=1.000
[real_seed_r2_2] pilot 2 step  14400  lr=2.86e-03  loss=0.7433  val_acc={1: 1.0, 2: 1.0, 3: 1.0}  elapsed=1223s  PASS  abstain_loss=0.0001  abstain_class_balance=0.000  abstain_head_acc=1.000
[real_seed_r2_2] pilot 2 step  14500  lr=2.86e-03  loss=1.0329  val_acc={1: 1.0, 2: 1.0, 3: 1.0}  elapsed=1231s  PASS  abstain_loss=0.0000  abstain_class_balance=0.000  abstain_head_acc=1.000
[real_seed_r2_2] pilot 2 step  14600  lr=2.85e-03  loss=0.9198  val_acc={1: 1.0, 2: 1.0, 3: 1.0}  elapsed=1239s  PASS  abstain_loss=0.0007  abstain_class_balance=0.000  abstain_head_acc=1.000
[real_seed_r2_2] pilot 2 step  14700  lr=2.85e-03  loss=0.8293  val_acc={1: 1.0, 2: 1.0, 3: 1.0}  elapsed=1247s  PASS  abstain_loss=0.0006  abstain_class_balance=0.000  abstain_head_acc=1.000
[real_seed_r2_2] pilot 2 step  14800  lr=2.85e-03  loss=0.9183  val_acc={1: 1.0, 2: 1.0, 3: 1.0}  elapsed=1258s  PASS  abstain_loss=0.0000  abstain_class_balance=0.000  abstain_head_acc=1.000
[real_seed_r2_2] pilot 2 step  14900  lr=2.85e-03  loss=0.8773  val_acc={1: 1.0, 2: 1.0, 3: 1.0}  elapsed=1270s  PASS  abstain_loss=0.0000  abstain_class_balance=0.000  abstain_head_acc=1.000
[real_seed_r2_2] pilot 2 step  15000  lr=2.85e-03  loss=0.7653  val_acc={1: 1.0, 2: 1.0, 3: 1.0}  elapsed=1278s  PASS  abstain_loss=0.0000  abstain_class_balance=0.000  abstain_head_acc=1.000
[real_seed_r2_2] pilot 2 step  15100  lr=2.84e-03  loss=0.8884  val_acc={1: 1.0, 2: 1.0, 3: 1.0}  elapsed=1285s  PASS  abstain_loss=0.0000  abstain_class_balance=0.000  abstain_head_acc=1.000
[real_seed_r2_2] pilot 2 step  15200  lr=2.84e-03  loss=0.8543  val_acc={1: 1.0, 2: 1.0, 3: 1.0}  elapsed=1293s  PASS  abstain_loss=0.0000  abstain_class_balance=0.000  abstain_head_acc=1.000
[real_seed_r2_2] pilot 2 step  15300  lr=2.84e-03  loss=0.7586  val_acc={1: 1.0, 2: 1.0, 3: 1.0}  elapsed=1301s  PASS  abstain_loss=0.0000  abstain_class_balance=0.000  abstain_head_acc=1.000
[real_seed_r2_2] pilot 2 step  15400  lr=2.84e-03  loss=0.8745  val_acc={1: 1.0, 2: 1.0, 3: 1.0}  elapsed=1309s  PASS  abstain_loss=0.0000  abstain_class_balance=0.000  abstain_head_acc=1.000
[real_seed_r2_2] pilot 2 step  15500  lr=2.84e-03  loss=0.8429  val_acc={1: 1.0, 2: 1.0, 3: 1.0}  elapsed=1317s  PASS  abstain_loss=0.0000  abstain_class_balance=0.000  abstain_head_acc=1.000
[real_seed_r2_2] pilot 2 step  15600  lr=2.83e-03  loss=0.7528  val_acc={1: 1.0, 2: 1.0, 3: 1.0}  elapsed=1326s  PASS  abstain_loss=0.0000  abstain_class_balance=0.000  abstain_head_acc=1.000
[real_seed_r2_2] pilot 2 step  15700  lr=2.83e-03  loss=0.8591  val_acc={1: 1.0, 2: 1.0, 3: 1.0}  elapsed=1333s  PASS  abstain_loss=0.0000  abstain_class_balance=0.000  abstain_head_acc=1.000
[real_seed_r2_2] pilot 2 step  15800  lr=2.83e-03  loss=0.8279  val_acc={1: 1.0, 2: 1.0, 3: 1.0}  elapsed=1341s  PASS  abstain_loss=0.0000  abstain_class_balance=0.000  abstain_head_acc=1.000
[real_seed_r2_2] pilot 2 step  15900  lr=2.83e-03  loss=0.7366  val_acc={1: 1.0, 2: 1.0, 3: 1.0}  elapsed=1348s  PASS  abstain_loss=0.0000  abstain_class_balance=0.000  abstain_head_acc=1.000
[real_seed_r2_2] pilot 2 step  16000  lr=2.82e-03  loss=0.8583  val_acc={1: 1.0, 2: 1.0, 3: 1.0}  elapsed=1356s  PASS  abstain_loss=0.0000  abstain_class_balance=0.000  abstain_head_acc=1.000
[real_seed_r2_2] pilot 2 step  16100  lr=2.82e-03  loss=0.8294  val_acc={1: 1.0, 2: 1.0, 3: 1.0}  elapsed=1365s  PASS  abstain_loss=0.0000  abstain_class_balance=0.000  abstain_head_acc=1.000
[real_seed_r2_2] pilot 2 step  16200  lr=2.82e-03  loss=0.7385  val_acc={1: 1.0, 2: 1.0, 3: 1.0}  elapsed=1374s  PASS  abstain_loss=0.0001  abstain_class_balance=0.000  abstain_head_acc=1.000
[real_seed_r2_2] pilot 2 step  16300  lr=2.82e-03  loss=0.8633  val_acc={1: 1.0, 2: 1.0, 3: 1.0}  elapsed=1382s  PASS  abstain_loss=0.0000  abstain_class_balance=0.000  abstain_head_acc=1.000
[real_seed_r2_2] pilot 2 step  16400  lr=2.82e-03  loss=0.8291  val_acc={1: 1.0, 2: 1.0, 3: 1.0}  elapsed=1390s  PASS  abstain_loss=0.0000  abstain_class_balance=0.000  abstain_head_acc=1.000
[real_seed_r2_2] pilot 2 step  16500  lr=2.81e-03  loss=0.7374  val_acc={1: 1.0, 2: 1.0, 3: 1.0}  elapsed=1399s  PASS  abstain_loss=0.0000  abstain_class_balance=0.000  abstain_head_acc=1.000
[real_seed_r2_2] pilot 2 step  16600  lr=2.81e-03  loss=0.8543  val_acc={1: 1.0, 2: 1.0, 3: 1.0}  elapsed=1411s  PASS  abstain_loss=0.0000  abstain_class_balance=0.000  abstain_head_acc=1.000
[real_seed_r2_2] pilot 2 step  16700  lr=2.81e-03  loss=0.8303  val_acc={1: 1.0, 2: 1.0, 3: 1.0}  elapsed=1420s  PASS  abstain_loss=0.0000  abstain_class_balance=0.000  abstain_head_acc=1.000
[real_seed_r2_2] pilot 2 step  16800  lr=2.81e-03  loss=0.7367  val_acc={1: 1.0, 2: 1.0, 3: 1.0}  elapsed=1427s  PASS  abstain_loss=0.0004  abstain_class_balance=0.000  abstain_head_acc=1.000
[real_seed_r2_2] pilot 2 step  16900  lr=2.80e-03  loss=0.8661  val_acc={1: 1.0, 2: 1.0, 3: 1.0}  elapsed=1436s  PASS  abstain_loss=0.0000  abstain_class_balance=0.000  abstain_head_acc=1.000
[real_seed_r2_2] pilot 2 step  17000  lr=2.80e-03  loss=0.8338  val_acc={1: 1.0, 2: 1.0, 3: 1.0}  elapsed=1443s  PASS  abstain_loss=0.0000  abstain_class_balance=0.000  abstain_head_acc=1.000
[real_seed_r2_2] pilot 2 step  17100  lr=2.80e-03  loss=0.7339  val_acc={1: 1.0, 2: 1.0, 3: 1.0}  elapsed=1451s  PASS  abstain_loss=0.0000  abstain_class_balance=0.000  abstain_head_acc=1.000
[real_seed_r2_2] pilot 2 step  17200  lr=2.80e-03  loss=0.8555  val_acc={1: 1.0, 2: 1.0, 3: 1.0}  elapsed=1462s  PASS  abstain_loss=0.0000  abstain_class_balance=0.000  abstain_head_acc=1.000
[real_seed_r2_2] pilot 2 step  17300  lr=2.80e-03  loss=0.8237  val_acc={1: 1.0, 2: 1.0, 3: 1.0}  elapsed=1469s  PASS  abstain_loss=0.0000  abstain_class_balance=0.000  abstain_head_acc=1.000
[real_seed_r2_2] pilot 2 step  17400  lr=2.79e-03  loss=0.7288  val_acc={1: 1.0, 2: 1.0, 3: 1.0}  elapsed=1480s  PASS  abstain_loss=0.0006  abstain_class_balance=0.000  abstain_head_acc=1.000
[real_seed_r2_2] pilot 2 step  17500  lr=2.79e-03  loss=0.8478  val_acc={1: 1.0, 2: 1.0, 3: 1.0}  elapsed=1488s  PASS  abstain_loss=0.0000  abstain_class_balance=0.000  abstain_head_acc=1.000
[real_seed_r2_2] pilot 2 step  17600  lr=2.79e-03  loss=0.8270  val_acc={1: 1.0, 2: 1.0, 3: 1.0}  elapsed=1499s  PASS  abstain_loss=0.0000  abstain_class_balance=0.000  abstain_head_acc=1.000
[real_seed_r2_2] pilot 2 step  17700  lr=2.79e-03  loss=0.7428  val_acc={1: 1.0, 2: 1.0, 3: 1.0}  elapsed=1507s  PASS  abstain_loss=0.0001  abstain_class_balance=0.000  abstain_head_acc=1.000
[real_seed_r2_2] pilot 2 step  17800  lr=2.78e-03  loss=0.8587  val_acc={1: 1.0, 2: 1.0, 3: 1.0}  elapsed=1514s  PASS  abstain_loss=0.0000  abstain_class_balance=0.000  abstain_head_acc=1.000
[real_seed_r2_2] pilot 2 step  17900  lr=2.78e-03  loss=0.8283  val_acc={1: 1.0, 2: 1.0, 3: 1.0}  elapsed=1523s  PASS  abstain_loss=0.0000  abstain_class_balance=0.000  abstain_head_acc=1.000
[real_seed_r2_2] pilot 2 step  18000  lr=2.78e-03  loss=1.4057  val_acc={1: 1.0, 2: 1.0, 3: 1.0}  elapsed=1530s  PASS  abstain_loss=0.5849  abstain_class_balance=0.000  abstain_head_acc=0.906
[real_seed_r2_2] pilot 2 step  18100  lr=2.78e-03  loss=0.9462  val_acc={1: 1.0, 2: 1.0, 3: 1.0}  elapsed=1538s  PASS  abstain_loss=0.0000  abstain_class_balance=0.000  abstain_head_acc=1.000
[real_seed_r2_2] pilot 2 step  18200  lr=2.77e-03  loss=0.8827  val_acc={1: 1.0, 2: 1.0, 3: 1.0}  elapsed=1545s  PASS  abstain_loss=0.0000  abstain_class_balance=0.000  abstain_head_acc=1.000
[real_seed_r2_2] pilot 2 step  18300  lr=2.77e-03  loss=0.7695  val_acc={1: 1.0, 2: 1.0, 3: 1.0}  elapsed=1553s  PASS  abstain_loss=0.0001  abstain_class_balance=0.000  abstain_head_acc=1.000
[real_seed_r2_2] pilot 2 step  18400  lr=2.77e-03  loss=0.8955  val_acc={1: 1.0, 2: 1.0, 3: 1.0}  elapsed=1560s  PASS  abstain_loss=0.0000  abstain_class_balance=0.000  abstain_head_acc=1.000
[real_seed_r2_2] pilot 2 step  18500  lr=2.77e-03  loss=0.8590  val_acc={1: 1.0, 2: 1.0, 3: 1.0}  elapsed=1569s  PASS  abstain_loss=0.0000  abstain_class_balance=0.000  abstain_head_acc=1.000
[real_seed_r2_2] pilot 2 step  18600  lr=2.76e-03  loss=0.7635  val_acc={1: 1.0, 2: 1.0, 3: 1.0}  elapsed=1578s  PASS  abstain_loss=0.0000  abstain_class_balance=0.000  abstain_head_acc=1.000
[real_seed_r2_2] pilot 2 step  18700  lr=2.76e-03  loss=0.8834  val_acc={1: 1.0, 2: 1.0, 3: 1.0}  elapsed=1585s  PASS  abstain_loss=0.0000  abstain_class_balance=0.000  abstain_head_acc=1.000
[real_seed_r2_2] pilot 2 step  18800  lr=2.76e-03  loss=0.8310  val_acc={1: 1.0, 2: 1.0, 3: 1.0}  elapsed=1593s  PASS  abstain_loss=0.0000  abstain_class_balance=0.000  abstain_head_acc=1.000
[real_seed_r2_2] pilot 2 step  18900  lr=2.76e-03  loss=0.7396  val_acc={1: 1.0, 2: 1.0, 3: 1.0}  elapsed=1601s  PASS  abstain_loss=0.0000  abstain_class_balance=0.000  abstain_head_acc=1.000
[real_seed_r2_2] pilot 2 step  19000  lr=2.75e-03  loss=0.8880  val_acc={1: 1.0, 2: 1.0, 3: 1.0}  elapsed=1610s  PASS  abstain_loss=0.0000  abstain_class_balance=0.000  abstain_head_acc=1.000
[real_seed_r2_2] pilot 2 step  19100  lr=2.75e-03  loss=0.9100  val_acc={1: 1.0, 2: 1.0, 3: 1.0}  elapsed=1619s  PASS  abstain_loss=0.0000  abstain_class_balance=0.000  abstain_head_acc=1.000
[real_seed_r2_2] pilot 2 step  19200  lr=2.75e-03  loss=0.7713  val_acc={1: 1.0, 2: 1.0, 3: 1.0}  elapsed=1631s  PASS  abstain_loss=0.0010  abstain_class_balance=0.000  abstain_head_acc=1.000
[real_seed_r2_2] pilot 2 step  19300  lr=2.75e-03  loss=0.9093  val_acc={1: 1.0, 2: 1.0, 3: 1.0}  elapsed=1639s  PASS  abstain_loss=0.0000  abstain_class_balance=0.000  abstain_head_acc=1.000
[real_seed_r2_2] pilot 2 step  19400  lr=2.74e-03  loss=0.8789  val_acc={1: 1.0, 2: 1.0, 3: 1.0}  elapsed=1648s  PASS  abstain_loss=0.0000  abstain_class_balance=0.000  abstain_head_acc=1.000
[real_seed_r2_2] pilot 2 step  19500  lr=2.74e-03  loss=0.7607  val_acc={1: 1.0, 2: 1.0, 3: 1.0}  elapsed=1656s  PASS  abstain_loss=0.0000  abstain_class_balance=0.000  abstain_head_acc=1.000
[real_seed_r2_2] pilot 2 step  19600  lr=2.74e-03  loss=0.8811  val_acc={1: 1.0, 2: 1.0, 3: 1.0}  elapsed=1665s  PASS  abstain_loss=0.0000  abstain_class_balance=0.000  abstain_head_acc=1.000
[real_seed_r2_2] pilot 2 step  19700  lr=2.74e-03  loss=0.8632  val_acc={1: 1.0, 2: 1.0, 3: 1.0}  elapsed=1673s  PASS  abstain_loss=0.0000  abstain_class_balance=0.000  abstain_head_acc=1.000
[real_seed_r2_2] pilot 2 step  19800  lr=2.73e-03  loss=0.7571  val_acc={1: 1.0, 2: 1.0, 3: 1.0}  elapsed=1682s  PASS  abstain_loss=0.0000  abstain_class_balance=0.000  abstain_head_acc=1.000
[real_seed_r2_2] pilot 2 step  19900  lr=2.73e-03  loss=0.8790  val_acc={1: 1.0, 2: 1.0, 3: 1.0}  elapsed=1689s  PASS  abstain_loss=0.0000  abstain_class_balance=0.000  abstain_head_acc=1.000
[real_seed_r2_2] pilot 2 step  20000  lr=2.73e-03  loss=0.8359  val_acc={1: 1.0, 2: 1.0, 3: 1.0}  elapsed=1697s  PASS  abstain_loss=0.0000  abstain_class_balance=0.000  abstain_head_acc=1.000
[real_seed_r2_2] pilot 2 step  20100  lr=2.73e-03  loss=0.7476  val_acc={1: 1.0, 2: 1.0, 3: 1.0}  elapsed=1706s  PASS  abstain_loss=0.0000  abstain_class_balance=0.000  abstain_head_acc=1.000
[real_seed_r2_2] pilot 2 step  20200  lr=2.72e-03  loss=0.8680  val_acc={1: 1.0, 2: 1.0, 3: 1.0}  elapsed=1714s  PASS  abstain_loss=0.0000  abstain_class_balance=0.000  abstain_head_acc=1.000
[real_seed_r2_2] pilot 2 step  20300  lr=2.72e-03  loss=0.8396  val_acc={1: 1.0, 2: 1.0, 3: 1.0}  elapsed=1722s  PASS  abstain_loss=0.0000  abstain_class_balance=0.000  abstain_head_acc=1.000
[real_seed_r2_2] pilot 2 step  20400  lr=2.72e-03  loss=0.7416  val_acc={1: 1.0, 2: 1.0, 3: 1.0}  elapsed=1730s  PASS  abstain_loss=0.0000  abstain_class_balance=0.000  abstain_head_acc=1.000
[real_seed_r2_2] pilot 2 step  20500  lr=2.72e-03  loss=0.8605  val_acc={1: 1.0, 2: 1.0, 3: 1.0}  elapsed=1738s  PASS  abstain_loss=0.0000  abstain_class_balance=0.000  abstain_head_acc=1.000
[real_seed_r2_2] pilot 2 step  20600  lr=2.71e-03  loss=0.8364  val_acc={1: 1.0, 2: 1.0, 3: 1.0}  elapsed=1746s  PASS  abstain_loss=0.0000  abstain_class_balance=0.000  abstain_head_acc=1.000
[real_seed_r2_2] pilot 2 step  20700  lr=2.71e-03  loss=0.7331  val_acc={1: 1.0, 2: 1.0, 3: 1.0}  elapsed=1754s  PASS  abstain_loss=0.0001  abstain_class_balance=0.000  abstain_head_acc=1.000
[real_seed_r2_2] pilot 2 step  20800  lr=2.71e-03  loss=0.8518  val_acc={1: 1.0, 2: 1.0, 3: 1.0}  elapsed=1766s  PASS  abstain_loss=0.0000  abstain_class_balance=0.000  abstain_head_acc=1.000
[real_seed_r2_2] pilot 2 step  20900  lr=2.71e-03  loss=0.8212  val_acc={1: 1.0, 2: 1.0, 3: 1.0}  elapsed=1778s  PASS  abstain_loss=0.0000  abstain_class_balance=0.000  abstain_head_acc=1.000
[real_seed_r2_2] pilot 2 step  21000  lr=2.70e-03  loss=0.7341  val_acc={1: 1.0, 2: 1.0, 3: 1.0}  elapsed=1790s  PASS  abstain_loss=0.0000  abstain_class_balance=0.000  abstain_head_acc=1.000
[real_seed_r2_2] pilot 2 step  21100  lr=2.70e-03  loss=0.8550  val_acc={1: 1.0, 2: 1.0, 3: 1.0}  elapsed=1803s  PASS  abstain_loss=0.0000  abstain_class_balance=0.000  abstain_head_acc=1.000
[real_seed_r2_2] pilot 2 step  21200  lr=2.70e-03  loss=0.8188  val_acc={1: 1.0, 2: 1.0, 3: 1.0}  elapsed=1811s  PASS  abstain_loss=0.0000  abstain_class_balance=0.000  abstain_head_acc=1.000
[real_seed_r2_2] pilot 2 step  21300  lr=2.69e-03  loss=0.7345  val_acc={1: 1.0, 2: 1.0, 3: 1.0}  elapsed=1819s  PASS  abstain_loss=0.0004  abstain_class_balance=0.000  abstain_head_acc=1.000
[real_seed_r2_2] pilot 2 step  21400  lr=2.69e-03  loss=0.8549  val_acc={1: 1.0, 2: 1.0, 3: 1.0}  elapsed=1826s  PASS  abstain_loss=0.0000  abstain_class_balance=0.000  abstain_head_acc=1.000
[real_seed_r2_2] pilot 2 step  21500  lr=2.69e-03  loss=0.8225  val_acc={1: 1.0, 2: 1.0, 3: 1.0}  elapsed=1833s  PASS  abstain_loss=0.0000  abstain_class_balance=0.000  abstain_head_acc=1.000
[real_seed_r2_2] pilot 2 step  21600  lr=2.69e-03  loss=0.7384  val_acc={1: 1.0, 2: 1.0, 3: 1.0}  elapsed=1841s  PASS  abstain_loss=0.0000  abstain_class_balance=0.000  abstain_head_acc=1.000
[real_seed_r2_2] pilot 2 step  21700  lr=2.68e-03  loss=0.8495  val_acc={1: 1.0, 2: 1.0, 3: 1.0}  elapsed=1851s  PASS  abstain_loss=0.0000  abstain_class_balance=0.000  abstain_head_acc=1.000
[real_seed_r2_2] pilot 2 step  21800  lr=2.68e-03  loss=0.8308  val_acc={1: 1.0, 2: 1.0, 3: 1.0}  elapsed=1863s  PASS  abstain_loss=0.0000  abstain_class_balance=0.000  abstain_head_acc=1.000
[real_seed_r2_2] pilot 2 step  21900  lr=2.68e-03  loss=0.7319  val_acc={1: 1.0, 2: 1.0, 3: 1.0}  elapsed=1875s  PASS  abstain_loss=0.0000  abstain_class_balance=0.000  abstain_head_acc=1.000
[real_seed_r2_2] pilot 2 step  22000  lr=2.67e-03  loss=0.8559  val_acc={1: 1.0, 2: 1.0, 3: 1.0}  elapsed=1886s  PASS  abstain_loss=0.0000  abstain_class_balance=0.000  abstain_head_acc=1.000
[real_seed_r2_2] pilot 2 step  22100  lr=2.67e-03  loss=0.8116  val_acc={1: 1.0, 2: 1.0, 3: 1.0}  elapsed=1894s  PASS  abstain_loss=0.0000  abstain_class_balance=0.000  abstain_head_acc=1.000
[real_seed_r2_2] pilot 2 step  22200  lr=2.67e-03  loss=0.7270  val_acc={1: 1.0, 2: 1.0, 3: 1.0}  elapsed=1902s  PASS  abstain_loss=0.0000  abstain_class_balance=0.000  abstain_head_acc=1.000
[real_seed_r2_2] pilot 2 step  22300  lr=2.67e-03  loss=0.8484  val_acc={1: 1.0, 2: 1.0, 3: 1.0}  elapsed=1909s  PASS  abstain_loss=0.0000  abstain_class_balance=0.000  abstain_head_acc=1.000
[real_seed_r2_2] pilot 2 step  22400  lr=2.66e-03  loss=0.8216  val_acc={1: 1.0, 2: 1.0, 3: 1.0}  elapsed=1917s  PASS  abstain_loss=0.0000  abstain_class_balance=0.000  abstain_head_acc=1.000
[real_seed_r2_2] pilot 2 step  22500  lr=2.66e-03  loss=0.7241  val_acc={1: 1.0, 2: 1.0, 3: 1.0}  elapsed=1925s  PASS  abstain_loss=0.0000  abstain_class_balance=0.000  abstain_head_acc=1.000
[real_seed_r2_2] pilot 2 step  22600  lr=2.66e-03  loss=0.8450  val_acc={1: 1.0, 2: 1.0, 3: 1.0}  elapsed=1933s  PASS  abstain_loss=0.0000  abstain_class_balance=0.000  abstain_head_acc=1.000
[real_seed_r2_2] pilot 2 step  22700  lr=2.65e-03  loss=0.9834  val_acc={1: 1.0, 2: 1.0, 3: 1.0}  elapsed=1942s  PASS  abstain_loss=0.0000  abstain_class_balance=0.000  abstain_head_acc=1.000
[real_seed_r2_2] pilot 2 step  22800  lr=2.65e-03  loss=0.8094  val_acc={1: 1.0, 2: 1.0, 3: 1.0}  elapsed=1949s  PASS  abstain_loss=0.0026  abstain_class_balance=0.000  abstain_head_acc=1.000
[real_seed_r2_2] pilot 2 step  22900  lr=2.65e-03  loss=0.9196  val_acc={1: 1.0, 2: 1.0, 3: 1.0}  elapsed=1957s  PASS  abstain_loss=0.0000  abstain_class_balance=0.000  abstain_head_acc=1.000
[real_seed_r2_2] pilot 2 step  23000  lr=2.65e-03  loss=0.8684  val_acc={1: 1.0, 2: 1.0, 3: 1.0}  elapsed=1965s  PASS  abstain_loss=0.0000  abstain_class_balance=0.000  abstain_head_acc=1.000
[real_seed_r2_2] pilot 2 step  23100  lr=2.64e-03  loss=0.7692  val_acc={1: 1.0, 2: 1.0, 3: 1.0}  elapsed=1973s  PASS  abstain_loss=0.0000  abstain_class_balance=0.000  abstain_head_acc=1.000
[real_seed_r2_2] pilot 2 step  23200  lr=2.64e-03  loss=0.8885  val_acc={1: 1.0, 2: 1.0, 3: 1.0}  elapsed=1981s  PASS  abstain_loss=0.0000  abstain_class_balance=0.000  abstain_head_acc=1.000
[real_seed_r2_2] pilot 2 step  23300  lr=2.64e-03  loss=0.8564  val_acc={1: 1.0, 2: 1.0, 3: 1.0}  elapsed=1990s  PASS  abstain_loss=0.0000  abstain_class_balance=0.000  abstain_head_acc=1.000
[real_seed_r2_2] pilot 2 step  23400  lr=2.63e-03  loss=0.7629  val_acc={1: 1.0, 2: 1.0, 3: 1.0}  elapsed=1999s  PASS  abstain_loss=0.0000  abstain_class_balance=0.000  abstain_head_acc=1.000
[real_seed_r2_2] pilot 2 step  23500  lr=2.63e-03  loss=0.8754  val_acc={1: 1.0, 2: 1.0, 3: 1.0}  elapsed=2006s  PASS  abstain_loss=0.0000  abstain_class_balance=0.000  abstain_head_acc=1.000
[real_seed_r2_2] pilot 2 step  23600  lr=2.63e-03  loss=0.8524  val_acc={1: 1.0, 2: 1.0, 3: 1.0}  elapsed=2014s  PASS  abstain_loss=0.0000  abstain_class_balance=0.000  abstain_head_acc=1.000
[real_seed_r2_2] pilot 2 step  23700  lr=2.62e-03  loss=0.7446  val_acc={1: 1.0, 2: 1.0, 3: 1.0}  elapsed=2025s  PASS  abstain_loss=0.0000  abstain_class_balance=0.000  abstain_head_acc=1.000
[real_seed_r2_2] pilot 2 step  23800  lr=2.62e-03  loss=0.8631  val_acc={1: 1.0, 2: 1.0, 3: 1.0}  elapsed=2032s  PASS  abstain_loss=0.0000  abstain_class_balance=0.000  abstain_head_acc=1.000
[real_seed_r2_2] pilot 2 step  23900  lr=2.62e-03  loss=0.8445  val_acc={1: 1.0, 2: 1.0, 3: 1.0}  elapsed=2041s  PASS  abstain_loss=0.0000  abstain_class_balance=0.000  abstain_head_acc=1.000
[real_seed_r2_2] pilot 2 step  24000  lr=2.62e-03  loss=0.7420  val_acc={1: 1.0, 2: 1.0, 3: 1.0}  elapsed=2050s  PASS  abstain_loss=0.0000  abstain_class_balance=0.000  abstain_head_acc=1.000
[real_seed_r2_2] pilot 2 step  24100  lr=2.61e-03  loss=0.8598  val_acc={1: 1.0, 2: 1.0, 3: 1.0}  elapsed=2059s  PASS  abstain_loss=0.0000  abstain_class_balance=0.000  abstain_head_acc=1.000
[real_seed_r2_2] pilot 2 step  24200  lr=2.61e-03  loss=0.8305  val_acc={1: 1.0, 2: 1.0, 3: 1.0}  elapsed=2067s  PASS  abstain_loss=0.0000  abstain_class_balance=0.000  abstain_head_acc=1.000
[real_seed_r2_2] pilot 2 step  24300  lr=2.61e-03  loss=0.7479  val_acc={1: 1.0, 2: 1.0, 3: 1.0}  elapsed=2075s  PASS  abstain_loss=0.0000  abstain_class_balance=0.000  abstain_head_acc=1.000
[real_seed_r2_2] pilot 2 step  24400  lr=2.60e-03  loss=0.8631  val_acc={1: 1.0, 2: 1.0, 3: 1.0}  elapsed=2083s  PASS  abstain_loss=0.0000  abstain_class_balance=0.000  abstain_head_acc=1.000
[real_seed_r2_2] pilot 2 step  24500  lr=2.60e-03  loss=0.8214  val_acc={1: 1.0, 2: 1.0, 3: 1.0}  elapsed=2091s  PASS  abstain_loss=0.0000  abstain_class_balance=0.000  abstain_head_acc=1.000
[real_seed_r2_2] pilot 2 step  24600  lr=2.60e-03  loss=0.7291  val_acc={1: 1.0, 2: 1.0, 3: 1.0}  elapsed=2100s  PASS  abstain_loss=0.0000  abstain_class_balance=0.000  abstain_head_acc=1.000
[real_seed_r2_2] pilot 2 step  24700  lr=2.59e-03  loss=0.8534  val_acc={1: 1.0, 2: 1.0, 3: 1.0}  elapsed=2108s  PASS  abstain_loss=0.0000  abstain_class_balance=0.000  abstain_head_acc=1.000
[real_seed_r2_2] pilot 2 step  24800  lr=2.59e-03  loss=0.8312  val_acc={1: 1.0, 2: 1.0, 3: 1.0}  elapsed=2116s  PASS  abstain_loss=0.0000  abstain_class_balance=0.000  abstain_head_acc=1.000
[real_seed_r2_2] pilot 2 step  24900  lr=2.59e-03  loss=0.7214  val_acc={1: 1.0, 2: 1.0, 3: 1.0}  elapsed=2126s  PASS  abstain_loss=0.0001  abstain_class_balance=0.000  abstain_head_acc=1.000
[real_seed_r2_2] pilot 2 step  25000  lr=2.58e-03  loss=0.8393  val_acc={1: 1.0, 2: 1.0, 3: 1.0}  elapsed=2133s  PASS  abstain_loss=0.0000  abstain_class_balance=0.000  abstain_head_acc=1.000
[real_seed_r2_2] pilot 2 step  25100  lr=2.58e-03  loss=0.8219  val_acc={1: 1.0, 2: 1.0, 3: 1.0}  elapsed=2141s  PASS  abstain_loss=0.0000  abstain_class_balance=0.000  abstain_head_acc=1.000
[real_seed_r2_2] pilot 2 step  25200  lr=2.58e-03  loss=0.7227  val_acc={1: 1.0, 2: 1.0, 3: 1.0}  elapsed=2149s  PASS  abstain_loss=0.0001  abstain_class_balance=0.000  abstain_head_acc=1.000
[real_seed_r2_2] pilot 2 step  25300  lr=2.57e-03  loss=0.8451  val_acc={1: 1.0, 2: 1.0, 3: 1.0}  elapsed=2159s  PASS  abstain_loss=0.0000  abstain_class_balance=0.000  abstain_head_acc=1.000
[real_seed_r2_2] pilot 2 step  25400  lr=2.57e-03  loss=0.8028  val_acc={1: 1.0, 2: 1.0, 3: 1.0}  elapsed=2167s  PASS  abstain_loss=0.0000  abstain_class_balance=0.000  abstain_head_acc=1.000
[real_seed_r2_2] pilot 2 step  25500  lr=2.57e-03  loss=0.7153  val_acc={1: 1.0, 2: 1.0, 3: 1.0}  elapsed=2175s  PASS  abstain_loss=0.0000  abstain_class_balance=0.000  abstain_head_acc=1.000
[real_seed_r2_2] pilot 2 step  25600  lr=2.57e-03  loss=0.8312  val_acc={1: 1.0, 2: 1.0, 3: 1.0}  elapsed=2182s  PASS  abstain_loss=0.0000  abstain_class_balance=0.000  abstain_head_acc=1.000
[real_seed_r2_2] pilot 2 step  25700  lr=2.56e-03  loss=0.8185  val_acc={1: 1.0, 2: 1.0, 3: 1.0}  elapsed=2191s  PASS  abstain_loss=0.0000  abstain_class_balance=0.000  abstain_head_acc=1.000
[real_seed_r2_2] pilot 2 step  25800  lr=2.56e-03  loss=0.7221  val_acc={1: 1.0, 2: 1.0, 3: 1.0}  elapsed=2200s  PASS  abstain_loss=0.0000  abstain_class_balance=0.000  abstain_head_acc=1.000
[real_seed_r2_2] pilot 2 step  25900  lr=2.56e-03  loss=0.8400  val_acc={1: 1.0, 2: 1.0, 3: 1.0}  elapsed=2209s  PASS  abstain_loss=0.0000  abstain_class_balance=0.000  abstain_head_acc=1.000
[real_seed_r2_2] pilot 2 step  26000  lr=2.55e-03  loss=0.8150  val_acc={1: 1.0, 2: 1.0, 3: 1.0}  elapsed=2217s  PASS  abstain_loss=0.0000  abstain_class_balance=0.000  abstain_head_acc=1.000
[real_seed_r2_2] pilot 2 step  26100  lr=2.55e-03  loss=0.7236  val_acc={1: 1.0, 2: 1.0, 3: 1.0}  elapsed=2224s  PASS  abstain_loss=0.0000  abstain_class_balance=0.000  abstain_head_acc=1.000
[real_seed_r2_2] pilot 2 step  26200  lr=2.55e-03  loss=0.8417  val_acc={1: 1.0, 2: 1.0, 3: 1.0}  elapsed=2232s  PASS  abstain_loss=0.0000  abstain_class_balance=0.000  abstain_head_acc=1.000
[real_seed_r2_2] pilot 2 step  26300  lr=2.54e-03  loss=0.8059  val_acc={1: 1.0, 2: 1.0, 3: 1.0}  elapsed=2240s  PASS  abstain_loss=0.0000  abstain_class_balance=0.000  abstain_head_acc=1.000
[real_seed_r2_2] pilot 2 step  26400  lr=2.54e-03  loss=0.7192  val_acc={1: 1.0, 2: 1.0, 3: 1.0}  elapsed=2248s  PASS  abstain_loss=0.0000  abstain_class_balance=0.000  abstain_head_acc=1.000
[real_seed_r2_2] pilot 2 step  26500  lr=2.54e-03  loss=0.8316  val_acc={1: 1.0, 2: 1.0, 3: 1.0}  elapsed=2257s  PASS  abstain_loss=0.0000  abstain_class_balance=0.000  abstain_head_acc=1.000
[real_seed_r2_2] pilot 2 step  26600  lr=2.53e-03  loss=0.8105  val_acc={1: 1.0, 2: 1.0, 3: 1.0}  elapsed=2265s  PASS  abstain_loss=0.0000  abstain_class_balance=0.000  abstain_head_acc=1.000
[real_seed_r2_2] pilot 2 step  26700  lr=2.53e-03  loss=0.7102  val_acc={1: 1.0, 2: 1.0, 3: 1.0}  elapsed=2273s  PASS  abstain_loss=0.0000  abstain_class_balance=0.000  abstain_head_acc=1.000
[real_seed_r2_2] pilot 2 step  26800  lr=2.53e-03  loss=0.8379  val_acc={1: 1.0, 2: 1.0, 3: 1.0}  elapsed=2281s  PASS  abstain_loss=0.0000  abstain_class_balance=0.000  abstain_head_acc=1.000
[real_seed_r2_2] pilot 2 step  26900  lr=2.52e-03  loss=0.8099  val_acc={1: 1.0, 2: 1.0, 3: 1.0}  elapsed=2289s  PASS  abstain_loss=0.0000  abstain_class_balance=0.000  abstain_head_acc=1.000
[real_seed_r2_2] pilot 2 step  27000  lr=2.52e-03  loss=0.7796  val_acc={1: 1.0, 2: 1.0, 3: 1.0}  elapsed=2297s  PASS  abstain_loss=0.0013  abstain_class_balance=0.000  abstain_head_acc=1.000
[real_seed_r2_2] pilot 2 step  27100  lr=2.52e-03  loss=0.9065  val_acc={1: 1.0, 2: 1.0, 3: 1.0}  elapsed=2310s  PASS  abstain_loss=0.0000  abstain_class_balance=0.000  abstain_head_acc=1.000
[real_seed_r2_2] pilot 2 step  27200  lr=2.51e-03  loss=0.8708  val_acc={1: 1.0, 2: 1.0, 3: 1.0}  elapsed=2316s  PASS  abstain_loss=0.0000  abstain_class_balance=0.000  abstain_head_acc=1.000
[real_seed_r2_2] pilot 2 step  27300  lr=2.51e-03  loss=0.7445  val_acc={1: 1.0, 2: 1.0, 3: 1.0}  elapsed=2324s  PASS  abstain_loss=0.0000  abstain_class_balance=0.000  abstain_head_acc=1.000
[real_seed_r2_2] pilot 2 step  27400  lr=2.51e-03  loss=0.8848  val_acc={1: 1.0, 2: 1.0, 3: 1.0}  elapsed=2331s  PASS  abstain_loss=0.0000  abstain_class_balance=0.000  abstain_head_acc=1.000
[real_seed_r2_2] pilot 2 step  27500  lr=2.50e-03  loss=0.8352  val_acc={1: 1.0, 2: 1.0, 3: 1.0}  elapsed=2341s  PASS  abstain_loss=0.0000  abstain_class_balance=0.000  abstain_head_acc=1.000
[real_seed_r2_2] pilot 2 step  27600  lr=2.50e-03  loss=0.7485  val_acc={1: 1.0, 2: 1.0, 3: 1.0}  elapsed=2349s  PASS  abstain_loss=0.0000  abstain_class_balance=0.000  abstain_head_acc=1.000
[real_seed_r2_2] pilot 2 step  27700  lr=2.50e-03  loss=0.8626  val_acc={1: 1.0, 2: 1.0, 3: 1.0}  elapsed=2357s  PASS  abstain_loss=0.0000  abstain_class_balance=0.000  abstain_head_acc=1.000
[real_seed_r2_2] pilot 2 step  27800  lr=2.49e-03  loss=0.8313  val_acc={1: 1.0, 2: 1.0, 3: 1.0}  elapsed=2365s  PASS  abstain_loss=0.0000  abstain_class_balance=0.000  abstain_head_acc=1.000
[real_seed_r2_2] pilot 2 step  27900  lr=2.49e-03  loss=0.7378  val_acc={1: 1.0, 2: 1.0, 3: 1.0}  elapsed=2374s  PASS  abstain_loss=0.0001  abstain_class_balance=0.000  abstain_head_acc=1.000
[real_seed_r2_2] pilot 2 step  28000  lr=2.48e-03  loss=0.8674  val_acc={1: 1.0, 2: 1.0, 3: 1.0}  elapsed=2382s  PASS  abstain_loss=0.0000  abstain_class_balance=0.000  abstain_head_acc=1.000
[real_seed_r2_2] pilot 2 step  28100  lr=2.48e-03  loss=0.8321  val_acc={1: 1.0, 2: 1.0, 3: 1.0}  elapsed=2391s  PASS  abstain_loss=0.0000  abstain_class_balance=0.000  abstain_head_acc=1.000
[real_seed_r2_2] pilot 2 step  28200  lr=2.48e-03  loss=0.7285  val_acc={1: 1.0, 2: 1.0, 3: 1.0}  elapsed=2401s  PASS  abstain_loss=0.0000  abstain_class_balance=0.000  abstain_head_acc=1.000
[real_seed_r2_2] pilot 2 step  28300  lr=2.47e-03  loss=0.8487  val_acc={1: 1.0, 2: 1.0, 3: 1.0}  elapsed=2412s  PASS  abstain_loss=0.0000  abstain_class_balance=0.000  abstain_head_acc=1.000
[real_seed_r2_2] pilot 2 step  28400  lr=2.47e-03  loss=0.8144  val_acc={1: 1.0, 2: 1.0, 3: 1.0}  elapsed=2419s  PASS  abstain_loss=0.0000  abstain_class_balance=0.000  abstain_head_acc=1.000
[real_seed_r2_2] pilot 2 step  28500  lr=2.47e-03  loss=0.7270  val_acc={1: 1.0, 2: 1.0, 3: 1.0}  elapsed=2427s  PASS  abstain_loss=0.0000  abstain_class_balance=0.000  abstain_head_acc=1.000
[real_seed_r2_2] pilot 2 step  28600  lr=2.46e-03  loss=0.8496  val_acc={1: 1.0, 2: 1.0, 3: 1.0}  elapsed=2434s  PASS  abstain_loss=0.0000  abstain_class_balance=0.000  abstain_head_acc=1.000
[real_seed_r2_2] pilot 2 step  28700  lr=2.46e-03  loss=0.8219  val_acc={1: 1.0, 2: 1.0, 3: 1.0}  elapsed=2444s  PASS  abstain_loss=0.0000  abstain_class_balance=0.000  abstain_head_acc=1.000
[real_seed_r2_2] pilot 2 step  28800  lr=2.46e-03  loss=0.7189  val_acc={1: 1.0, 2: 1.0, 3: 1.0}  elapsed=2453s  PASS  abstain_loss=0.0000  abstain_class_balance=0.000  abstain_head_acc=1.000
[real_seed_r2_2] pilot 2 step  28900  lr=2.45e-03  loss=0.8557  val_acc={1: 1.0, 2: 1.0, 3: 1.0}  elapsed=2460s  PASS  abstain_loss=0.0000  abstain_class_balance=0.000  abstain_head_acc=1.000
[real_seed_r2_2] pilot 2 step  29000  lr=2.45e-03  loss=0.8231  val_acc={1: 1.0, 2: 1.0, 3: 1.0}  elapsed=2469s  PASS  abstain_loss=0.0000  abstain_class_balance=0.000  abstain_head_acc=1.000
[real_seed_r2_2] pilot 2 step  29100  lr=2.45e-03  loss=0.7262  val_acc={1: 1.0, 2: 1.0, 3: 1.0}  elapsed=2476s  PASS  abstain_loss=0.0000  abstain_class_balance=0.000  abstain_head_acc=1.000
[real_seed_r2_2] pilot 2 step  29200  lr=2.44e-03  loss=0.8402  val_acc={1: 1.0, 2: 1.0, 3: 1.0}  elapsed=2484s  PASS  abstain_loss=0.0000  abstain_class_balance=0.000  abstain_head_acc=1.000
[real_seed_r2_2] pilot 2 step  29300  lr=2.44e-03  loss=0.8246  val_acc={1: 1.0, 2: 1.0, 3: 1.0}  elapsed=2493s  PASS  abstain_loss=0.0000  abstain_class_balance=0.000  abstain_head_acc=1.000
[real_seed_r2_2] pilot 2 step  29400  lr=2.44e-03  loss=0.7238  val_acc={1: 1.0, 2: 1.0, 3: 1.0}  elapsed=2501s  PASS  abstain_loss=0.0000  abstain_class_balance=0.000  abstain_head_acc=1.000
[real_seed_r2_2] pilot 2 step  29500  lr=2.43e-03  loss=0.8409  val_acc={1: 1.0, 2: 1.0, 3: 1.0}  elapsed=2509s  PASS  abstain_loss=0.0000  abstain_class_balance=0.000  abstain_head_acc=1.000
[real_seed_r2_2] pilot 2 step  29600  lr=2.43e-03  loss=0.8712  val_acc={1: 1.0, 2: 1.0, 3: 1.0}  elapsed=2517s  PASS  abstain_loss=0.0000  abstain_class_balance=0.000  abstain_head_acc=1.000
[real_seed_r2_2] pilot 2 step  29700  lr=2.43e-03  loss=0.8189  val_acc={1: 1.0, 2: 1.0, 3: 1.0}  elapsed=2525s  PASS  abstain_loss=0.0617  abstain_class_balance=0.000  abstain_head_acc=0.969
[real_seed_r2_2] pilot 2 step  29800  lr=2.42e-03  loss=0.8821  val_acc={1: 1.0, 2: 1.0, 3: 1.0}  elapsed=2534s  PASS  abstain_loss=0.0000  abstain_class_balance=0.000  abstain_head_acc=1.000
[real_seed_r2_2] pilot 2 step  29900  lr=2.42e-03  loss=0.8560  val_acc={1: 1.0, 2: 1.0, 3: 1.0}  elapsed=2543s  PASS  abstain_loss=0.0000  abstain_class_balance=0.000  abstain_head_acc=1.000
[real_seed_r2_2] pilot 2 step  30000  lr=2.41e-03  loss=0.7432  val_acc={1: 1.0, 2: 1.0, 3: 1.0}  elapsed=2552s  PASS  abstain_loss=0.0000  abstain_class_balance=0.000  abstain_head_acc=1.000
[real_seed_r2_2] pilot 2 step  30100  lr=2.41e-03  loss=0.8635  val_acc={1: 1.0, 2: 1.0, 3: 1.0}  elapsed=2560s  PASS  abstain_loss=0.0000  abstain_class_balance=0.000  abstain_head_acc=1.000
[real_seed_r2_2] pilot 2 step  30200  lr=2.41e-03  loss=0.8322  val_acc={1: 1.0, 2: 1.0, 3: 1.0}  elapsed=2568s  PASS  abstain_loss=0.0000  abstain_class_balance=0.000  abstain_head_acc=1.000
[real_seed_r2_2] pilot 2 step  30300  lr=2.40e-03  loss=0.7354  val_acc={1: 1.0, 2: 1.0, 3: 1.0}  elapsed=2576s  PASS  abstain_loss=0.0000  abstain_class_balance=0.000  abstain_head_acc=1.000
[real_seed_r2_2] pilot 2 step  30400  lr=2.40e-03  loss=0.8517  val_acc={1: 1.0, 2: 1.0, 3: 1.0}  elapsed=2587s  PASS  abstain_loss=0.0000  abstain_class_balance=0.000  abstain_head_acc=1.000
[real_seed_r2_2] pilot 2 step  30500  lr=2.40e-03  loss=0.8300  val_acc={1: 1.0, 2: 1.0, 3: 1.0}  elapsed=2599s  PASS  abstain_loss=0.0000  abstain_class_balance=0.000  abstain_head_acc=1.000
[real_seed_r2_2] pilot 2 step  30600  lr=2.39e-03  loss=0.7299  val_acc={1: 1.0, 2: 1.0, 3: 1.0}  elapsed=2608s  PASS  abstain_loss=0.0000  abstain_class_balance=0.000  abstain_head_acc=1.000
[real_seed_r2_2] pilot 2 step  30700  lr=2.39e-03  loss=0.8614  val_acc={1: 1.0, 2: 1.0, 3: 1.0}  elapsed=2616s  PASS  abstain_loss=0.0000  abstain_class_balance=0.000  abstain_head_acc=1.000
[real_seed_r2_2] pilot 2 step  30800  lr=2.38e-03  loss=0.8134  val_acc={1: 1.0, 2: 1.0, 3: 1.0}  elapsed=2625s  PASS  abstain_loss=0.0000  abstain_class_balance=0.000  abstain_head_acc=1.000
[real_seed_r2_2] pilot 2 step  30900  lr=2.38e-03  loss=0.7261  val_acc={1: 1.0, 2: 1.0, 3: 1.0}  elapsed=2633s  PASS  abstain_loss=0.0000  abstain_class_balance=0.000  abstain_head_acc=1.000
[real_seed_r2_2] pilot 2 step  31000  lr=2.38e-03  loss=0.8550  val_acc={1: 1.0, 2: 1.0, 3: 1.0}  elapsed=2641s  PASS  abstain_loss=0.0000  abstain_class_balance=0.000  abstain_head_acc=1.000
[real_seed_r2_2] pilot 2 step  31100  lr=2.37e-03  loss=0.8281  val_acc={1: 1.0, 2: 1.0, 3: 1.0}  elapsed=2649s  PASS  abstain_loss=0.0000  abstain_class_balance=0.000  abstain_head_acc=1.000
[real_seed_r2_2] pilot 2 step  31200  lr=2.37e-03  loss=0.7214  val_acc={1: 1.0, 2: 1.0, 3: 1.0}  elapsed=2657s  PASS  abstain_loss=0.0000  abstain_class_balance=0.000  abstain_head_acc=1.000
[real_seed_r2_2] pilot 2 step  31300  lr=2.37e-03  loss=0.8496  val_acc={1: 1.0, 2: 1.0, 3: 1.0}  elapsed=2664s  PASS  abstain_loss=0.0000  abstain_class_balance=0.000  abstain_head_acc=1.000
[real_seed_r2_2] pilot 2 step  31400  lr=2.36e-03  loss=0.8219  val_acc={1: 1.0, 2: 1.0, 3: 1.0}  elapsed=2673s  PASS  abstain_loss=0.0000  abstain_class_balance=0.000  abstain_head_acc=1.000
[real_seed_r2_2] pilot 2 step  31500  lr=2.36e-03  loss=0.7217  val_acc={1: 1.0, 2: 1.0, 3: 1.0}  elapsed=2681s  PASS  abstain_loss=0.0000  abstain_class_balance=0.000  abstain_head_acc=1.000
[real_seed_r2_2] pilot 2 step  31600  lr=2.36e-03  loss=0.8449  val_acc={1: 1.0, 2: 1.0, 3: 1.0}  elapsed=2689s  PASS  abstain_loss=0.0000  abstain_class_balance=0.000  abstain_head_acc=1.000
[real_seed_r2_2] pilot 2 step  31700  lr=2.35e-03  loss=0.8062  val_acc={1: 1.0, 2: 1.0, 3: 1.0}  elapsed=2697s  PASS  abstain_loss=0.0000  abstain_class_balance=0.000  abstain_head_acc=1.000
[real_seed_r2_2] pilot 2 step  31800  lr=2.35e-03  loss=0.7183  val_acc={1: 1.0, 2: 1.0, 3: 1.0}  elapsed=2707s  PASS  abstain_loss=0.0001  abstain_class_balance=0.000  abstain_head_acc=1.000
[real_seed_r2_2] pilot 2 step  31900  lr=2.34e-03  loss=0.8398  val_acc={1: 1.0, 2: 1.0, 3: 1.0}  elapsed=2715s  PASS  abstain_loss=0.0000  abstain_class_balance=0.000  abstain_head_acc=1.000
[real_seed_r2_2] pilot 2 step  32000  lr=2.34e-03  loss=0.8116  val_acc={1: 1.0, 2: 1.0, 3: 1.0}  elapsed=2723s  PASS  abstain_loss=0.0000  abstain_class_balance=0.000  abstain_head_acc=1.000
[real_seed_r2_2] pilot 2 step  32100  lr=2.34e-03  loss=0.7292  val_acc={1: 1.0, 2: 1.0, 3: 1.0}  elapsed=2731s  PASS  abstain_loss=0.0000  abstain_class_balance=0.000  abstain_head_acc=1.000
[real_seed_r2_2] pilot 2 step  32200  lr=2.33e-03  loss=0.8567  val_acc={1: 1.0, 2: 1.0, 3: 1.0}  elapsed=2741s  PASS  abstain_loss=0.0000  abstain_class_balance=0.000  abstain_head_acc=1.000
[real_seed_r2_2] pilot 2 step  32300  lr=2.33e-03  loss=0.8366  val_acc={1: 1.0, 2: 1.0, 3: 1.0}  elapsed=2749s  PASS  abstain_loss=0.0000  abstain_class_balance=0.000  abstain_head_acc=1.000
[real_seed_r2_2] pilot 2 step  32400  lr=2.32e-03  loss=0.7325  val_acc={1: 1.0, 2: 1.0, 3: 1.0}  elapsed=2758s  PASS  abstain_loss=0.0000  abstain_class_balance=0.000  abstain_head_acc=1.000
[real_seed_r2_2] pilot 2 step  32500  lr=2.32e-03  loss=0.8532  val_acc={1: 1.0, 2: 1.0, 3: 1.0}  elapsed=2767s  PASS  abstain_loss=0.0000  abstain_class_balance=0.000  abstain_head_acc=1.000
[real_seed_r2_2] pilot 2 step  32600  lr=2.32e-03  loss=0.8397  val_acc={1: 1.0, 2: 1.0, 3: 1.0}  elapsed=2775s  PASS  abstain_loss=0.0000  abstain_class_balance=0.000  abstain_head_acc=1.000
[real_seed_r2_2] pilot 2 step  32700  lr=2.31e-03  loss=0.7160  val_acc={1: 1.0, 2: 1.0, 3: 1.0}  elapsed=2784s  PASS  abstain_loss=0.0000  abstain_class_balance=0.000  abstain_head_acc=1.000
[real_seed_r2_2] pilot 2 step  32800  lr=2.31e-03  loss=0.8500  val_acc={1: 1.0, 2: 1.0, 3: 1.0}  elapsed=2794s  PASS  abstain_loss=0.0000  abstain_class_balance=0.000  abstain_head_acc=1.000
[real_seed_r2_2] pilot 2 step  32900  lr=2.31e-03  loss=0.8140  val_acc={1: 1.0, 2: 1.0, 3: 1.0}  elapsed=2801s  PASS  abstain_loss=0.0000  abstain_class_balance=0.000  abstain_head_acc=1.000
[real_seed_r2_2] pilot 2 step  33000  lr=2.30e-03  loss=0.7308  val_acc={1: 1.0, 2: 1.0, 3: 1.0}  elapsed=2810s  PASS  abstain_loss=0.0000  abstain_class_balance=0.000  abstain_head_acc=1.000
[real_seed_r2_2] pilot 2 step  33100  lr=2.30e-03  loss=0.8461  val_acc={1: 1.0, 2: 1.0, 3: 1.0}  elapsed=2818s  PASS  abstain_loss=0.0000  abstain_class_balance=0.000  abstain_head_acc=1.000
[real_seed_r2_2] pilot 2 step  33200  lr=2.29e-03  loss=0.8092  val_acc={1: 1.0, 2: 1.0, 3: 1.0}  elapsed=2825s  PASS  abstain_loss=0.0000  abstain_class_balance=0.000  abstain_head_acc=1.000
[real_seed_r2_2] pilot 2 step  33300  lr=2.29e-03  loss=0.7183  val_acc={1: 1.0, 2: 1.0, 3: 1.0}  elapsed=2834s  PASS  abstain_loss=0.0000  abstain_class_balance=0.000  abstain_head_acc=1.000
[real_seed_r2_2] pilot 2 step  33400  lr=2.29e-03  loss=0.8374  val_acc={1: 1.0, 2: 1.0, 3: 1.0}  elapsed=2842s  PASS  abstain_loss=0.0000  abstain_class_balance=0.000  abstain_head_acc=1.000
[real_seed_r2_2] pilot 2 step  33500  lr=2.28e-03  loss=0.8148  val_acc={1: 1.0, 2: 1.0, 3: 1.0}  elapsed=2851s  PASS  abstain_loss=0.0000  abstain_class_balance=0.000  abstain_head_acc=1.000
[real_seed_r2_2] pilot 2 step  33600  lr=2.28e-03  loss=0.7205  val_acc={1: 1.0, 2: 1.0, 3: 1.0}  elapsed=2858s  PASS  abstain_loss=0.0000  abstain_class_balance=0.000  abstain_head_acc=1.000
[real_seed_r2_2] pilot 2 step  33700  lr=2.27e-03  loss=0.8356  val_acc={1: 1.0, 2: 1.0, 3: 1.0}  elapsed=2867s  PASS  abstain_loss=0.0000  abstain_class_balance=0.000  abstain_head_acc=1.000
[real_seed_r2_2] pilot 2 step  33800  lr=2.27e-03  loss=0.8147  val_acc={1: 1.0, 2: 1.0, 3: 1.0}  elapsed=2876s  PASS  abstain_loss=0.0000  abstain_class_balance=0.000  abstain_head_acc=1.000
[real_seed_r2_2] pilot 2 step  33900  lr=2.27e-03  loss=0.7244  val_acc={1: 1.0, 2: 1.0, 3: 1.0}  elapsed=2884s  PASS  abstain_loss=0.0000  abstain_class_balance=0.000  abstain_head_acc=1.000
[real_seed_r2_2] pilot 2 step  34000  lr=2.26e-03  loss=0.8316  val_acc={1: 1.0, 2: 1.0, 3: 1.0}  elapsed=2892s  PASS  abstain_loss=0.0000  abstain_class_balance=0.000  abstain_head_acc=1.000
[real_seed_r2_2] pilot 2 step  34100  lr=2.26e-03  loss=0.7992  val_acc={1: 1.0, 2: 1.0, 3: 1.0}  elapsed=2900s  PASS  abstain_loss=0.0000  abstain_class_balance=0.000  abstain_head_acc=1.000
[real_seed_r2_2] pilot 2 step  34200  lr=2.25e-03  loss=0.7127  val_acc={1: 1.0, 2: 1.0, 3: 1.0}  elapsed=2910s  PASS  abstain_loss=0.0000  abstain_class_balance=0.000  abstain_head_acc=1.000
[real_seed_r2_2] pilot 2 step  34300  lr=2.25e-03  loss=0.8280  val_acc={1: 1.0, 2: 1.0, 3: 1.0}  elapsed=2917s  PASS  abstain_loss=0.0000  abstain_class_balance=0.000  abstain_head_acc=1.000
[real_seed_r2_2] pilot 2 step  34400  lr=2.25e-03  loss=0.8074  val_acc={1: 1.0, 2: 1.0, 3: 1.0}  elapsed=2929s  PASS  abstain_loss=0.0000  abstain_class_balance=0.000  abstain_head_acc=1.000
[real_seed_r2_2] pilot 2 step  34500  lr=2.24e-03  loss=0.7290  val_acc={1: 1.0, 2: 1.0, 3: 1.0}  elapsed=2941s  PASS  abstain_loss=0.0000  abstain_class_balance=0.000  abstain_head_acc=1.000
[real_seed_r2_2] pilot 2 step  34600  lr=2.24e-03  loss=0.8371  val_acc={1: 1.0, 2: 1.0, 3: 1.0}  elapsed=2949s  PASS  abstain_loss=0.0000  abstain_class_balance=0.000  abstain_head_acc=1.000
[real_seed_r2_2] pilot 2 step  34700  lr=2.24e-03  loss=0.8119  val_acc={1: 1.0, 2: 1.0, 3: 1.0}  elapsed=2959s  PASS  abstain_loss=0.0000  abstain_class_balance=0.000  abstain_head_acc=1.000
[real_seed_r2_2] pilot 2 step  34800  lr=2.23e-03  loss=0.7109  val_acc={1: 1.0, 2: 1.0, 3: 1.0}  elapsed=2966s  PASS  abstain_loss=0.0000  abstain_class_balance=0.000  abstain_head_acc=1.000
[real_seed_r2_2] pilot 2 step  34900  lr=2.23e-03  loss=0.8414  val_acc={1: 1.0, 2: 1.0, 3: 1.0}  elapsed=2974s  PASS  abstain_loss=0.0000  abstain_class_balance=0.000  abstain_head_acc=1.000
[real_seed_r2_2] pilot 2 step  35000  lr=2.22e-03  loss=0.8133  val_acc={1: 1.0, 2: 1.0, 3: 1.0}  elapsed=2983s  PASS  abstain_loss=0.0000  abstain_class_balance=0.000  abstain_head_acc=1.000
[real_seed_r2_2] pilot 2 step  35100  lr=2.22e-03  loss=0.7278  val_acc={1: 1.0, 2: 1.0, 3: 1.0}  elapsed=2991s  PASS  abstain_loss=0.0000  abstain_class_balance=0.000  abstain_head_acc=1.000
[real_seed_r2_2] pilot 2 step  35200  lr=2.22e-03  loss=0.8403  val_acc={1: 1.0, 2: 1.0, 3: 1.0}  elapsed=2999s  PASS  abstain_loss=0.0000  abstain_class_balance=0.000  abstain_head_acc=1.000
[real_seed_r2_2] pilot 2 step  35300  lr=2.21e-03  loss=0.8125  val_acc={1: 1.0, 2: 1.0, 3: 1.0}  elapsed=3007s  PASS  abstain_loss=0.0000  abstain_class_balance=0.000  abstain_head_acc=1.000
[real_seed_r2_2] pilot 2 step  35400  lr=2.21e-03  loss=0.7230  val_acc={1: 1.0, 2: 1.0, 3: 1.0}  elapsed=3016s  PASS  abstain_loss=0.0000  abstain_class_balance=0.000  abstain_head_acc=1.000
[real_seed_r2_2] pilot 2 step  35500  lr=2.20e-03  loss=0.8358  val_acc={1: 1.0, 2: 1.0, 3: 1.0}  elapsed=3024s  PASS  abstain_loss=0.0000  abstain_class_balance=0.000  abstain_head_acc=1.000
[real_seed_r2_2] pilot 2 step  35600  lr=2.20e-03  loss=0.8152  val_acc={1: 1.0, 2: 1.0, 3: 1.0}  elapsed=3032s  PASS  abstain_loss=0.0000  abstain_class_balance=0.000  abstain_head_acc=1.000
[real_seed_r2_2] pilot 2 step  35700  lr=2.19e-03  loss=0.7244  val_acc={1: 1.0, 2: 1.0, 3: 1.0}  elapsed=3041s  PASS  abstain_loss=0.0000  abstain_class_balance=0.000  abstain_head_acc=1.000
[real_seed_r2_2] pilot 2 step  35800  lr=2.19e-03  loss=0.8296  val_acc={1: 1.0, 2: 1.0, 3: 1.0}  elapsed=3051s  PASS  abstain_loss=0.0000  abstain_class_balance=0.000  abstain_head_acc=1.000
[real_seed_r2_2] pilot 2 step  35900  lr=2.19e-03  loss=0.7959  val_acc={1: 1.0, 2: 1.0, 3: 1.0}  elapsed=3060s  PASS  abstain_loss=0.0000  abstain_class_balance=0.000  abstain_head_acc=1.000
[real_seed_r2_2] pilot 2 step  36000  lr=2.18e-03  loss=0.7056  val_acc={1: 1.0, 2: 1.0, 3: 1.0}  elapsed=3067s  PASS  abstain_loss=0.0000  abstain_class_balance=0.000  abstain_head_acc=1.000
[real_seed_r2_2] pilot 2 step  36100  lr=2.18e-03  loss=0.8240  val_acc={1: 1.0, 2: 1.0, 3: 1.0}  elapsed=3076s  PASS  abstain_loss=0.0000  abstain_class_balance=0.000  abstain_head_acc=1.000
[real_seed_r2_2] pilot 2 step  36200  lr=2.17e-03  loss=0.8007  val_acc={1: 1.0, 2: 1.0, 3: 1.0}  elapsed=3086s  PASS  abstain_loss=0.0000  abstain_class_balance=0.000  abstain_head_acc=1.000
[real_seed_r2_2] pilot 2 step  36300  lr=2.17e-03  loss=0.7210  val_acc={1: 1.0, 2: 1.0, 3: 1.0}  elapsed=3096s  PASS  abstain_loss=0.0000  abstain_class_balance=0.000  abstain_head_acc=1.000
[real_seed_r2_2] pilot 2 step  36400  lr=2.17e-03  loss=0.8283  val_acc={1: 1.0, 2: 1.0, 3: 1.0}  elapsed=3103s  PASS  abstain_loss=0.0000  abstain_class_balance=0.000  abstain_head_acc=1.000
[real_seed_r2_2] pilot 2 step  36500  lr=2.16e-03  loss=0.8023  val_acc={1: 1.0, 2: 1.0, 3: 1.0}  elapsed=3111s  PASS  abstain_loss=0.0000  abstain_class_balance=0.000  abstain_head_acc=1.000
[real_seed_r2_2] pilot 2 step  36600  lr=2.16e-03  loss=0.7211  val_acc={1: 1.0, 2: 1.0, 3: 1.0}  elapsed=3120s  PASS  abstain_loss=0.0001  abstain_class_balance=0.000  abstain_head_acc=1.000
[real_seed_r2_2] pilot 2 step  36700  lr=2.15e-03  loss=0.8416  val_acc={1: 1.0, 2: 1.0, 3: 1.0}  elapsed=3128s  PASS  abstain_loss=0.0000  abstain_class_balance=0.000  abstain_head_acc=1.000
[real_seed_r2_2] pilot 2 step  36800  lr=2.15e-03  loss=0.8118  val_acc={1: 1.0, 2: 1.0, 3: 1.0}  elapsed=3136s  PASS  abstain_loss=0.0000  abstain_class_balance=0.000  abstain_head_acc=1.000
[real_seed_r2_2] pilot 2 step  36900  lr=2.15e-03  loss=0.7079  val_acc={1: 1.0, 2: 1.0, 3: 1.0}  elapsed=3144s  PASS  abstain_loss=0.0000  abstain_class_balance=0.000  abstain_head_acc=1.000
[real_seed_r2_2] pilot 2 step  37000  lr=2.14e-03  loss=0.8245  val_acc={1: 1.0, 2: 1.0, 3: 1.0}  elapsed=3152s  PASS  abstain_loss=0.0000  abstain_class_balance=0.000  abstain_head_acc=1.000
[real_seed_r2_2] pilot 2 step  37100  lr=2.14e-03  loss=0.8039  val_acc={1: 1.0, 2: 1.0, 3: 1.0}  elapsed=3160s  PASS  abstain_loss=0.0000  abstain_class_balance=0.000  abstain_head_acc=1.000
[real_seed_r2_2] pilot 2 step  37200  lr=2.13e-03  loss=0.7032  val_acc={1: 1.0, 2: 1.0, 3: 1.0}  elapsed=3168s  PASS  abstain_loss=0.0000  abstain_class_balance=0.000  abstain_head_acc=1.000
[real_seed_r2_2] pilot 2 step  37300  lr=2.13e-03  loss=0.8291  val_acc={1: 1.0, 2: 1.0, 3: 1.0}  elapsed=3175s  PASS  abstain_loss=0.0000  abstain_class_balance=0.000  abstain_head_acc=1.000
[real_seed_r2_2] pilot 2 step  37400  lr=2.13e-03  loss=0.7877  val_acc={1: 1.0, 2: 1.0, 3: 1.0}  elapsed=3185s  PASS  abstain_loss=0.0000  abstain_class_balance=0.000  abstain_head_acc=1.000
[real_seed_r2_2] pilot 2 step  37500  lr=2.12e-03  loss=0.7189  val_acc={1: 1.0, 2: 1.0, 3: 1.0}  elapsed=3194s  PASS  abstain_loss=0.0000  abstain_class_balance=0.000  abstain_head_acc=1.000
[real_seed_r2_2] pilot 2 step  37600  lr=2.12e-03  loss=0.8230  val_acc={1: 1.0, 2: 1.0, 3: 1.0}  elapsed=3202s  PASS  abstain_loss=0.0000  abstain_class_balance=0.000  abstain_head_acc=1.000
[real_seed_r2_2] pilot 2 step  37700  lr=2.11e-03  loss=0.7991  val_acc={1: 1.0, 2: 1.0, 3: 1.0}  elapsed=3211s  PASS  abstain_loss=0.0000  abstain_class_balance=0.000  abstain_head_acc=1.000
[real_seed_r2_2] pilot 2 step  37800  lr=2.11e-03  loss=0.7096  val_acc={1: 1.0, 2: 1.0, 3: 1.0}  elapsed=3220s  PASS  abstain_loss=0.0000  abstain_class_balance=0.000  abstain_head_acc=1.000
[real_seed_r2_2] pilot 2 step  37900  lr=2.10e-03  loss=0.8280  val_acc={1: 1.0, 2: 1.0, 3: 1.0}  elapsed=3228s  PASS  abstain_loss=0.0000  abstain_class_balance=0.000  abstain_head_acc=1.000
[real_seed_r2_2] pilot 2 step  38000  lr=2.10e-03  loss=0.7984  val_acc={1: 1.0, 2: 1.0, 3: 1.0}  elapsed=3235s  PASS  abstain_loss=0.0000  abstain_class_balance=0.000  abstain_head_acc=1.000
[real_seed_r2_2] pilot 2 step  38100  lr=2.10e-03  loss=0.7124  val_acc={1: 1.0, 2: 1.0, 3: 1.0}  elapsed=3247s  PASS  abstain_loss=0.0000  abstain_class_balance=0.000  abstain_head_acc=1.000
[real_seed_r2_2] pilot 2 step  38200  lr=2.09e-03  loss=0.8860  val_acc={1: 1.0, 2: 1.0, 3: 1.0}  elapsed=3254s  PASS  abstain_loss=0.0000  abstain_class_balance=0.000  abstain_head_acc=1.000
[real_seed_r2_2] pilot 2 step  38300  lr=2.09e-03  loss=0.8444  val_acc={1: 1.0, 2: 1.0, 3: 1.0}  elapsed=3261s  PASS  abstain_loss=0.0000  abstain_class_balance=0.000  abstain_head_acc=1.000
[real_seed_r2_2] pilot 2 step  38400  lr=2.08e-03  loss=0.7315  val_acc={1: 1.0, 2: 1.0, 3: 1.0}  elapsed=3268s  PASS  abstain_loss=0.0000  abstain_class_balance=0.000  abstain_head_acc=1.000
[real_seed_r2_2] pilot 2 step  38500  lr=2.08e-03  loss=0.8495  val_acc={1: 1.0, 2: 1.0, 3: 1.0}  elapsed=3279s  PASS  abstain_loss=0.0000  abstain_class_balance=0.000  abstain_head_acc=1.000
[real_seed_r2_2] pilot 2 step  38600  lr=2.07e-03  loss=0.8253  val_acc={1: 1.0, 2: 1.0, 3: 1.0}  elapsed=3287s  PASS  abstain_loss=0.0000  abstain_class_balance=0.000  abstain_head_acc=1.000
[real_seed_r2_2] pilot 2 step  38700  lr=2.07e-03  loss=0.7316  val_acc={1: 1.0, 2: 1.0, 3: 1.0}  elapsed=3295s  PASS  abstain_loss=0.0000  abstain_class_balance=0.000  abstain_head_acc=1.000
[real_seed_r2_2] pilot 2 step  38800  lr=2.07e-03  loss=0.8471  val_acc={1: 1.0, 2: 1.0, 3: 1.0}  elapsed=3304s  PASS  abstain_loss=0.0000  abstain_class_balance=0.000  abstain_head_acc=1.000
[real_seed_r2_2] pilot 2 step  38900  lr=2.06e-03  loss=0.8111  val_acc={1: 1.0, 2: 1.0, 3: 1.0}  elapsed=3311s  PASS  abstain_loss=0.0000  abstain_class_balance=0.000  abstain_head_acc=1.000
[real_seed_r2_2] pilot 2 step  39000  lr=2.06e-03  loss=0.7218  val_acc={1: 1.0, 2: 1.0, 3: 1.0}  elapsed=3319s  PASS  abstain_loss=0.0000  abstain_class_balance=0.000  abstain_head_acc=1.000
[real_seed_r2_2] pilot 2 step  39100  lr=2.05e-03  loss=0.8302  val_acc={1: 1.0, 2: 1.0, 3: 1.0}  elapsed=3327s  PASS  abstain_loss=0.0000  abstain_class_balance=0.000  abstain_head_acc=1.000
[real_seed_r2_2] pilot 2 step  39200  lr=2.05e-03  loss=0.8112  val_acc={1: 1.0, 2: 1.0, 3: 1.0}  elapsed=3337s  PASS  abstain_loss=0.0000  abstain_class_balance=0.000  abstain_head_acc=1.000
[real_seed_r2_2] pilot 2 step  39300  lr=2.05e-03  loss=0.7052  val_acc={1: 1.0, 2: 1.0, 3: 1.0}  elapsed=3346s  PASS  abstain_loss=0.0025  abstain_class_balance=0.000  abstain_head_acc=1.000
[real_seed_r2_2] pilot 2 step  39400  lr=2.04e-03  loss=0.8294  val_acc={1: 1.0, 2: 1.0, 3: 1.0}  elapsed=3356s  PASS  abstain_loss=0.0000  abstain_class_balance=0.000  abstain_head_acc=1.000
[real_seed_r2_2] pilot 2 step  39500  lr=2.04e-03  loss=0.8100  val_acc={1: 1.0, 2: 1.0, 3: 1.0}  elapsed=3364s  PASS  abstain_loss=0.0000  abstain_class_balance=0.000  abstain_head_acc=1.000
[real_seed_r2_2] pilot 2 step  39600  lr=2.03e-03  loss=0.7148  val_acc={1: 1.0, 2: 1.0, 3: 1.0}  elapsed=3371s  PASS  abstain_loss=0.0000  abstain_class_balance=0.000  abstain_head_acc=1.000
[real_seed_r2_2] pilot 2 step  39700  lr=2.03e-03  loss=0.8385  val_acc={1: 1.0, 2: 1.0, 3: 1.0}  elapsed=3381s  PASS  abstain_loss=0.0000  abstain_class_balance=0.000  abstain_head_acc=1.000
[real_seed_r2_2] pilot 2 step  39800  lr=2.02e-03  loss=0.7985  val_acc={1: 1.0, 2: 1.0, 3: 1.0}  elapsed=3389s  PASS  abstain_loss=0.0000  abstain_class_balance=0.000  abstain_head_acc=1.000
[real_seed_r2_2] pilot 2 step  39900  lr=2.02e-03  loss=0.7003  val_acc={1: 1.0, 2: 1.0, 3: 1.0}  elapsed=3399s  PASS  abstain_loss=0.0000  abstain_class_balance=0.000  abstain_head_acc=1.000
[real_seed_r2_2] pilot 2 step  40000  lr=2.02e-03  loss=0.8306  val_acc={1: 1.0, 2: 1.0, 3: 1.0}  elapsed=3408s  PASS  abstain_loss=0.0000  abstain_class_balance=0.000  abstain_head_acc=1.000
[real_seed_r2_2] pilot 2 step  40100  lr=2.01e-03  loss=0.8044  val_acc={1: 1.0, 2: 1.0, 3: 1.0}  elapsed=3416s  PASS  abstain_loss=0.0000  abstain_class_balance=0.000  abstain_head_acc=1.000
[real_seed_r2_2] pilot 2 step  40200  lr=2.01e-03  loss=0.7075  val_acc={1: 1.0, 2: 1.0, 3: 1.0}  elapsed=3424s  PASS  abstain_loss=0.0000  abstain_class_balance=0.000  abstain_head_acc=1.000
[real_seed_r2_2] pilot 2 step  40300  lr=2.00e-03  loss=0.8282  val_acc={1: 1.0, 2: 1.0, 3: 1.0}  elapsed=3432s  PASS  abstain_loss=0.0000  abstain_class_balance=0.000  abstain_head_acc=1.000
[real_seed_r2_2] pilot 2 step  40400  lr=2.00e-03  loss=0.7839  val_acc={1: 1.0, 2: 1.0, 3: 1.0}  elapsed=3439s  PASS  abstain_loss=0.0000  abstain_class_balance=0.000  abstain_head_acc=1.000
[real_seed_r2_2] pilot 2 step  40500  lr=1.99e-03  loss=0.6914  val_acc={1: 1.0, 2: 1.0, 3: 1.0}  elapsed=3448s  PASS  abstain_loss=0.0000  abstain_class_balance=0.000  abstain_head_acc=1.000
[real_seed_r2_2] pilot 2 step  40600  lr=1.99e-03  loss=0.8231  val_acc={1: 1.0, 2: 1.0, 3: 1.0}  elapsed=3457s  PASS  abstain_loss=0.0000  abstain_class_balance=0.000  abstain_head_acc=1.000
[real_seed_r2_2] pilot 2 step  40700  lr=1.99e-03  loss=0.8056  val_acc={1: 1.0, 2: 1.0, 3: 1.0}  elapsed=3465s  PASS  abstain_loss=0.0000  abstain_class_balance=0.000  abstain_head_acc=1.000
[real_seed_r2_2] pilot 2 step  40800  lr=1.98e-03  loss=0.7073  val_acc={1: 1.0, 2: 1.0, 3: 1.0}  elapsed=3474s  PASS  abstain_loss=0.0000  abstain_class_balance=0.000  abstain_head_acc=1.000
[real_seed_r2_2] pilot 2 step  40900  lr=1.98e-03  loss=0.8227  val_acc={1: 1.0, 2: 1.0, 3: 1.0}  elapsed=3482s  PASS  abstain_loss=0.0000  abstain_class_balance=0.000  abstain_head_acc=1.000
[real_seed_r2_2] pilot 2 step  41000  lr=1.97e-03  loss=0.7999  val_acc={1: 1.0, 2: 1.0, 3: 1.0}  elapsed=3491s  PASS  abstain_loss=0.0000  abstain_class_balance=0.000  abstain_head_acc=1.000
[real_seed_r2_2] pilot 2 step  41100  lr=1.97e-03  loss=0.7045  val_acc={1: 1.0, 2: 1.0, 3: 1.0}  elapsed=3499s  PASS  abstain_loss=0.0000  abstain_class_balance=0.000  abstain_head_acc=1.000
[real_seed_r2_2] pilot 2 step  41200  lr=1.96e-03  loss=0.8319  val_acc={1: 1.0, 2: 1.0, 3: 1.0}  elapsed=3507s  PASS  abstain_loss=0.0000  abstain_class_balance=0.000  abstain_head_acc=1.000
[real_seed_r2_2] pilot 2 step  41300  lr=1.96e-03  loss=0.7888  val_acc={1: 1.0, 2: 1.0, 3: 1.0}  elapsed=3515s  PASS  abstain_loss=0.0000  abstain_class_balance=0.000  abstain_head_acc=1.000
[real_seed_r2_2] pilot 2 step  41400  lr=1.95e-03  loss=0.7055  val_acc={1: 1.0, 2: 1.0, 3: 1.0}  elapsed=3523s  PASS  abstain_loss=0.0000  abstain_class_balance=0.000  abstain_head_acc=1.000
[real_seed_r2_2] pilot 2 step  41500  lr=1.95e-03  loss=0.8163  val_acc={1: 1.0, 2: 1.0, 3: 1.0}  elapsed=3534s  PASS  abstain_loss=0.0000  abstain_class_balance=0.000  abstain_head_acc=1.000
[real_seed_r2_2] pilot 2 step  41600  lr=1.95e-03  loss=0.7894  val_acc={1: 1.0, 2: 1.0, 3: 1.0}  elapsed=3547s  PASS  abstain_loss=0.0000  abstain_class_balance=0.000  abstain_head_acc=1.000
[real_seed_r2_2] pilot 2 step  41700  lr=1.94e-03  loss=0.6955  val_acc={1: 1.0, 2: 1.0, 3: 1.0}  elapsed=3555s  PASS  abstain_loss=0.0000  abstain_class_balance=0.000  abstain_head_acc=1.000
[real_seed_r2_2] pilot 2 step  41800  lr=1.94e-03  loss=0.8294  val_acc={1: 1.0, 2: 1.0, 3: 1.0}  elapsed=3563s  PASS  abstain_loss=0.0000  abstain_class_balance=0.000  abstain_head_acc=1.000
[real_seed_r2_2] pilot 2 step  41900  lr=1.93e-03  loss=0.7799  val_acc={1: 1.0, 2: 1.0, 3: 1.0}  elapsed=3572s  PASS  abstain_loss=0.0000  abstain_class_balance=0.000  abstain_head_acc=1.000
[real_seed_r2_2] pilot 2 step  42000  lr=1.93e-03  loss=0.7097  val_acc={1: 1.0, 2: 1.0, 3: 1.0}  elapsed=3580s  PASS  abstain_loss=0.0000  abstain_class_balance=0.000  abstain_head_acc=1.000
[real_seed_r2_2] pilot 2 step  42100  lr=1.92e-03  loss=0.8181  val_acc={1: 1.0, 2: 1.0, 3: 1.0}  elapsed=3588s  PASS  abstain_loss=0.0000  abstain_class_balance=0.000  abstain_head_acc=1.000
[real_seed_r2_2] pilot 2 step  42200  lr=1.92e-03  loss=0.7876  val_acc={1: 1.0, 2: 1.0, 3: 1.0}  elapsed=3596s  PASS  abstain_loss=0.0000  abstain_class_balance=0.000  abstain_head_acc=1.000
[real_seed_r2_2] pilot 2 step  42300  lr=1.92e-03  loss=0.7042  val_acc={1: 1.0, 2: 1.0, 3: 1.0}  elapsed=3604s  PASS  abstain_loss=0.0000  abstain_class_balance=0.000  abstain_head_acc=1.000
[real_seed_r2_2] pilot 2 step  42400  lr=1.91e-03  loss=0.8157  val_acc={1: 1.0, 2: 1.0, 3: 1.0}  elapsed=3612s  PASS  abstain_loss=0.0000  abstain_class_balance=0.000  abstain_head_acc=1.000
[real_seed_r2_2] pilot 2 step  42500  lr=1.91e-03  loss=0.7799  val_acc={1: 1.0, 2: 1.0, 3: 1.0}  elapsed=3620s  PASS  abstain_loss=0.0000  abstain_class_balance=0.000  abstain_head_acc=1.000
[real_seed_r2_2] pilot 2 step  42600  lr=1.90e-03  loss=0.6986  val_acc={1: 1.0, 2: 1.0, 3: 1.0}  elapsed=3629s  PASS  abstain_loss=0.0014  abstain_class_balance=0.000  abstain_head_acc=1.000
[real_seed_r2_2] pilot 2 step  42700  lr=1.90e-03  loss=0.8126  val_acc={1: 1.0, 2: 1.0, 3: 1.0}  elapsed=3638s  PASS  abstain_loss=0.0000  abstain_class_balance=0.000  abstain_head_acc=1.000
[real_seed_r2_2] pilot 2 step  42800  lr=1.89e-03  loss=0.7887  val_acc={1: 1.0, 2: 1.0, 3: 1.0}  elapsed=3648s  PASS  abstain_loss=0.0000  abstain_class_balance=0.000  abstain_head_acc=1.000
[real_seed_r2_2] pilot 2 step  42900  lr=1.89e-03  loss=0.6995  val_acc={1: 1.0, 2: 1.0, 3: 1.0}  elapsed=3657s  PASS  abstain_loss=0.0000  abstain_class_balance=0.000  abstain_head_acc=1.000
[real_seed_r2_2] pilot 2 step  43000  lr=1.88e-03  loss=0.8063  val_acc={1: 1.0, 2: 1.0, 3: 1.0}  elapsed=3667s  PASS  abstain_loss=0.0000  abstain_class_balance=0.000  abstain_head_acc=1.000
[real_seed_r2_2] pilot 2 step  43100  lr=1.88e-03  loss=0.7776  val_acc={1: 1.0, 2: 1.0, 3: 1.0}  elapsed=3679s  PASS  abstain_loss=0.0000  abstain_class_balance=0.000  abstain_head_acc=1.000
[real_seed_r2_2] pilot 2 step  43200  lr=1.88e-03  loss=0.6875  val_acc={1: 1.0, 2: 1.0, 3: 1.0}  elapsed=3687s  PASS  abstain_loss=0.0000  abstain_class_balance=0.000  abstain_head_acc=1.000
[real_seed_r2_2] pilot 2 step  43300  lr=1.87e-03  loss=0.8063  val_acc={1: 1.0, 2: 1.0, 3: 1.0}  elapsed=3694s  PASS  abstain_loss=0.0000  abstain_class_balance=0.000  abstain_head_acc=1.000
[real_seed_r2_2] pilot 2 step  43400  lr=1.87e-03  loss=0.7743  val_acc={1: 1.0, 2: 1.0, 3: 1.0}  elapsed=3704s  PASS  abstain_loss=0.0000  abstain_class_balance=0.000  abstain_head_acc=1.000
[real_seed_r2_2] pilot 2 step  43500  lr=1.86e-03  loss=0.7153  val_acc={1: 1.0, 2: 1.0, 3: 1.0}  elapsed=3711s  PASS  abstain_loss=0.0001  abstain_class_balance=0.000  abstain_head_acc=1.000
[real_seed_r2_2] pilot 2 step  43600  lr=1.86e-03  loss=0.8264  val_acc={1: 1.0, 2: 1.0, 3: 1.0}  elapsed=3718s  PASS  abstain_loss=0.0000  abstain_class_balance=0.000  abstain_head_acc=1.000
[real_seed_r2_2] pilot 2 step  43700  lr=1.85e-03  loss=0.7864  val_acc={1: 1.0, 2: 1.0, 3: 1.0}  elapsed=3727s  PASS  abstain_loss=0.0000  abstain_class_balance=0.000  abstain_head_acc=1.000
[real_seed_r2_2] pilot 2 step  43800  lr=1.85e-03  loss=0.6878  val_acc={1: 1.0, 2: 1.0, 3: 1.0}  elapsed=3736s  PASS  abstain_loss=0.0000  abstain_class_balance=0.000  abstain_head_acc=1.000
[real_seed_r2_2] pilot 2 step  43900  lr=1.84e-03  loss=0.8156  val_acc={1: 1.0, 2: 1.0, 3: 1.0}  elapsed=3744s  PASS  abstain_loss=0.0000  abstain_class_balance=0.000  abstain_head_acc=1.000
[real_seed_r2_2] pilot 2 step  44000  lr=1.84e-03  loss=0.7840  val_acc={1: 1.0, 2: 1.0, 3: 1.0}  elapsed=3752s  PASS  abstain_loss=0.0000  abstain_class_balance=0.000  abstain_head_acc=1.000
[real_seed_r2_2] pilot 2 step  44100  lr=1.84e-03  loss=0.6920  val_acc={1: 1.0, 2: 1.0, 3: 1.0}  elapsed=3761s  PASS  abstain_loss=0.0000  abstain_class_balance=0.000  abstain_head_acc=1.000
[real_seed_r2_2] pilot 2 step  44200  lr=1.83e-03  loss=0.8073  val_acc={1: 1.0, 2: 1.0, 3: 1.0}  elapsed=3769s  PASS  abstain_loss=0.0000  abstain_class_balance=0.000  abstain_head_acc=1.000
[real_seed_r2_2] pilot 2 step  44300  lr=1.83e-03  loss=0.7806  val_acc={1: 1.0, 2: 1.0, 3: 1.0}  elapsed=3777s  PASS  abstain_loss=0.0000  abstain_class_balance=0.000  abstain_head_acc=1.000
[real_seed_r2_2] pilot 2 step  44400  lr=1.82e-03  loss=0.7062  val_acc={1: 1.0, 2: 1.0, 3: 1.0}  elapsed=3786s  PASS  abstain_loss=0.0000  abstain_class_balance=0.000  abstain_head_acc=1.000
[real_seed_r2_2] pilot 2 step  44500  lr=1.82e-03  loss=0.8098  val_acc={1: 1.0, 2: 1.0, 3: 1.0}  elapsed=3795s  PASS  abstain_loss=0.0000  abstain_class_balance=0.000  abstain_head_acc=1.000
[real_seed_r2_2] pilot 2 step  44600  lr=1.81e-03  loss=0.7868  val_acc={1: 1.0, 2: 1.0, 3: 1.0}  elapsed=3803s  PASS  abstain_loss=0.0000  abstain_class_balance=0.000  abstain_head_acc=1.000
[real_seed_r2_2] pilot 2 step  44700  lr=1.81e-03  loss=0.6916  val_acc={1: 1.0, 2: 1.0, 3: 1.0}  elapsed=3814s  PASS  abstain_loss=0.0000  abstain_class_balance=0.000  abstain_head_acc=1.000
[real_seed_r2_2] pilot 2 step  44800  lr=1.80e-03  loss=0.8089  val_acc={1: 1.0, 2: 1.0, 3: 1.0}  elapsed=3822s  PASS  abstain_loss=0.0000  abstain_class_balance=0.000  abstain_head_acc=1.000
[real_seed_r2_2] pilot 2 step  44900  lr=1.80e-03  loss=0.7852  val_acc={1: 1.0, 2: 1.0, 3: 1.0}  elapsed=3831s  PASS  abstain_loss=0.0000  abstain_class_balance=0.000  abstain_head_acc=1.000
[real_seed_r2_2] pilot 2 step  45000  lr=1.80e-03  loss=0.6934  val_acc={1: 1.0, 2: 1.0, 3: 1.0}  elapsed=3841s  PASS  abstain_loss=0.0000  abstain_class_balance=0.000  abstain_head_acc=1.000
[real_seed_r2_2] pilot 2 step  45100  lr=1.79e-03  loss=0.7975  val_acc={1: 1.0, 2: 1.0, 3: 1.0}  elapsed=3850s  PASS  abstain_loss=0.0000  abstain_class_balance=0.000  abstain_head_acc=1.000
[real_seed_r2_2] pilot 2 step  45200  lr=1.79e-03  loss=0.7822  val_acc={1: 1.0, 2: 1.0, 3: 1.0}  elapsed=3859s  PASS  abstain_loss=0.0000  abstain_class_balance=0.000  abstain_head_acc=1.000
[real_seed_r2_2] pilot 2 step  45300  lr=1.78e-03  loss=0.6912  val_acc={1: 1.0, 2: 1.0, 3: 1.0}  elapsed=3870s  PASS  abstain_loss=0.0000  abstain_class_balance=0.000  abstain_head_acc=1.000
[real_seed_r2_2] pilot 2 step  45400  lr=1.78e-03  loss=0.8151  val_acc={1: 1.0, 2: 1.0, 3: 1.0}  elapsed=3878s  PASS  abstain_loss=0.0000  abstain_class_balance=0.000  abstain_head_acc=1.000
[real_seed_r2_2] pilot 2 step  45500  lr=1.77e-03  loss=0.7809  val_acc={1: 1.0, 2: 1.0, 3: 1.0}  elapsed=3886s  PASS  abstain_loss=0.0000  abstain_class_balance=0.000  abstain_head_acc=1.000
[real_seed_r2_2] pilot 2 step  45600  lr=1.77e-03  loss=0.7094  val_acc={1: 1.0, 2: 1.0, 3: 1.0}  elapsed=3895s  PASS  abstain_loss=0.0000  abstain_class_balance=0.000  abstain_head_acc=1.000
[real_seed_r2_2] pilot 2 step  45700  lr=1.76e-03  loss=0.8092  val_acc={1: 1.0, 2: 1.0, 3: 1.0}  elapsed=3907s  PASS  abstain_loss=0.0000  abstain_class_balance=0.000  abstain_head_acc=1.000
[real_seed_r2_2] pilot 2 step  45800  lr=1.76e-03  loss=0.7854  val_acc={1: 1.0, 2: 1.0, 3: 1.0}  elapsed=3919s  PASS  abstain_loss=0.0000  abstain_class_balance=0.000  abstain_head_acc=1.000
[real_seed_r2_2] pilot 2 step  45900  lr=1.76e-03  loss=0.7065  val_acc={1: 1.0, 2: 1.0, 3: 1.0}  elapsed=3931s  PASS  abstain_loss=0.0000  abstain_class_balance=0.000  abstain_head_acc=1.000
[real_seed_r2_2] pilot 2 step  46000  lr=1.75e-03  loss=0.8086  val_acc={1: 1.0, 2: 1.0, 3: 1.0}  elapsed=3939s  PASS  abstain_loss=0.0000  abstain_class_balance=0.000  abstain_head_acc=1.000
[real_seed_r2_2] pilot 2 step  46100  lr=1.75e-03  loss=0.7826  val_acc={1: 1.0, 2: 1.0, 3: 1.0}  elapsed=3946s  PASS  abstain_loss=0.0000  abstain_class_balance=0.000  abstain_head_acc=1.000
[real_seed_r2_2] pilot 2 step  46200  lr=1.74e-03  loss=0.6770  val_acc={1: 1.0, 2: 1.0, 3: 1.0}  elapsed=3955s  PASS  abstain_loss=0.0002  abstain_class_balance=0.000  abstain_head_acc=1.000
[real_seed_r2_2] pilot 2 step  46300  lr=1.74e-03  loss=0.8083  val_acc={1: 1.0, 2: 1.0, 3: 1.0}  elapsed=3963s  PASS  abstain_loss=0.0000  abstain_class_balance=0.000  abstain_head_acc=1.000
[real_seed_r2_2] pilot 2 step  46400  lr=1.73e-03  loss=0.7918  val_acc={1: 1.0, 2: 1.0, 3: 1.0}  elapsed=3971s  PASS  abstain_loss=0.0000  abstain_class_balance=0.000  abstain_head_acc=1.000
[real_seed_r2_2] pilot 2 step  46500  lr=1.73e-03  loss=0.6890  val_acc={1: 1.0, 2: 1.0, 3: 1.0}  elapsed=3979s  PASS  abstain_loss=0.0001  abstain_class_balance=0.000  abstain_head_acc=1.000
[real_seed_r2_2] pilot 2 step  46600  lr=1.72e-03  loss=0.8159  val_acc={1: 1.0, 2: 1.0, 3: 1.0}  elapsed=3987s  PASS  abstain_loss=0.0000  abstain_class_balance=0.000  abstain_head_acc=1.000
[real_seed_r2_2] pilot 2 step  46700  lr=1.72e-03  loss=0.7810  val_acc={1: 1.0, 2: 1.0, 3: 1.0}  elapsed=3996s  PASS  abstain_loss=0.0000  abstain_class_balance=0.000  abstain_head_acc=1.000
[real_seed_r2_2] pilot 2 step  46800  lr=1.71e-03  loss=0.6877  val_acc={1: 1.0, 2: 1.0, 3: 1.0}  elapsed=4005s  PASS  abstain_loss=0.0001  abstain_class_balance=0.000  abstain_head_acc=1.000
[real_seed_r2_2] pilot 2 step  46900  lr=1.71e-03  loss=0.8075  val_acc={1: 1.0, 2: 1.0, 3: 1.0}  elapsed=4013s  PASS  abstain_loss=0.0000  abstain_class_balance=0.000  abstain_head_acc=1.000
[real_seed_r2_2] pilot 2 step  47000  lr=1.71e-03  loss=0.7765  val_acc={1: 1.0, 2: 1.0, 3: 1.0}  elapsed=4023s  PASS  abstain_loss=0.0000  abstain_class_balance=0.000  abstain_head_acc=1.000
[real_seed_r2_2] pilot 2 step  47100  lr=1.70e-03  loss=0.6938  val_acc={1: 1.0, 2: 1.0, 3: 1.0}  elapsed=4032s  PASS  abstain_loss=0.0000  abstain_class_balance=0.000  abstain_head_acc=1.000
[real_seed_r2_2] pilot 2 step  47200  lr=1.70e-03  loss=0.8080  val_acc={1: 1.0, 2: 1.0, 3: 1.0}  elapsed=4041s  PASS  abstain_loss=0.0000  abstain_class_balance=0.000  abstain_head_acc=1.000
[real_seed_r2_2] pilot 2 step  47300  lr=1.69e-03  loss=0.7838  val_acc={1: 1.0, 2: 1.0, 3: 1.0}  elapsed=4048s  PASS  abstain_loss=0.0000  abstain_class_balance=0.000  abstain_head_acc=1.000
[real_seed_r2_2] pilot 2 step  47400  lr=1.69e-03  loss=0.6808  val_acc={1: 1.0, 2: 1.0, 3: 1.0}  elapsed=4057s  PASS  abstain_loss=0.0000  abstain_class_balance=0.000  abstain_head_acc=1.000
[real_seed_r2_2] pilot 2 step  47500  lr=1.68e-03  loss=0.8013  val_acc={1: 1.0, 2: 1.0, 3: 1.0}  elapsed=4066s  PASS  abstain_loss=0.0000  abstain_class_balance=0.000  abstain_head_acc=1.000
[real_seed_r2_2] pilot 2 step  47600  lr=1.68e-03  loss=0.7845  val_acc={1: 1.0, 2: 1.0, 3: 1.0}  elapsed=4073s  PASS  abstain_loss=0.0000  abstain_class_balance=0.000  abstain_head_acc=1.000
[real_seed_r2_2] pilot 2 step  47700  lr=1.67e-03  loss=0.7013  val_acc={1: 1.0, 2: 1.0, 3: 1.0}  elapsed=4083s  PASS  abstain_loss=0.0024  abstain_class_balance=0.000  abstain_head_acc=1.000
[real_seed_r2_2] pilot 2 step  47800  lr=1.67e-03  loss=0.8099  val_acc={1: 1.0, 2: 1.0, 3: 1.0}  elapsed=4091s  PASS  abstain_loss=0.0000  abstain_class_balance=0.000  abstain_head_acc=1.000
[real_seed_r2_2] pilot 2 step  47900  lr=1.67e-03  loss=0.7759  val_acc={1: 1.0, 2: 1.0, 3: 1.0}  elapsed=4100s  PASS  abstain_loss=0.0000  abstain_class_balance=0.000  abstain_head_acc=1.000
[real_seed_r2_2] pilot 2 step  48000  lr=1.66e-03  loss=0.6906  val_acc={1: 1.0, 2: 1.0, 3: 1.0}  elapsed=4110s  PASS  abstain_loss=0.0000  abstain_class_balance=0.000  abstain_head_acc=1.000
[real_seed_r2_2] pilot 2 step  48100  lr=1.66e-03  loss=0.8056  val_acc={1: 1.0, 2: 1.0, 3: 1.0}  elapsed=4118s  PASS  abstain_loss=0.0000  abstain_class_balance=0.000  abstain_head_acc=1.000
[real_seed_r2_2] pilot 2 step  48200  lr=1.65e-03  loss=0.7823  val_acc={1: 1.0, 2: 1.0, 3: 1.0}  elapsed=4126s  PASS  abstain_loss=0.0000  abstain_class_balance=0.000  abstain_head_acc=1.000
[real_seed_r2_2] pilot 2 step  48300  lr=1.65e-03  loss=0.6834  val_acc={1: 1.0, 2: 1.0, 3: 1.0}  elapsed=4135s  PASS  abstain_loss=0.0000  abstain_class_balance=0.000  abstain_head_acc=1.000
[real_seed_r2_2] pilot 2 step  48400  lr=1.64e-03  loss=0.8104  val_acc={1: 1.0, 2: 1.0, 3: 1.0}  elapsed=4144s  PASS  abstain_loss=0.0000  abstain_class_balance=0.000  abstain_head_acc=1.000
[real_seed_r2_2] pilot 2 step  48500  lr=1.64e-03  loss=0.7851  val_acc={1: 1.0, 2: 1.0, 3: 1.0}  elapsed=4151s  PASS  abstain_loss=0.0000  abstain_class_balance=0.000  abstain_head_acc=1.000
[real_seed_r2_2] pilot 2 step  48600  lr=1.63e-03  loss=0.6902  val_acc={1: 1.0, 2: 1.0, 3: 1.0}  elapsed=4160s  PASS  abstain_loss=0.0000  abstain_class_balance=0.000  abstain_head_acc=1.000
[real_seed_r2_2] pilot 2 step  48700  lr=1.63e-03  loss=0.8199  val_acc={1: 1.0, 2: 1.0, 3: 1.0}  elapsed=4167s  PASS  abstain_loss=0.0000  abstain_class_balance=0.000  abstain_head_acc=1.000
[real_seed_r2_2] pilot 2 step  48800  lr=1.62e-03  loss=0.7826  val_acc={1: 1.0, 2: 1.0, 3: 1.0}  elapsed=4176s  PASS  abstain_loss=0.0000  abstain_class_balance=0.000  abstain_head_acc=1.000
[real_seed_r2_2] pilot 2 step  48900  lr=1.62e-03  loss=0.6914  val_acc={1: 1.0, 2: 1.0, 3: 1.0}  elapsed=4186s  PASS  abstain_loss=0.0000  abstain_class_balance=0.000  abstain_head_acc=1.000
[real_seed_r2_2] pilot 2 step  49000  lr=1.62e-03  loss=0.8064  val_acc={1: 1.0, 2: 1.0, 3: 1.0}  elapsed=4198s  PASS  abstain_loss=0.0000  abstain_class_balance=0.000  abstain_head_acc=1.000
[real_seed_r2_2] pilot 2 step  49100  lr=1.61e-03  loss=0.7811  val_acc={1: 1.0, 2: 1.0, 3: 1.0}  elapsed=4207s  PASS  abstain_loss=0.0000  abstain_class_balance=0.000  abstain_head_acc=1.000
[real_seed_r2_2] pilot 2 step  49200  lr=1.61e-03  loss=0.6933  val_acc={1: 1.0, 2: 1.0, 3: 1.0}  elapsed=4215s  PASS  abstain_loss=0.0000  abstain_class_balance=0.000  abstain_head_acc=1.000
[real_seed_r2_2] pilot 2 step  49300  lr=1.60e-03  loss=0.8126  val_acc={1: 1.0, 2: 1.0, 3: 1.0}  elapsed=4223s  PASS  abstain_loss=0.0000  abstain_class_balance=0.000  abstain_head_acc=1.000
[real_seed_r2_2] pilot 2 step  49400  lr=1.60e-03  loss=0.7711  val_acc={1: 1.0, 2: 1.0, 3: 1.0}  elapsed=4233s  PASS  abstain_loss=0.0000  abstain_class_balance=0.000  abstain_head_acc=1.000
[real_seed_r2_2] pilot 2 step  49500  lr=1.59e-03  loss=0.6855  val_acc={1: 1.0, 2: 1.0, 3: 1.0}  elapsed=4242s  PASS  abstain_loss=0.0000  abstain_class_balance=0.000  abstain_head_acc=1.000
[real_seed_r2_2] pilot 2 step  49600  lr=1.59e-03  loss=0.8108  val_acc={1: 1.0, 2: 1.0, 3: 1.0}  elapsed=4254s  PASS  abstain_loss=0.0000  abstain_class_balance=0.000  abstain_head_acc=1.000
[real_seed_r2_2] pilot 2 step  49700  lr=1.58e-03  loss=0.7737  val_acc={1: 1.0, 2: 1.0, 3: 1.0}  elapsed=4263s  PASS  abstain_loss=0.0000  abstain_class_balance=0.000  abstain_head_acc=1.000
[real_seed_r2_2] pilot 2 step  49800  lr=1.58e-03  loss=0.6922  val_acc={1: 1.0, 2: 1.0, 3: 1.0}  elapsed=4271s  PASS  abstain_loss=0.0000  abstain_class_balance=0.000  abstain_head_acc=1.000
[real_seed_r2_2] pilot 2 step  49900  lr=1.57e-03  loss=0.8043  val_acc={1: 1.0, 2: 1.0, 3: 1.0}  elapsed=4279s  PASS  abstain_loss=0.0000  abstain_class_balance=0.000  abstain_head_acc=1.000
[real_seed_r2_2] pilot 2 step  50000  lr=1.57e-03  loss=0.7809  val_acc={1: 1.0, 2: 1.0, 3: 1.0}  elapsed=4287s  PASS  abstain_loss=0.0000  abstain_class_balance=0.000  abstain_head_acc=1.000
[real_seed_r2_2] pilot 2 step  50100  lr=1.57e-03  loss=0.6981  val_acc={1: 1.0, 2: 1.0, 3: 1.0}  elapsed=4296s  PASS  abstain_loss=0.0000  abstain_class_balance=0.000  abstain_head_acc=1.000
[real_seed_r2_2] pilot 2 step  50200  lr=1.56e-03  loss=0.8135  val_acc={1: 1.0, 2: 1.0, 3: 1.0}  elapsed=4303s  PASS  abstain_loss=0.0000  abstain_class_balance=0.000  abstain_head_acc=1.000
[real_seed_r2_2] pilot 2 step  50300  lr=1.56e-03  loss=0.7761  val_acc={1: 1.0, 2: 1.0, 3: 1.0}  elapsed=4312s  PASS  abstain_loss=0.0000  abstain_class_balance=0.000  abstain_head_acc=1.000
[real_seed_r2_2] pilot 2 step  50400  lr=1.55e-03  loss=0.6883  val_acc={1: 1.0, 2: 1.0, 3: 1.0}  elapsed=4320s  PASS  abstain_loss=0.0000  abstain_class_balance=0.000  abstain_head_acc=1.000
[real_seed_r2_2] pilot 2 step  50500  lr=1.55e-03  loss=0.8040  val_acc={1: 1.0, 2: 1.0, 3: 1.0}  elapsed=4328s  PASS  abstain_loss=0.0000  abstain_class_balance=0.000  abstain_head_acc=1.000
[real_seed_r2_2] pilot 2 step  50600  lr=1.54e-03  loss=0.7791  val_acc={1: 1.0, 2: 1.0, 3: 1.0}  elapsed=4335s  PASS  abstain_loss=0.0000  abstain_class_balance=0.000  abstain_head_acc=1.000
[real_seed_r2_2] pilot 2 step  50700  lr=1.54e-03  loss=0.6818  val_acc={1: 1.0, 2: 1.0, 3: 1.0}  elapsed=4342s  PASS  abstain_loss=0.0000  abstain_class_balance=0.000  abstain_head_acc=1.000
[real_seed_r2_2] pilot 2 step  50800  lr=1.53e-03  loss=0.7992  val_acc={1: 1.0, 2: 1.0, 3: 1.0}  elapsed=4350s  PASS  abstain_loss=0.0000  abstain_class_balance=0.000  abstain_head_acc=1.000
[real_seed_r2_2] pilot 2 step  50900  lr=1.53e-03  loss=0.7819  val_acc={1: 1.0, 2: 1.0, 3: 1.0}  elapsed=4357s  PASS  abstain_loss=0.0000  abstain_class_balance=0.000  abstain_head_acc=1.000
[real_seed_r2_2] pilot 2 step  51000  lr=1.52e-03  loss=0.6915  val_acc={1: 1.0, 2: 1.0, 3: 1.0}  elapsed=4365s  PASS  abstain_loss=0.0000  abstain_class_balance=0.000  abstain_head_acc=1.000
[real_seed_r2_2] pilot 2 step  51100  lr=1.52e-03  loss=0.8095  val_acc={1: 1.0, 2: 1.0, 3: 1.0}  elapsed=4373s  PASS  abstain_loss=0.0000  abstain_class_balance=0.000  abstain_head_acc=1.000
[real_seed_r2_2] pilot 2 step  51200  lr=1.52e-03  loss=0.7790  val_acc={1: 1.0, 2: 1.0, 3: 1.0}  elapsed=4381s  PASS  abstain_loss=0.0000  abstain_class_balance=0.000  abstain_head_acc=1.000
[real_seed_r2_2] pilot 2 step  51300  lr=1.51e-03  loss=0.6826  val_acc={1: 1.0, 2: 1.0, 3: 1.0}  elapsed=4390s  PASS  abstain_loss=0.0000  abstain_class_balance=0.000  abstain_head_acc=1.000
[real_seed_r2_2] pilot 2 step  51400  lr=1.51e-03  loss=0.8043  val_acc={1: 1.0, 2: 1.0, 3: 1.0}  elapsed=4399s  PASS  abstain_loss=0.0000  abstain_class_balance=0.000  abstain_head_acc=1.000
[real_seed_r2_2] pilot 2 step  51500  lr=1.50e-03  loss=0.7794  val_acc={1: 1.0, 2: 1.0, 3: 1.0}  elapsed=4406s  PASS  abstain_loss=0.0000  abstain_class_balance=0.000  abstain_head_acc=1.000
[real_seed_r2_2] pilot 2 step  51600  lr=1.50e-03  loss=0.6772  val_acc={1: 1.0, 2: 1.0, 3: 1.0}  elapsed=4414s  PASS  abstain_loss=0.0000  abstain_class_balance=0.000  abstain_head_acc=1.000
[real_seed_r2_2] pilot 2 step  51700  lr=1.49e-03  loss=0.8132  val_acc={1: 1.0, 2: 1.0, 3: 1.0}  elapsed=4422s  PASS  abstain_loss=0.0000  abstain_class_balance=0.000  abstain_head_acc=1.000
[real_seed_r2_2] pilot 2 step  51800  lr=1.49e-03  loss=0.7758  val_acc={1: 1.0, 2: 1.0, 3: 1.0}  elapsed=4430s  PASS  abstain_loss=0.0000  abstain_class_balance=0.000  abstain_head_acc=1.000
[real_seed_r2_2] pilot 2 step  51900  lr=1.48e-03  loss=0.6859  val_acc={1: 1.0, 2: 1.0, 3: 1.0}  elapsed=4439s  PASS  abstain_loss=0.0000  abstain_class_balance=0.000  abstain_head_acc=1.000
[real_seed_r2_2] pilot 2 step  52000  lr=1.48e-03  loss=0.8065  val_acc={1: 1.0, 2: 1.0, 3: 1.0}  elapsed=4447s  PASS  abstain_loss=0.0000  abstain_class_balance=0.000  abstain_head_acc=1.000
[real_seed_r2_2] pilot 2 step  52100  lr=1.47e-03  loss=0.7690  val_acc={1: 1.0, 2: 1.0, 3: 1.0}  elapsed=4456s  PASS  abstain_loss=0.0000  abstain_class_balance=0.000  abstain_head_acc=1.000
[real_seed_r2_2] pilot 2 step  52200  lr=1.47e-03  loss=0.6866  val_acc={1: 1.0, 2: 1.0, 3: 1.0}  elapsed=4464s  PASS  abstain_loss=0.0000  abstain_class_balance=0.000  abstain_head_acc=1.000
[real_seed_r2_2] pilot 2 step  52300  lr=1.46e-03  loss=0.7981  val_acc={1: 1.0, 2: 1.0, 3: 1.0}  elapsed=4471s  PASS  abstain_loss=0.0000  abstain_class_balance=0.000  abstain_head_acc=1.000
[real_seed_r2_2] pilot 2 step  52400  lr=1.46e-03  loss=0.7807  val_acc={1: 1.0, 2: 1.0, 3: 1.0}  elapsed=4483s  PASS  abstain_loss=0.0000  abstain_class_balance=0.000  abstain_head_acc=1.000
[real_seed_r2_2] pilot 2 step  52500  lr=1.46e-03  loss=0.6882  val_acc={1: 1.0, 2: 1.0, 3: 1.0}  elapsed=4491s  PASS  abstain_loss=0.0000  abstain_class_balance=0.000  abstain_head_acc=1.000
[real_seed_r2_2] pilot 2 step  52600  lr=1.45e-03  loss=0.8041  val_acc={1: 1.0, 2: 1.0, 3: 1.0}  elapsed=4498s  PASS  abstain_loss=0.0000  abstain_class_balance=0.000  abstain_head_acc=1.000
[real_seed_r2_2] pilot 2 step  52700  lr=1.45e-03  loss=0.7818  val_acc={1: 1.0, 2: 1.0, 3: 1.0}  elapsed=4506s  PASS  abstain_loss=0.0000  abstain_class_balance=0.000  abstain_head_acc=1.000
[real_seed_r2_2] pilot 2 step  52800  lr=1.44e-03  loss=0.7022  val_acc={1: 1.0, 2: 1.0, 3: 1.0}  elapsed=4514s  PASS  abstain_loss=0.0071  abstain_class_balance=0.000  abstain_head_acc=1.000
[real_seed_r2_2] pilot 2 step  52900  lr=1.44e-03  loss=0.8013  val_acc={1: 1.0, 2: 1.0, 3: 1.0}  elapsed=4522s  PASS  abstain_loss=0.0000  abstain_class_balance=0.000  abstain_head_acc=1.000
[real_seed_r2_2] pilot 2 step  53000  lr=1.43e-03  loss=0.7823  val_acc={1: 1.0, 2: 1.0, 3: 1.0}  elapsed=4531s  PASS  abstain_loss=0.0000  abstain_class_balance=0.000  abstain_head_acc=1.000
[real_seed_r2_2] pilot 2 step  53100  lr=1.43e-03  loss=0.6898  val_acc={1: 1.0, 2: 1.0, 3: 1.0}  elapsed=4540s  PASS  abstain_loss=0.0000  abstain_class_balance=0.000  abstain_head_acc=1.000
[real_seed_r2_2] pilot 2 step  53200  lr=1.42e-03  loss=0.7974  val_acc={1: 1.0, 2: 1.0, 3: 1.0}  elapsed=4548s  PASS  abstain_loss=0.0000  abstain_class_balance=0.000  abstain_head_acc=1.000
[real_seed_r2_2] pilot 2 step  53300  lr=1.42e-03  loss=0.7675  val_acc={1: 1.0, 2: 1.0, 3: 1.0}  elapsed=4556s  PASS  abstain_loss=0.0000  abstain_class_balance=0.000  abstain_head_acc=1.000
[real_seed_r2_2] pilot 2 step  53400  lr=1.41e-03  loss=0.6905  val_acc={1: 1.0, 2: 1.0, 3: 1.0}  elapsed=4564s  PASS  abstain_loss=0.0000  abstain_class_balance=0.000  abstain_head_acc=1.000
[real_seed_r2_2] pilot 2 step  53500  lr=1.41e-03  loss=0.8073  val_acc={1: 1.0, 2: 1.0, 3: 1.0}  elapsed=4573s  PASS  abstain_loss=0.0000  abstain_class_balance=0.000  abstain_head_acc=1.000
[real_seed_r2_2] pilot 2 step  53600  lr=1.41e-03  loss=0.7740  val_acc={1: 1.0, 2: 1.0, 3: 1.0}  elapsed=4581s  PASS  abstain_loss=0.0000  abstain_class_balance=0.000  abstain_head_acc=1.000
[real_seed_r2_2] pilot 2 step  53700  lr=1.40e-03  loss=0.6938  val_acc={1: 1.0, 2: 1.0, 3: 1.0}  elapsed=4589s  PASS  abstain_loss=0.0005  abstain_class_balance=0.000  abstain_head_acc=1.000
[real_seed_r2_2] pilot 2 step  53800  lr=1.40e-03  loss=0.8096  val_acc={1: 1.0, 2: 1.0, 3: 1.0}  elapsed=4598s  PASS  abstain_loss=0.0000  abstain_class_balance=0.000  abstain_head_acc=1.000
[real_seed_r2_2] pilot 2 step  53900  lr=1.39e-03  loss=0.7804  val_acc={1: 1.0, 2: 1.0, 3: 1.0}  elapsed=4606s  PASS  abstain_loss=0.0000  abstain_class_balance=0.000  abstain_head_acc=1.000
[real_seed_r2_2] pilot 2 step  54000  lr=1.39e-03  loss=0.6939  val_acc={1: 1.0, 2: 1.0, 3: 1.0}  elapsed=4614s  PASS  abstain_loss=0.0000  abstain_class_balance=0.000  abstain_head_acc=1.000
[real_seed_r2_2] pilot 2 step  54100  lr=1.38e-03  loss=0.7985  val_acc={1: 1.0, 2: 1.0, 3: 1.0}  elapsed=4626s  PASS  abstain_loss=0.0000  abstain_class_balance=0.000  abstain_head_acc=1.000
[real_seed_r2_2] pilot 2 step  54200  lr=1.38e-03  loss=0.7708  val_acc={1: 1.0, 2: 1.0, 3: 1.0}  elapsed=4633s  PASS  abstain_loss=0.0000  abstain_class_balance=0.000  abstain_head_acc=1.000
[real_seed_r2_2] pilot 2 step  54300  lr=1.37e-03  loss=0.6836  val_acc={1: 1.0, 2: 1.0, 3: 1.0}  elapsed=4640s  PASS  abstain_loss=0.0000  abstain_class_balance=0.000  abstain_head_acc=1.000
[real_seed_r2_2] pilot 2 step  54400  lr=1.37e-03  loss=0.8015  val_acc={1: 1.0, 2: 1.0, 3: 1.0}  elapsed=4651s  PASS  abstain_loss=0.0000  abstain_class_balance=0.000  abstain_head_acc=1.000
[real_seed_r2_2] pilot 2 step  54500  lr=1.36e-03  loss=0.7714  val_acc={1: 1.0, 2: 1.0, 3: 1.0}  elapsed=4663s  PASS  abstain_loss=0.0000  abstain_class_balance=0.000  abstain_head_acc=1.000
[real_seed_r2_2] pilot 2 step  54600  lr=1.36e-03  loss=0.6771  val_acc={1: 1.0, 2: 1.0, 3: 1.0}  elapsed=4670s  PASS  abstain_loss=0.0000  abstain_class_balance=0.000  abstain_head_acc=1.000
[real_seed_r2_2] pilot 2 step  54700  lr=1.36e-03  loss=0.8007  val_acc={1: 1.0, 2: 1.0, 3: 1.0}  elapsed=4677s  PASS  abstain_loss=0.0000  abstain_class_balance=0.000  abstain_head_acc=1.000
[real_seed_r2_2] pilot 2 step  54800  lr=1.35e-03  loss=0.7734  val_acc={1: 1.0, 2: 1.0, 3: 1.0}  elapsed=4685s  PASS  abstain_loss=0.0000  abstain_class_balance=0.000  abstain_head_acc=1.000
[real_seed_r2_2] pilot 2 step  54900  lr=1.35e-03  loss=0.6948  val_acc={1: 1.0, 2: 1.0, 3: 1.0}  elapsed=4694s  PASS  abstain_loss=0.0000  abstain_class_balance=0.000  abstain_head_acc=1.000
[real_seed_r2_2] pilot 2 step  55000  lr=1.34e-03  loss=0.8047  val_acc={1: 1.0, 2: 1.0, 3: 1.0}  elapsed=4705s  PASS  abstain_loss=0.0000  abstain_class_balance=0.000  abstain_head_acc=1.000
[real_seed_r2_2] pilot 2 step  55100  lr=1.34e-03  loss=0.7690  val_acc={1: 1.0, 2: 1.0, 3: 1.0}  elapsed=4714s  PASS  abstain_loss=0.0000  abstain_class_balance=0.000  abstain_head_acc=1.000
[real_seed_r2_2] pilot 2 step  55200  lr=1.33e-03  loss=0.6899  val_acc={1: 1.0, 2: 1.0, 3: 1.0}  elapsed=4725s  PASS  abstain_loss=0.0000  abstain_class_balance=0.000  abstain_head_acc=1.000
[real_seed_r2_2] pilot 2 step  55300  lr=1.33e-03  loss=0.7993  val_acc={1: 1.0, 2: 1.0, 3: 1.0}  elapsed=4733s  PASS  abstain_loss=0.0000  abstain_class_balance=0.000  abstain_head_acc=1.000
[real_seed_r2_2] pilot 2 step  55400  lr=1.32e-03  loss=0.7793  val_acc={1: 1.0, 2: 1.0, 3: 1.0}  elapsed=4741s  PASS  abstain_loss=0.0000  abstain_class_balance=0.000  abstain_head_acc=1.000
[real_seed_r2_2] pilot 2 step  55500  lr=1.32e-03  loss=0.6806  val_acc={1: 1.0, 2: 1.0, 3: 1.0}  elapsed=4748s  PASS  abstain_loss=0.0000  abstain_class_balance=0.000  abstain_head_acc=1.000
[real_seed_r2_2] pilot 2 step  55600  lr=1.32e-03  loss=0.8127  val_acc={1: 1.0, 2: 1.0, 3: 1.0}  elapsed=4756s  PASS  abstain_loss=0.0000  abstain_class_balance=0.000  abstain_head_acc=1.000
[real_seed_r2_2] pilot 2 step  55700  lr=1.31e-03  loss=0.7688  val_acc={1: 1.0, 2: 1.0, 3: 1.0}  elapsed=4765s  PASS  abstain_loss=0.0000  abstain_class_balance=0.000  abstain_head_acc=1.000
[real_seed_r2_2] pilot 2 step  55800  lr=1.31e-03  loss=0.6940  val_acc={1: 1.0, 2: 1.0, 3: 1.0}  elapsed=4773s  PASS  abstain_loss=0.0000  abstain_class_balance=0.000  abstain_head_acc=1.000
[real_seed_r2_2] pilot 2 step  55900  lr=1.30e-03  loss=0.7919  val_acc={1: 1.0, 2: 1.0, 3: 1.0}  elapsed=4783s  PASS  abstain_loss=0.0000  abstain_class_balance=0.000  abstain_head_acc=1.000
[real_seed_r2_2] pilot 2 step  56000  lr=1.30e-03  loss=0.7869  val_acc={1: 1.0, 2: 1.0, 3: 1.0}  elapsed=4792s  PASS  abstain_loss=0.0000  abstain_class_balance=0.000  abstain_head_acc=1.000
[real_seed_r2_2] pilot 2 step  56100  lr=1.29e-03  loss=0.6812  val_acc={1: 1.0, 2: 1.0, 3: 1.0}  elapsed=4801s  PASS  abstain_loss=0.0000  abstain_class_balance=0.000  abstain_head_acc=1.000
[real_seed_r2_2] pilot 2 step  56200  lr=1.29e-03  loss=0.7973  val_acc={1: 1.0, 2: 1.0, 3: 1.0}  elapsed=4811s  PASS  abstain_loss=0.0000  abstain_class_balance=0.000  abstain_head_acc=1.000
[real_seed_r2_2] pilot 2 step  56300  lr=1.28e-03  loss=0.7753  val_acc={1: 1.0, 2: 1.0, 3: 1.0}  elapsed=4818s  PASS  abstain_loss=0.0000  abstain_class_balance=0.000  abstain_head_acc=1.000
[real_seed_r2_2] pilot 2 step  56400  lr=1.28e-03  loss=0.6771  val_acc={1: 1.0, 2: 1.0, 3: 1.0}  elapsed=4826s  PASS  abstain_loss=0.0000  abstain_class_balance=0.000  abstain_head_acc=1.000
[real_seed_r2_2] pilot 2 step  56500  lr=1.27e-03  loss=0.8059  val_acc={1: 1.0, 2: 1.0, 3: 1.0}  elapsed=4835s  PASS  abstain_loss=0.0000  abstain_class_balance=0.000  abstain_head_acc=1.000
[real_seed_r2_2] pilot 2 step  56600  lr=1.27e-03  loss=0.7808  val_acc={1: 1.0, 2: 1.0, 3: 1.0}  elapsed=4843s  PASS  abstain_loss=0.0000  abstain_class_balance=0.000  abstain_head_acc=1.000
[real_seed_r2_2] pilot 2 step  56700  lr=1.27e-03  loss=0.6901  val_acc={1: 1.0, 2: 1.0, 3: 1.0}  elapsed=4851s  PASS  abstain_loss=0.0000  abstain_class_balance=0.000  abstain_head_acc=1.000
[real_seed_r2_2] pilot 2 step  56800  lr=1.26e-03  loss=0.8083  val_acc={1: 1.0, 2: 1.0, 3: 1.0}  elapsed=4859s  PASS  abstain_loss=0.0000  abstain_class_balance=0.000  abstain_head_acc=1.000
[real_seed_r2_2] pilot 2 step  56900  lr=1.26e-03  loss=0.7821  val_acc={1: 1.0, 2: 1.0, 3: 1.0}  elapsed=4867s  PASS  abstain_loss=0.0000  abstain_class_balance=0.000  abstain_head_acc=1.000
[real_seed_r2_2] pilot 2 step  57000  lr=1.25e-03  loss=0.6946  val_acc={1: 1.0, 2: 1.0, 3: 1.0}  elapsed=4876s  PASS  abstain_loss=0.0000  abstain_class_balance=0.000  abstain_head_acc=1.000
[real_seed_r2_2] pilot 2 step  57100  lr=1.25e-03  loss=0.8085  val_acc={1: 1.0, 2: 1.0, 3: 1.0}  elapsed=4883s  PASS  abstain_loss=0.0000  abstain_class_balance=0.000  abstain_head_acc=1.000
[real_seed_r2_2] pilot 2 step  57200  lr=1.24e-03  loss=0.7723  val_acc={1: 1.0, 2: 1.0, 3: 1.0}  elapsed=4892s  PASS  abstain_loss=0.0000  abstain_class_balance=0.000  abstain_head_acc=1.000
[real_seed_r2_2] pilot 2 step  57300  lr=1.24e-03  loss=0.6698  val_acc={1: 1.0, 2: 1.0, 3: 1.0}  elapsed=4900s  PASS  abstain_loss=0.0000  abstain_class_balance=0.000  abstain_head_acc=1.000
[real_seed_r2_2] pilot 2 step  57400  lr=1.23e-03  loss=0.8051  val_acc={1: 1.0, 2: 1.0, 3: 1.0}  elapsed=4907s  PASS  abstain_loss=0.0000  abstain_class_balance=0.000  abstain_head_acc=1.000
[real_seed_r2_2] pilot 2 step  57500  lr=1.23e-03  loss=0.7742  val_acc={1: 1.0, 2: 1.0, 3: 1.0}  elapsed=4917s  PASS  abstain_loss=0.0000  abstain_class_balance=0.000  abstain_head_acc=1.000
[real_seed_r2_2] pilot 2 step  57600  lr=1.23e-03  loss=0.6751  val_acc={1: 1.0, 2: 1.0, 3: 1.0}  elapsed=4925s  PASS  abstain_loss=0.0000  abstain_class_balance=0.000  abstain_head_acc=1.000
[real_seed_r2_2] pilot 2 step  57700  lr=1.22e-03  loss=0.8027  val_acc={1: 1.0, 2: 1.0, 3: 1.0}  elapsed=4934s  PASS  abstain_loss=0.0000  abstain_class_balance=0.000  abstain_head_acc=1.000
[real_seed_r2_2] pilot 2 step  57800  lr=1.22e-03  loss=0.7637  val_acc={1: 1.0, 2: 1.0, 3: 1.0}  elapsed=4944s  PASS  abstain_loss=0.0000  abstain_class_balance=0.000  abstain_head_acc=1.000
[real_seed_r2_2] pilot 2 step  57900  lr=1.21e-03  loss=0.6902  val_acc={1: 1.0, 2: 1.0, 3: 1.0}  elapsed=4952s  PASS  abstain_loss=0.0000  abstain_class_balance=0.000  abstain_head_acc=1.000
[real_seed_r2_2] pilot 2 step  58000  lr=1.21e-03  loss=0.7979  val_acc={1: 1.0, 2: 1.0, 3: 1.0}  elapsed=4959s  PASS  abstain_loss=0.0000  abstain_class_balance=0.000  abstain_head_acc=1.000
[real_seed_r2_2] pilot 2 step  58100  lr=1.20e-03  loss=0.7800  val_acc={1: 1.0, 2: 1.0, 3: 1.0}  elapsed=4967s  PASS  abstain_loss=0.0000  abstain_class_balance=0.000  abstain_head_acc=1.000
[real_seed_r2_2] pilot 2 step  58200  lr=1.20e-03  loss=0.6822  val_acc={1: 1.0, 2: 1.0, 3: 1.0}  elapsed=4975s  PASS  abstain_loss=0.0000  abstain_class_balance=0.000  abstain_head_acc=1.000
[real_seed_r2_2] pilot 2 step  58300  lr=1.19e-03  loss=0.8016  val_acc={1: 1.0, 2: 1.0, 3: 1.0}  elapsed=4983s  PASS  abstain_loss=0.0000  abstain_class_balance=0.000  abstain_head_acc=1.000
[real_seed_r2_2] pilot 2 step  58400  lr=1.19e-03  loss=0.7713  val_acc={1: 1.0, 2: 1.0, 3: 1.0}  elapsed=4992s  PASS  abstain_loss=0.0000  abstain_class_balance=0.000  abstain_head_acc=1.000
[real_seed_r2_2] pilot 2 step  58500  lr=1.19e-03  loss=0.6781  val_acc={1: 1.0, 2: 1.0, 3: 1.0}  elapsed=5000s  PASS  abstain_loss=0.0001  abstain_class_balance=0.000  abstain_head_acc=1.000
[real_seed_r2_2] pilot 2 step  58600  lr=1.18e-03  loss=0.7935  val_acc={1: 1.0, 2: 1.0, 3: 1.0}  elapsed=5009s  PASS  abstain_loss=0.0000  abstain_class_balance=0.000  abstain_head_acc=1.000
[real_seed_r2_2] pilot 2 step  58700  lr=1.18e-03  loss=0.7730  val_acc={1: 1.0, 2: 1.0, 3: 1.0}  elapsed=5016s  PASS  abstain_loss=0.0000  abstain_class_balance=0.000  abstain_head_acc=1.000
[real_seed_r2_2] pilot 2 step  58800  lr=1.17e-03  loss=0.6852  val_acc={1: 1.0, 2: 1.0, 3: 1.0}  elapsed=5024s  PASS  abstain_loss=0.0000  abstain_class_balance=0.000  abstain_head_acc=1.000
[real_seed_r2_2] pilot 2 step  58900  lr=1.17e-03  loss=0.8068  val_acc={1: 1.0, 2: 1.0, 3: 1.0}  elapsed=5033s  PASS  abstain_loss=0.0000  abstain_class_balance=0.000  abstain_head_acc=1.000
[real_seed_r2_2] pilot 2 step  59000  lr=1.16e-03  loss=0.7759  val_acc={1: 1.0, 2: 1.0, 3: 1.0}  elapsed=5040s  PASS  abstain_loss=0.0000  abstain_class_balance=0.000  abstain_head_acc=1.000
[real_seed_r2_2] pilot 2 step  59100  lr=1.16e-03  loss=0.6892  val_acc={1: 1.0, 2: 1.0, 3: 1.0}  elapsed=5048s  PASS  abstain_loss=0.0000  abstain_class_balance=0.000  abstain_head_acc=1.000
[real_seed_r2_2] pilot 2 step  59200  lr=1.15e-03  loss=0.8036  val_acc={1: 1.0, 2: 1.0, 3: 1.0}  elapsed=5055s  PASS  abstain_loss=0.0000  abstain_class_balance=0.000  abstain_head_acc=1.000
[real_seed_r2_2] pilot 2 step  59300  lr=1.15e-03  loss=0.7707  val_acc={1: 1.0, 2: 1.0, 3: 1.0}  elapsed=5063s  PASS  abstain_loss=0.0000  abstain_class_balance=0.000  abstain_head_acc=1.000
[real_seed_r2_2] pilot 2 step  59400  lr=1.15e-03  loss=0.6801  val_acc={1: 1.0, 2: 1.0, 3: 1.0}  elapsed=5074s  PASS  abstain_loss=0.0000  abstain_class_balance=0.000  abstain_head_acc=1.000
[real_seed_r2_2] pilot 2 step  59500  lr=1.14e-03  loss=0.8042  val_acc={1: 1.0, 2: 1.0, 3: 1.0}  elapsed=5083s  PASS  abstain_loss=0.0000  abstain_class_balance=0.000  abstain_head_acc=1.000
[real_seed_r2_2] pilot 2 step  59600  lr=1.14e-03  loss=0.7730  val_acc={1: 1.0, 2: 1.0, 3: 1.0}  elapsed=5090s  PASS  abstain_loss=0.0000  abstain_class_balance=0.000  abstain_head_acc=1.000
[real_seed_r2_2] pilot 2 step  59700  lr=1.13e-03  loss=0.7002  val_acc={1: 1.0, 2: 1.0, 3: 1.0}  elapsed=5098s  PASS  abstain_loss=0.0000  abstain_class_balance=0.000  abstain_head_acc=1.000
[real_seed_r2_2] pilot 2 step  59800  lr=1.13e-03  loss=0.8059  val_acc={1: 1.0, 2: 1.0, 3: 1.0}  elapsed=5106s  PASS  abstain_loss=0.0000  abstain_class_balance=0.000  abstain_head_acc=1.000
[real_seed_r2_2] pilot 2 step  59900  lr=1.12e-03  loss=0.7711  val_acc={1: 1.0, 2: 1.0, 3: 1.0}  elapsed=5115s  PASS  abstain_loss=0.0000  abstain_class_balance=0.000  abstain_head_acc=1.000
[real_seed_r2_2] pilot 2 step  60000  lr=1.12e-03  loss=0.6901  val_acc={1: 1.0, 2: 1.0, 3: 1.0}  elapsed=5124s  PASS  abstain_loss=0.0000  abstain_class_balance=0.000  abstain_head_acc=1.000
[real_seed_r2_2] pilot 2 step  60100  lr=1.11e-03  loss=0.7961  val_acc={1: 1.0, 2: 1.0, 3: 1.0}  elapsed=5133s  PASS  abstain_loss=0.0000  abstain_class_balance=0.000  abstain_head_acc=1.000
[real_seed_r2_2] pilot 2 step  60200  lr=1.11e-03  loss=0.7635  val_acc={1: 1.0, 2: 1.0, 3: 1.0}  elapsed=5144s  PASS  abstain_loss=0.0000  abstain_class_balance=0.000  abstain_head_acc=1.000
[real_seed_r2_2] pilot 2 step  60300  lr=1.11e-03  loss=0.6818  val_acc={1: 1.0, 2: 1.0, 3: 1.0}  elapsed=5151s  PASS  abstain_loss=0.0000  abstain_class_balance=0.000  abstain_head_acc=1.000
[real_seed_r2_2] pilot 2 step  60400  lr=1.10e-03  loss=0.7975  val_acc={1: 1.0, 2: 1.0, 3: 1.0}  elapsed=5159s  PASS  abstain_loss=0.0000  abstain_class_balance=0.000  abstain_head_acc=1.000
[real_seed_r2_2] pilot 2 step  60500  lr=1.10e-03  loss=0.7703  val_acc={1: 1.0, 2: 1.0, 3: 1.0}  elapsed=5168s  PASS  abstain_loss=0.0000  abstain_class_balance=0.000  abstain_head_acc=1.000
[real_seed_r2_2] pilot 2 step  60600  lr=1.09e-03  loss=0.6917  val_acc={1: 1.0, 2: 1.0, 3: 1.0}  elapsed=5175s  PASS  abstain_loss=0.0000  abstain_class_balance=0.000  abstain_head_acc=1.000
[real_seed_r2_2] pilot 2 step  60700  lr=1.09e-03  loss=0.7965  val_acc={1: 1.0, 2: 1.0, 3: 1.0}  elapsed=5183s  PASS  abstain_loss=0.0000  abstain_class_balance=0.000  abstain_head_acc=1.000
[real_seed_r2_2] pilot 2 step  60800  lr=1.08e-03  loss=0.7677  val_acc={1: 1.0, 2: 1.0, 3: 1.0}  elapsed=5190s  PASS  abstain_loss=0.0000  abstain_class_balance=0.000  abstain_head_acc=1.000
[real_seed_r2_2] pilot 2 step  60900  lr=1.08e-03  loss=0.6898  val_acc={1: 1.0, 2: 1.0, 3: 1.0}  elapsed=5199s  PASS  abstain_loss=0.0000  abstain_class_balance=0.000  abstain_head_acc=1.000
[real_seed_r2_2] pilot 2 step  61000  lr=1.08e-03  loss=0.7995  val_acc={1: 1.0, 2: 1.0, 3: 1.0}  elapsed=5206s  PASS  abstain_loss=0.0000  abstain_class_balance=0.000  abstain_head_acc=1.000
[real_seed_r2_2] pilot 2 step  61100  lr=1.07e-03  loss=0.7760  val_acc={1: 1.0, 2: 1.0, 3: 1.0}  elapsed=5216s  PASS  abstain_loss=0.0000  abstain_class_balance=0.000  abstain_head_acc=1.000
[real_seed_r2_2] pilot 2 step  61200  lr=1.07e-03  loss=0.6841  val_acc={1: 1.0, 2: 1.0, 3: 1.0}  elapsed=5224s  PASS  abstain_loss=0.0000  abstain_class_balance=0.000  abstain_head_acc=1.000
[real_seed_r2_2] pilot 2 step  61300  lr=1.06e-03  loss=0.7986  val_acc={1: 1.0, 2: 1.0, 3: 1.0}  elapsed=5232s  PASS  abstain_loss=0.0000  abstain_class_balance=0.000  abstain_head_acc=1.000
[real_seed_r2_2] pilot 2 step  61400  lr=1.06e-03  loss=0.7674  val_acc={1: 1.0, 2: 1.0, 3: 1.0}  elapsed=5240s  PASS  abstain_loss=0.0000  abstain_class_balance=0.000  abstain_head_acc=1.000
[real_seed_r2_2] pilot 2 step  61500  lr=1.05e-03  loss=0.6920  val_acc={1: 1.0, 2: 1.0, 3: 1.0}  elapsed=5250s  PASS  abstain_loss=0.0000  abstain_class_balance=0.000  abstain_head_acc=1.000
[real_seed_r2_2] pilot 2 step  61600  lr=1.05e-03  loss=0.8017  val_acc={1: 1.0, 2: 1.0, 3: 1.0}  elapsed=5257s  PASS  abstain_loss=0.0000  abstain_class_balance=0.000  abstain_head_acc=1.000
[real_seed_r2_2] pilot 2 step  61700  lr=1.04e-03  loss=0.7741  val_acc={1: 1.0, 2: 1.0, 3: 1.0}  elapsed=5265s  PASS  abstain_loss=0.0000  abstain_class_balance=0.000  abstain_head_acc=1.000
[real_seed_r2_2] pilot 2 step  61800  lr=1.04e-03  loss=0.6831  val_acc={1: 1.0, 2: 1.0, 3: 1.0}  elapsed=5273s  PASS  abstain_loss=0.0000  abstain_class_balance=0.000  abstain_head_acc=1.000
[real_seed_r2_2] pilot 2 step  61900  lr=1.04e-03  loss=0.7982  val_acc={1: 1.0, 2: 1.0, 3: 1.0}  elapsed=5281s  PASS  abstain_loss=0.0000  abstain_class_balance=0.000  abstain_head_acc=1.000
[real_seed_r2_2] pilot 2 step  62000  lr=1.03e-03  loss=0.7711  val_acc={1: 1.0, 2: 1.0, 3: 1.0}  elapsed=5290s  PASS  abstain_loss=0.0000  abstain_class_balance=0.000  abstain_head_acc=1.000
[real_seed_r2_2] pilot 2 step  62100  lr=1.03e-03  loss=0.6856  val_acc={1: 1.0, 2: 1.0, 3: 1.0}  elapsed=5298s  PASS  abstain_loss=0.0000  abstain_class_balance=0.000  abstain_head_acc=1.000
[real_seed_r2_2] pilot 2 step  62200  lr=1.02e-03  loss=0.8145  val_acc={1: 1.0, 2: 1.0, 3: 1.0}  elapsed=5307s  PASS  abstain_loss=0.0000  abstain_class_balance=0.000  abstain_head_acc=1.000
[real_seed_r2_2] pilot 2 step  62300  lr=1.02e-03  loss=0.7922  val_acc={1: 1.0, 2: 1.0, 3: 1.0}  elapsed=5315s  PASS  abstain_loss=0.0000  abstain_class_balance=0.000  abstain_head_acc=1.000
[real_seed_r2_2] pilot 2 step  62400  lr=1.01e-03  loss=0.6876  val_acc={1: 1.0, 2: 1.0, 3: 1.0}  elapsed=5324s  PASS  abstain_loss=0.0000  abstain_class_balance=0.000  abstain_head_acc=1.000
[real_seed_r2_2] pilot 2 step  62500  lr=1.01e-03  loss=0.8024  val_acc={1: 1.0, 2: 1.0, 3: 1.0}  elapsed=5336s  PASS  abstain_loss=0.0000  abstain_class_balance=0.000  abstain_head_acc=1.000
[real_seed_r2_2] pilot 2 step  62600  lr=1.01e-03  loss=0.7816  val_acc={1: 1.0, 2: 1.0, 3: 1.0}  elapsed=5345s  PASS  abstain_loss=0.0000  abstain_class_balance=0.000  abstain_head_acc=1.000
[real_seed_r2_2] pilot 2 step  62700  lr=1.00e-03  loss=0.6934  val_acc={1: 1.0, 2: 1.0, 3: 1.0}  elapsed=5353s  PASS  abstain_loss=0.0000  abstain_class_balance=0.000  abstain_head_acc=1.000
[real_seed_r2_2] pilot 2 step  62800  lr=9.98e-04  loss=0.8037  val_acc={1: 1.0, 2: 1.0, 3: 1.0}  elapsed=5361s  PASS  abstain_loss=0.0000  abstain_class_balance=0.000  abstain_head_acc=1.000
[real_seed_r2_2] pilot 2 step  62900  lr=9.93e-04  loss=0.7715  val_acc={1: 1.0, 2: 1.0, 3: 1.0}  elapsed=5369s  PASS  abstain_loss=0.0000  abstain_class_balance=0.000  abstain_head_acc=1.000
[real_seed_r2_2] pilot 2 step  63000  lr=9.89e-04  loss=0.6920  val_acc={1: 1.0, 2: 1.0, 3: 1.0}  elapsed=5377s  PASS  abstain_loss=0.0000  abstain_class_balance=0.000  abstain_head_acc=1.000
[real_seed_r2_2] pilot 2 step  63100  lr=9.85e-04  loss=0.7982  val_acc={1: 1.0, 2: 1.0, 3: 1.0}  elapsed=5385s  PASS  abstain_loss=0.0000  abstain_class_balance=0.000  abstain_head_acc=1.000
[real_seed_r2_2] pilot 2 step  63200  lr=9.81e-04  loss=0.7742  val_acc={1: 1.0, 2: 1.0, 3: 1.0}  elapsed=5395s  PASS  abstain_loss=0.0000  abstain_class_balance=0.000  abstain_head_acc=1.000
[real_seed_r2_2] pilot 2 step  63300  lr=9.76e-04  loss=0.6830  val_acc={1: 1.0, 2: 1.0, 3: 1.0}  elapsed=5405s  PASS  abstain_loss=0.0000  abstain_class_balance=0.000  abstain_head_acc=1.000
[real_seed_r2_2] pilot 2 step  63400  lr=9.72e-04  loss=0.8131  val_acc={1: 1.0, 2: 1.0, 3: 1.0}  elapsed=5413s  PASS  abstain_loss=0.0000  abstain_class_balance=0.000  abstain_head_acc=1.000
[real_seed_r2_2] pilot 2 step  63500  lr=9.68e-04  loss=0.7773  val_acc={1: 1.0, 2: 1.0, 3: 1.0}  elapsed=5422s  PASS  abstain_loss=0.0000  abstain_class_balance=0.000  abstain_head_acc=1.000
[real_seed_r2_2] pilot 2 step  63600  lr=9.64e-04  loss=0.6846  val_acc={1: 1.0, 2: 1.0, 3: 1.0}  elapsed=5430s  PASS  abstain_loss=0.0000  abstain_class_balance=0.000  abstain_head_acc=1.000
[real_seed_r2_2] pilot 2 step  63700  lr=9.59e-04  loss=0.8020  val_acc={1: 1.0, 2: 1.0, 3: 1.0}  elapsed=5440s  PASS  abstain_loss=0.0000  abstain_class_balance=0.000  abstain_head_acc=1.000
[real_seed_r2_2] pilot 2 step  63800  lr=9.55e-04  loss=0.7753  val_acc={1: 1.0, 2: 1.0, 3: 1.0}  elapsed=5446s  PASS  abstain_loss=0.0000  abstain_class_balance=0.000  abstain_head_acc=1.000
[real_seed_r2_2] pilot 2 step  63900  lr=9.51e-04  loss=0.6934  val_acc={1: 1.0, 2: 1.0, 3: 1.0}  elapsed=5455s  PASS  abstain_loss=0.0000  abstain_class_balance=0.000  abstain_head_acc=1.000
[real_seed_r2_2] pilot 2 step  64000  lr=9.47e-04  loss=0.8014  val_acc={1: 1.0, 2: 1.0, 3: 1.0}  elapsed=5464s  PASS  abstain_loss=0.0000  abstain_class_balance=0.000  abstain_head_acc=1.000
[real_seed_r2_2] pilot 2 step  64100  lr=9.43e-04  loss=0.7724  val_acc={1: 1.0, 2: 1.0, 3: 1.0}  elapsed=5472s  PASS  abstain_loss=0.0000  abstain_class_balance=0.000  abstain_head_acc=1.000
[real_seed_r2_2] pilot 2 step  64200  lr=9.38e-04  loss=0.6803  val_acc={1: 1.0, 2: 1.0, 3: 1.0}  elapsed=5480s  PASS  abstain_loss=0.0000  abstain_class_balance=0.000  abstain_head_acc=1.000
[real_seed_r2_2] pilot 2 step  64300  lr=9.34e-04  loss=0.8007  val_acc={1: 1.0, 2: 1.0, 3: 1.0}  elapsed=5489s  PASS  abstain_loss=0.0000  abstain_class_balance=0.000  abstain_head_acc=1.000
[real_seed_r2_2] pilot 2 step  64400  lr=9.30e-04  loss=0.7689  val_acc={1: 1.0, 2: 1.0, 3: 1.0}  elapsed=5497s  PASS  abstain_loss=0.0000  abstain_class_balance=0.000  abstain_head_acc=1.000
[real_seed_r2_2] pilot 2 step  64500  lr=9.26e-04  loss=0.6862  val_acc={1: 1.0, 2: 1.0, 3: 1.0}  elapsed=5506s  PASS  abstain_loss=0.0000  abstain_class_balance=0.000  abstain_head_acc=1.000
[real_seed_r2_2] pilot 2 step  64600  lr=9.22e-04  loss=0.8097  val_acc={1: 1.0, 2: 1.0, 3: 1.0}  elapsed=5514s  PASS  abstain_loss=0.0000  abstain_class_balance=0.000  abstain_head_acc=1.000
[real_seed_r2_2] pilot 2 step  64700  lr=9.17e-04  loss=0.7694  val_acc={1: 1.0, 2: 1.0, 3: 1.0}  elapsed=5523s  PASS  abstain_loss=0.0000  abstain_class_balance=0.000  abstain_head_acc=1.000
[real_seed_r2_2] pilot 2 step  64800  lr=9.13e-04  loss=0.6921  val_acc={1: 1.0, 2: 1.0, 3: 1.0}  elapsed=5531s  PASS  abstain_loss=0.0000  abstain_class_balance=0.000  abstain_head_acc=1.000
[real_seed_r2_2] pilot 2 step  64900  lr=9.09e-04  loss=0.7986  val_acc={1: 1.0, 2: 1.0, 3: 1.0}  elapsed=5539s  PASS  abstain_loss=0.0000  abstain_class_balance=0.000  abstain_head_acc=1.000
[real_seed_r2_2] pilot 2 step  65000  lr=9.05e-04  loss=0.7802  val_acc={1: 1.0, 2: 1.0, 3: 1.0}  elapsed=5547s  PASS  abstain_loss=0.0000  abstain_class_balance=0.000  abstain_head_acc=1.000
[real_seed_r2_2] pilot 2 step  65100  lr=9.01e-04  loss=0.6876  val_acc={1: 1.0, 2: 1.0, 3: 1.0}  elapsed=5557s  PASS  abstain_loss=0.0000  abstain_class_balance=0.000  abstain_head_acc=1.000
[real_seed_r2_2] pilot 2 step  65200  lr=8.97e-04  loss=0.8003  val_acc={1: 1.0, 2: 1.0, 3: 1.0}  elapsed=5564s  PASS  abstain_loss=0.0000  abstain_class_balance=0.000  abstain_head_acc=1.000
[real_seed_r2_2] pilot 2 step  65300  lr=8.92e-04  loss=0.7599  val_acc={1: 1.0, 2: 1.0, 3: 1.0}  elapsed=5573s  PASS  abstain_loss=0.0000  abstain_class_balance=0.000  abstain_head_acc=1.000
[real_seed_r2_2] pilot 2 step  65400  lr=8.88e-04  loss=0.6919  val_acc={1: 1.0, 2: 1.0, 3: 1.0}  elapsed=5582s  PASS  abstain_loss=0.0000  abstain_class_balance=0.000  abstain_head_acc=1.000
[real_seed_r2_2] pilot 2 step  65500  lr=8.84e-04  loss=0.7974  val_acc={1: 1.0, 2: 1.0, 3: 1.0}  elapsed=5593s  PASS  abstain_loss=0.0000  abstain_class_balance=0.000  abstain_head_acc=1.000
[real_seed_r2_2] pilot 2 step  65600  lr=8.80e-04  loss=0.7643  val_acc={1: 1.0, 2: 1.0, 3: 1.0}  elapsed=5602s  PASS  abstain_loss=0.0000  abstain_class_balance=0.000  abstain_head_acc=1.000
[real_seed_r2_2] pilot 2 step  65700  lr=8.76e-04  loss=0.6857  val_acc={1: 1.0, 2: 1.0, 3: 1.0}  elapsed=5609s  PASS  abstain_loss=0.0000  abstain_class_balance=0.000  abstain_head_acc=1.000
[real_seed_r2_2] pilot 2 step  65800  lr=8.72e-04  loss=0.7959  val_acc={1: 1.0, 2: 1.0, 3: 1.0}  elapsed=5616s  PASS  abstain_loss=0.0000  abstain_class_balance=0.000  abstain_head_acc=1.000
[real_seed_r2_2] pilot 2 step  65900  lr=8.68e-04  loss=0.7726  val_acc={1: 1.0, 2: 1.0, 3: 1.0}  elapsed=5625s  PASS  abstain_loss=0.0000  abstain_class_balance=0.000  abstain_head_acc=1.000
[real_seed_r2_2] pilot 2 step  66000  lr=8.64e-04  loss=0.6910  val_acc={1: 1.0, 2: 1.0, 3: 1.0}  elapsed=5634s  PASS  abstain_loss=0.0000  abstain_class_balance=0.000  abstain_head_acc=1.000
[real_seed_r2_2] pilot 2 step  66100  lr=8.60e-04  loss=0.7962  val_acc={1: 1.0, 2: 1.0, 3: 1.0}  elapsed=5642s  PASS  abstain_loss=0.0000  abstain_class_balance=0.000  abstain_head_acc=1.000
[real_seed_r2_2] pilot 2 step  66200  lr=8.55e-04  loss=0.7747  val_acc={1: 1.0, 2: 1.0, 3: 1.0}  elapsed=5650s  PASS  abstain_loss=0.0000  abstain_class_balance=0.000  abstain_head_acc=1.000
[real_seed_r2_2] pilot 2 step  66300  lr=8.51e-04  loss=0.6787  val_acc={1: 1.0, 2: 1.0, 3: 1.0}  elapsed=5658s  PASS  abstain_loss=0.0000  abstain_class_balance=0.000  abstain_head_acc=1.000
[real_seed_r2_2] pilot 2 step  66400  lr=8.47e-04  loss=0.7965  val_acc={1: 1.0, 2: 1.0, 3: 1.0}  elapsed=5667s  PASS  abstain_loss=0.0000  abstain_class_balance=0.000  abstain_head_acc=1.000
[real_seed_r2_2] pilot 2 step  66500  lr=8.43e-04  loss=0.7623  val_acc={1: 1.0, 2: 1.0, 3: 1.0}  elapsed=5675s  PASS  abstain_loss=0.0000  abstain_class_balance=0.000  abstain_head_acc=1.000
[real_seed_r2_2] pilot 2 step  66600  lr=8.39e-04  loss=0.6909  val_acc={1: 1.0, 2: 1.0, 3: 1.0}  elapsed=5683s  PASS  abstain_loss=0.0000  abstain_class_balance=0.000  abstain_head_acc=1.000
[real_seed_r2_2] pilot 2 step  66700  lr=8.35e-04  loss=0.8017  val_acc={1: 1.0, 2: 1.0, 3: 1.0}  elapsed=5691s  PASS  abstain_loss=0.0000  abstain_class_balance=0.000  abstain_head_acc=1.000
[real_seed_r2_2] pilot 2 step  66800  lr=8.31e-04  loss=0.7678  val_acc={1: 1.0, 2: 1.0, 3: 1.0}  elapsed=5699s  PASS  abstain_loss=0.0000  abstain_class_balance=0.000  abstain_head_acc=1.000
[real_seed_r2_2] pilot 2 step  66900  lr=8.27e-04  loss=0.6914  val_acc={1: 1.0, 2: 1.0, 3: 1.0}  elapsed=5708s  PASS  abstain_loss=0.0000  abstain_class_balance=0.000  abstain_head_acc=1.000
[real_seed_r2_2] pilot 2 step  67000  lr=8.23e-04  loss=0.8024  val_acc={1: 1.0, 2: 1.0, 3: 1.0}  elapsed=5716s  PASS  abstain_loss=0.0000  abstain_class_balance=0.000  abstain_head_acc=1.000
[real_seed_r2_2] pilot 2 step  67100  lr=8.19e-04  loss=0.7885  val_acc={1: 1.0, 2: 1.0, 3: 1.0}  elapsed=5723s  PASS  abstain_loss=0.0000  abstain_class_balance=0.000  abstain_head_acc=1.000
[real_seed_r2_2] pilot 2 step  67200  lr=8.15e-04  loss=0.6884  val_acc={1: 1.0, 2: 1.0, 3: 1.0}  elapsed=5732s  PASS  abstain_loss=0.0000  abstain_class_balance=0.000  abstain_head_acc=1.000
[real_seed_r2_2] pilot 2 step  67300  lr=8.11e-04  loss=0.7979  val_acc={1: 1.0, 2: 1.0, 3: 1.0}  elapsed=5740s  PASS  abstain_loss=0.0000  abstain_class_balance=0.000  abstain_head_acc=1.000
[real_seed_r2_2] pilot 2 step  67400  lr=8.07e-04  loss=0.7816  val_acc={1: 1.0, 2: 1.0, 3: 1.0}  elapsed=5747s  PASS  abstain_loss=0.0000  abstain_class_balance=0.000  abstain_head_acc=1.000
[real_seed_r2_2] pilot 2 step  67500  lr=8.03e-04  loss=0.6917  val_acc={1: 1.0, 2: 1.0, 3: 1.0}  elapsed=5756s  PASS  abstain_loss=0.0000  abstain_class_balance=0.000  abstain_head_acc=1.000
[real_seed_r2_2] pilot 2 step  67600  lr=7.99e-04  loss=0.8022  val_acc={1: 1.0, 2: 1.0, 3: 1.0}  elapsed=5764s  PASS  abstain_loss=0.0000  abstain_class_balance=0.000  abstain_head_acc=1.000
[real_seed_r2_2] pilot 2 step  67700  lr=7.95e-04  loss=0.7742  val_acc={1: 1.0, 2: 1.0, 3: 1.0}  elapsed=5772s  PASS  abstain_loss=0.0000  abstain_class_balance=0.000  abstain_head_acc=1.000
[real_seed_r2_2] pilot 2 step  67800  lr=7.91e-04  loss=0.6922  val_acc={1: 1.0, 2: 1.0, 3: 1.0}  elapsed=5782s  PASS  abstain_loss=0.0000  abstain_class_balance=0.000  abstain_head_acc=1.000
[real_seed_r2_2] pilot 2 step  67900  lr=7.87e-04  loss=0.7993  val_acc={1: 1.0, 2: 1.0, 3: 1.0}  elapsed=5790s  PASS  abstain_loss=0.0000  abstain_class_balance=0.000  abstain_head_acc=1.000
[real_seed_r2_2] pilot 2 step  68000  lr=7.83e-04  loss=0.7686  val_acc={1: 1.0, 2: 1.0, 3: 1.0}  elapsed=5799s  PASS  abstain_loss=0.0000  abstain_class_balance=0.000  abstain_head_acc=1.000
[real_seed_r2_2] pilot 2 step  68100  lr=7.79e-04  loss=0.6723  val_acc={1: 1.0, 2: 1.0, 3: 1.0}  elapsed=5806s  PASS  abstain_loss=0.0000  abstain_class_balance=0.000  abstain_head_acc=1.000
[real_seed_r2_2] pilot 2 step  68200  lr=7.75e-04  loss=0.7979  val_acc={1: 1.0, 2: 1.0, 3: 1.0}  elapsed=5815s  PASS  abstain_loss=0.0000  abstain_class_balance=0.000  abstain_head_acc=1.000
[real_seed_r2_2] pilot 2 step  68300  lr=7.71e-04  loss=0.7753  val_acc={1: 1.0, 2: 1.0, 3: 1.0}  elapsed=5823s  PASS  abstain_loss=0.0000  abstain_class_balance=0.000  abstain_head_acc=1.000
[real_seed_r2_2] pilot 2 step  68400  lr=7.67e-04  loss=0.6850  val_acc={1: 1.0, 2: 1.0, 3: 1.0}  elapsed=5830s  PASS  abstain_loss=0.0001  abstain_class_balance=0.000  abstain_head_acc=1.000
[real_seed_r2_2] pilot 2 step  68500  lr=7.63e-04  loss=0.8010  val_acc={1: 1.0, 2: 1.0, 3: 1.0}  elapsed=5838s  PASS  abstain_loss=0.0000  abstain_class_balance=0.000  abstain_head_acc=1.000
[real_seed_r2_2] pilot 2 step  68600  lr=7.59e-04  loss=0.7706  val_acc={1: 1.0, 2: 1.0, 3: 1.0}  elapsed=5847s  PASS  abstain_loss=0.0000  abstain_class_balance=0.000  abstain_head_acc=1.000
[real_seed_r2_2] pilot 2 step  68700  lr=7.55e-04  loss=0.6838  val_acc={1: 1.0, 2: 1.0, 3: 1.0}  elapsed=5855s  PASS  abstain_loss=0.0000  abstain_class_balance=0.000  abstain_head_acc=1.000
[real_seed_r2_2] pilot 2 step  68800  lr=7.52e-04  loss=0.8024  val_acc={1: 1.0, 2: 1.0, 3: 1.0}  elapsed=5863s  PASS  abstain_loss=0.0000  abstain_class_balance=0.000  abstain_head_acc=1.000
[real_seed_r2_2] pilot 2 step  68900  lr=7.48e-04  loss=0.7628  val_acc={1: 1.0, 2: 1.0, 3: 1.0}  elapsed=5871s  PASS  abstain_loss=0.0000  abstain_class_balance=0.000  abstain_head_acc=1.000
[real_seed_r2_2] pilot 2 step  69000  lr=7.44e-04  loss=0.6891  val_acc={1: 1.0, 2: 1.0, 3: 1.0}  elapsed=5879s  PASS  abstain_loss=0.0000  abstain_class_balance=0.000  abstain_head_acc=1.000
[real_seed_r2_2] pilot 2 step  69100  lr=7.40e-04  loss=0.7979  val_acc={1: 1.0, 2: 1.0, 3: 1.0}  elapsed=5887s  PASS  abstain_loss=0.0000  abstain_class_balance=0.000  abstain_head_acc=1.000
[real_seed_r2_2] pilot 2 step  69200  lr=7.36e-04  loss=0.7678  val_acc={1: 1.0, 2: 1.0, 3: 1.0}  elapsed=5894s  PASS  abstain_loss=0.0000  abstain_class_balance=0.000  abstain_head_acc=1.000
[real_seed_r2_2] pilot 2 step  69300  lr=7.32e-04  loss=0.6874  val_acc={1: 1.0, 2: 1.0, 3: 1.0}  elapsed=5903s  PASS  abstain_loss=0.0000  abstain_class_balance=0.000  abstain_head_acc=1.000
[real_seed_r2_2] pilot 2 step  69400  lr=7.28e-04  loss=0.8045  val_acc={1: 1.0, 2: 1.0, 3: 1.0}  elapsed=5910s  PASS  abstain_loss=0.0000  abstain_class_balance=0.000  abstain_head_acc=1.000
[real_seed_r2_2] pilot 2 step  69500  lr=7.24e-04  loss=0.7674  val_acc={1: 1.0, 2: 1.0, 3: 1.0}  elapsed=5919s  PASS  abstain_loss=0.0000  abstain_class_balance=0.000  abstain_head_acc=1.000
[real_seed_r2_2] pilot 2 step  69600  lr=7.21e-04  loss=0.6886  val_acc={1: 1.0, 2: 1.0, 3: 1.0}  elapsed=5926s  PASS  abstain_loss=0.0000  abstain_class_balance=0.000  abstain_head_acc=1.000
[real_seed_r2_2] pilot 2 step  69700  lr=7.17e-04  loss=0.8007  val_acc={1: 1.0, 2: 1.0, 3: 1.0}  elapsed=5935s  PASS  abstain_loss=0.0000  abstain_class_balance=0.000  abstain_head_acc=1.000
[real_seed_r2_2] pilot 2 step  69800  lr=7.13e-04  loss=0.7711  val_acc={1: 1.0, 2: 1.0, 3: 1.0}  elapsed=5944s  PASS  abstain_loss=0.0000  abstain_class_balance=0.000  abstain_head_acc=1.000
[real_seed_r2_2] pilot 2 step  69900  lr=7.09e-04  loss=0.6762  val_acc={1: 1.0, 2: 1.0, 3: 1.0}  elapsed=5952s  PASS  abstain_loss=0.0000  abstain_class_balance=0.000  abstain_head_acc=1.000
[real_seed_r2_2] pilot 2 step  70000  lr=7.05e-04  loss=0.7937  val_acc={1: 1.0, 2: 1.0, 3: 1.0}  elapsed=5960s  PASS  abstain_loss=0.0000  abstain_class_balance=0.000  abstain_head_acc=1.000
[real_seed_r2_2] pilot 2 step  70100  lr=7.01e-04  loss=0.7642  val_acc={1: 1.0, 2: 1.0, 3: 1.0}  elapsed=5969s  PASS  abstain_loss=0.0000  abstain_class_balance=0.000  abstain_head_acc=1.000
[real_seed_r2_2] pilot 2 step  70200  lr=6.98e-04  loss=0.6808  val_acc={1: 1.0, 2: 1.0, 3: 1.0}  elapsed=5977s  PASS  abstain_loss=0.0000  abstain_class_balance=0.000  abstain_head_acc=1.000
[real_seed_r2_2] pilot 2 step  70300  lr=6.94e-04  loss=0.8037  val_acc={1: 1.0, 2: 1.0, 3: 1.0}  elapsed=5989s  PASS  abstain_loss=0.0000  abstain_class_balance=0.000  abstain_head_acc=1.000
[real_seed_r2_2] pilot 2 step  70400  lr=6.90e-04  loss=0.7627  val_acc={1: 1.0, 2: 1.0, 3: 1.0}  elapsed=6000s  PASS  abstain_loss=0.0000  abstain_class_balance=0.000  abstain_head_acc=1.000
[real_seed_r2_2] pilot 2 step  70500  lr=6.86e-04  loss=0.6859  val_acc={1: 1.0, 2: 1.0, 3: 1.0}  elapsed=6009s  PASS  abstain_loss=0.0000  abstain_class_balance=0.000  abstain_head_acc=1.000
[real_seed_r2_2] pilot 2 step  70600  lr=6.82e-04  loss=0.8040  val_acc={1: 1.0, 2: 1.0, 3: 1.0}  elapsed=6017s  PASS  abstain_loss=0.0000  abstain_class_balance=0.000  abstain_head_acc=1.000
[real_seed_r2_2] pilot 2 step  70700  lr=6.79e-04  loss=0.7724  val_acc={1: 1.0, 2: 1.0, 3: 1.0}  elapsed=6025s  PASS  abstain_loss=0.0000  abstain_class_balance=0.000  abstain_head_acc=1.000
[real_seed_r2_2] pilot 2 step  70800  lr=6.75e-04  loss=0.6829  val_acc={1: 1.0, 2: 1.0, 3: 1.0}  elapsed=6033s  PASS  abstain_loss=0.0000  abstain_class_balance=0.000  abstain_head_acc=1.000
[real_seed_r2_2] pilot 2 step  70900  lr=6.71e-04  loss=0.7940  val_acc={1: 1.0, 2: 1.0, 3: 1.0}  elapsed=6040s  PASS  abstain_loss=0.0000  abstain_class_balance=0.000  abstain_head_acc=1.000
[real_seed_r2_2] pilot 2 step  71000  lr=6.67e-04  loss=0.7706  val_acc={1: 1.0, 2: 1.0, 3: 1.0}  elapsed=6050s  PASS  abstain_loss=0.0000  abstain_class_balance=0.000  abstain_head_acc=1.000
[real_seed_r2_2] pilot 2 step  71100  lr=6.64e-04  loss=0.6829  val_acc={1: 1.0, 2: 1.0, 3: 1.0}  elapsed=6058s  PASS  abstain_loss=0.0000  abstain_class_balance=0.000  abstain_head_acc=1.000
[real_seed_r2_2] pilot 2 step  71200  lr=6.60e-04  loss=0.7944  val_acc={1: 1.0, 2: 1.0, 3: 1.0}  elapsed=6067s  PASS  abstain_loss=0.0000  abstain_class_balance=0.000  abstain_head_acc=1.000
[real_seed_r2_2] pilot 2 step  71300  lr=6.56e-04  loss=0.7617  val_acc={1: 1.0, 2: 1.0, 3: 1.0}  elapsed=6075s  PASS  abstain_loss=0.0000  abstain_class_balance=0.000  abstain_head_acc=1.000
[real_seed_r2_2] pilot 2 step  71400  lr=6.52e-04  loss=0.6784  val_acc={1: 1.0, 2: 1.0, 3: 1.0}  elapsed=6082s  PASS  abstain_loss=0.0000  abstain_class_balance=0.000  abstain_head_acc=1.000
[real_seed_r2_2] pilot 2 step  71500  lr=6.49e-04  loss=0.7904  val_acc={1: 1.0, 2: 1.0, 3: 1.0}  elapsed=6091s  PASS  abstain_loss=0.0000  abstain_class_balance=0.000  abstain_head_acc=1.000
[real_seed_r2_2] pilot 2 step  71600  lr=6.45e-04  loss=0.7771  val_acc={1: 1.0, 2: 1.0, 3: 1.0}  elapsed=6100s  PASS  abstain_loss=0.0000  abstain_class_balance=0.000  abstain_head_acc=1.000
[real_seed_r2_2] pilot 2 step  71700  lr=6.41e-04  loss=0.6884  val_acc={1: 1.0, 2: 1.0, 3: 1.0}  elapsed=6108s  PASS  abstain_loss=0.0000  abstain_class_balance=0.000  abstain_head_acc=1.000
[real_seed_r2_2] pilot 2 step  71800  lr=6.38e-04  loss=0.7974  val_acc={1: 1.0, 2: 1.0, 3: 1.0}  elapsed=6115s  PASS  abstain_loss=0.0000  abstain_class_balance=0.000  abstain_head_acc=1.000
[real_seed_r2_2] pilot 2 step  71900  lr=6.34e-04  loss=0.7745  val_acc={1: 1.0, 2: 1.0, 3: 1.0}  elapsed=6123s  PASS  abstain_loss=0.0000  abstain_class_balance=0.000  abstain_head_acc=1.000
[real_seed_r2_2] pilot 2 step  72000  lr=6.30e-04  loss=0.6768  val_acc={1: 1.0, 2: 1.0, 3: 1.0}  elapsed=6131s  PASS  abstain_loss=0.0000  abstain_class_balance=0.000  abstain_head_acc=1.000
[real_seed_r2_2] pilot 2 step  72100  lr=6.27e-04  loss=0.8028  val_acc={1: 1.0, 2: 1.0, 3: 1.0}  elapsed=6141s  PASS  abstain_loss=0.0000  abstain_class_balance=0.000  abstain_head_acc=1.000
[real_seed_r2_2] pilot 2 step  72200  lr=6.23e-04  loss=0.7711  val_acc={1: 1.0, 2: 1.0, 3: 1.0}  elapsed=6150s  PASS  abstain_loss=0.0000  abstain_class_balance=0.000  abstain_head_acc=1.000
[real_seed_r2_2] pilot 2 step  72300  lr=6.19e-04  loss=0.6836  val_acc={1: 1.0, 2: 1.0, 3: 1.0}  elapsed=6161s  PASS  abstain_loss=0.0000  abstain_class_balance=0.000  abstain_head_acc=1.000
[real_seed_r2_2] pilot 2 step  72400  lr=6.16e-04  loss=0.8001  val_acc={1: 1.0, 2: 1.0, 3: 1.0}  elapsed=6171s  PASS  abstain_loss=0.0000  abstain_class_balance=0.000  abstain_head_acc=1.000
[real_seed_r2_2] pilot 2 step  72500  lr=6.12e-04  loss=0.7769  val_acc={1: 1.0, 2: 1.0, 3: 1.0}  elapsed=6180s  PASS  abstain_loss=0.0000  abstain_class_balance=0.000  abstain_head_acc=1.000
[real_seed_r2_2] pilot 2 step  72600  lr=6.09e-04  loss=0.6943  val_acc={1: 1.0, 2: 1.0, 3: 1.0}  elapsed=6188s  PASS  abstain_loss=0.0000  abstain_class_balance=0.000  abstain_head_acc=1.000
[real_seed_r2_2] pilot 2 step  72700  lr=6.05e-04  loss=0.7927  val_acc={1: 1.0, 2: 1.0, 3: 1.0}  elapsed=6195s  PASS  abstain_loss=0.0000  abstain_class_balance=0.000  abstain_head_acc=1.000
[real_seed_r2_2] pilot 2 step  72800  lr=6.01e-04  loss=0.7636  val_acc={1: 1.0, 2: 1.0, 3: 1.0}  elapsed=6204s  PASS  abstain_loss=0.0000  abstain_class_balance=0.000  abstain_head_acc=1.000
[real_seed_r2_2] pilot 2 step  72900  lr=5.98e-04  loss=0.6800  val_acc={1: 1.0, 2: 1.0, 3: 1.0}  elapsed=6212s  PASS  abstain_loss=0.0000  abstain_class_balance=0.000  abstain_head_acc=1.000
[real_seed_r2_2] pilot 2 step  73000  lr=5.94e-04  loss=0.7980  val_acc={1: 1.0, 2: 1.0, 3: 1.0}  elapsed=6220s  PASS  abstain_loss=0.0000  abstain_class_balance=0.000  abstain_head_acc=1.000
[real_seed_r2_2] pilot 2 step  73100  lr=5.91e-04  loss=0.7642  val_acc={1: 1.0, 2: 1.0, 3: 1.0}  elapsed=6228s  PASS  abstain_loss=0.0000  abstain_class_balance=0.000  abstain_head_acc=1.000
[real_seed_r2_2] pilot 2 step  73200  lr=5.87e-04  loss=0.6756  val_acc={1: 1.0, 2: 1.0, 3: 1.0}  elapsed=6237s  PASS  abstain_loss=0.0002  abstain_class_balance=0.000  abstain_head_acc=1.000
[real_seed_r2_2] pilot 2 step  73300  lr=5.84e-04  loss=0.8063  val_acc={1: 1.0, 2: 1.0, 3: 1.0}  elapsed=6245s  PASS  abstain_loss=0.0000  abstain_class_balance=0.000  abstain_head_acc=1.000
[real_seed_r2_2] pilot 2 step  73400  lr=5.80e-04  loss=0.7755  val_acc={1: 1.0, 2: 1.0, 3: 1.0}  elapsed=6253s  PASS  abstain_loss=0.0000  abstain_class_balance=0.000  abstain_head_acc=1.000
[real_seed_r2_2] pilot 2 step  73500  lr=5.76e-04  loss=0.6798  val_acc={1: 1.0, 2: 1.0, 3: 1.0}  elapsed=6260s  PASS  abstain_loss=0.0000  abstain_class_balance=0.000  abstain_head_acc=1.000
[real_seed_r2_2] pilot 2 step  73600  lr=5.73e-04  loss=0.7919  val_acc={1: 1.0, 2: 1.0, 3: 1.0}  elapsed=6268s  PASS  abstain_loss=0.0000  abstain_class_balance=0.000  abstain_head_acc=1.000
[real_seed_r2_2] pilot 2 step  73700  lr=5.69e-04  loss=0.7709  val_acc={1: 1.0, 2: 1.0, 3: 1.0}  elapsed=6276s  PASS  abstain_loss=0.0000  abstain_class_balance=0.000  abstain_head_acc=1.000
[real_seed_r2_2] pilot 2 step  73800  lr=5.66e-04  loss=0.6780  val_acc={1: 1.0, 2: 1.0, 3: 1.0}  elapsed=6284s  PASS  abstain_loss=0.0000  abstain_class_balance=0.000  abstain_head_acc=1.000
[real_seed_r2_2] pilot 2 step  73900  lr=5.62e-04  loss=0.8057  val_acc={1: 1.0, 2: 1.0, 3: 1.0}  elapsed=6294s  PASS  abstain_loss=0.0000  abstain_class_balance=0.000  abstain_head_acc=1.000
[real_seed_r2_2] pilot 2 step  74000  lr=5.59e-04  loss=0.7824  val_acc={1: 1.0, 2: 1.0, 3: 1.0}  elapsed=6305s  PASS  abstain_loss=0.0000  abstain_class_balance=0.000  abstain_head_acc=1.000
[real_seed_r2_2] pilot 2 step  74100  lr=5.55e-04  loss=0.6873  val_acc={1: 1.0, 2: 1.0, 3: 1.0}  elapsed=6313s  PASS  abstain_loss=0.0000  abstain_class_balance=0.000  abstain_head_acc=1.000
[real_seed_r2_2] pilot 2 step  74200  lr=5.52e-04  loss=0.7969  val_acc={1: 1.0, 2: 1.0, 3: 1.0}  elapsed=6320s  PASS  abstain_loss=0.0000  abstain_class_balance=0.000  abstain_head_acc=1.000
[real_seed_r2_2] pilot 2 step  74300  lr=5.48e-04  loss=0.7750  val_acc={1: 1.0, 2: 1.0, 3: 1.0}  elapsed=6328s  PASS  abstain_loss=0.0000  abstain_class_balance=0.000  abstain_head_acc=1.000
[real_seed_r2_2] pilot 2 step  74400  lr=5.45e-04  loss=0.6792  val_acc={1: 1.0, 2: 1.0, 3: 1.0}  elapsed=6336s  PASS  abstain_loss=0.0000  abstain_class_balance=0.000  abstain_head_acc=1.000
[real_seed_r2_2] pilot 2 step  74500  lr=5.42e-04  loss=0.7987  val_acc={1: 1.0, 2: 1.0, 3: 1.0}  elapsed=6345s  PASS  abstain_loss=0.0000  abstain_class_balance=0.000  abstain_head_acc=1.000
[real_seed_r2_2] pilot 2 step  74600  lr=5.38e-04  loss=0.7695  val_acc={1: 1.0, 2: 1.0, 3: 1.0}  elapsed=6353s  PASS  abstain_loss=0.0000  abstain_class_balance=0.000  abstain_head_acc=1.000
[real_seed_r2_2] pilot 2 step  74700  lr=5.35e-04  loss=0.6842  val_acc={1: 1.0, 2: 1.0, 3: 1.0}  elapsed=6362s  PASS  abstain_loss=0.0000  abstain_class_balance=0.000  abstain_head_acc=1.000
[real_seed_r2_2] pilot 2 step  74800  lr=5.31e-04  loss=0.7970  val_acc={1: 1.0, 2: 1.0, 3: 1.0}  elapsed=6371s  PASS  abstain_loss=0.0000  abstain_class_balance=0.000  abstain_head_acc=1.000
[real_seed_r2_2] pilot 2 step  74900  lr=5.28e-04  loss=0.7614  val_acc={1: 1.0, 2: 1.0, 3: 1.0}  elapsed=6378s  PASS  abstain_loss=0.0000  abstain_class_balance=0.000  abstain_head_acc=1.000
[real_seed_r2_2] pilot 2 step  75000  lr=5.25e-04  loss=0.6838  val_acc={1: 1.0, 2: 1.0, 3: 1.0}  elapsed=6386s  PASS  abstain_loss=0.0000  abstain_class_balance=0.000  abstain_head_acc=1.000
[real_seed_r2_2] pilot 2 step  75100  lr=5.21e-04  loss=0.7991  val_acc={1: 1.0, 2: 1.0, 3: 1.0}  elapsed=6395s  PASS  abstain_loss=0.0000  abstain_class_balance=0.000  abstain_head_acc=1.000
[real_seed_r2_2] pilot 2 step  75200  lr=5.18e-04  loss=0.7688  val_acc={1: 1.0, 2: 1.0, 3: 1.0}  elapsed=6403s  PASS  abstain_loss=0.0000  abstain_class_balance=0.000  abstain_head_acc=1.000
[real_seed_r2_2] pilot 2 step  75300  lr=5.14e-04  loss=0.6821  val_acc={1: 1.0, 2: 1.0, 3: 1.0}  elapsed=6411s  PASS  abstain_loss=0.0000  abstain_class_balance=0.000  abstain_head_acc=1.000
[real_seed_r2_2] pilot 2 step  75400  lr=5.11e-04  loss=0.7962  val_acc={1: 1.0, 2: 1.0, 3: 1.0}  elapsed=6419s  PASS  abstain_loss=0.0000  abstain_class_balance=0.000  abstain_head_acc=1.000
[real_seed_r2_2] pilot 2 step  75500  lr=5.08e-04  loss=0.7680  val_acc={1: 1.0, 2: 1.0, 3: 1.0}  elapsed=6428s  PASS  abstain_loss=0.0000  abstain_class_balance=0.000  abstain_head_acc=1.000
[real_seed_r2_2] pilot 2 step  75600  lr=5.04e-04  loss=0.6791  val_acc={1: 1.0, 2: 1.0, 3: 1.0}  elapsed=6437s  PASS  abstain_loss=0.0000  abstain_class_balance=0.000  abstain_head_acc=1.000
[real_seed_r2_2] pilot 2 step  75700  lr=5.01e-04  loss=0.8006  val_acc={1: 1.0, 2: 1.0, 3: 1.0}  elapsed=6445s  PASS  abstain_loss=0.0000  abstain_class_balance=0.000  abstain_head_acc=1.000
[real_seed_r2_2] pilot 2 step  75800  lr=4.98e-04  loss=0.7700  val_acc={1: 1.0, 2: 1.0, 3: 1.0}  elapsed=6452s  PASS  abstain_loss=0.0000  abstain_class_balance=0.000  abstain_head_acc=1.000
[real_seed_r2_2] pilot 2 step  75900  lr=4.94e-04  loss=0.6845  val_acc={1: 1.0, 2: 1.0, 3: 1.0}  elapsed=6460s  PASS  abstain_loss=0.0000  abstain_class_balance=0.000  abstain_head_acc=1.000
[real_seed_r2_2] pilot 2 step  76000  lr=4.91e-04  loss=0.7999  val_acc={1: 1.0, 2: 1.0, 3: 1.0}  elapsed=6468s  PASS  abstain_loss=0.0000  abstain_class_balance=0.000  abstain_head_acc=1.000
[real_seed_r2_2] pilot 2 step  76100  lr=4.88e-04  loss=0.7656  val_acc={1: 1.0, 2: 1.0, 3: 1.0}  elapsed=6476s  PASS  abstain_loss=0.0000  abstain_class_balance=0.000  abstain_head_acc=1.000
[real_seed_r2_2] pilot 2 step  76200  lr=4.84e-04  loss=0.6736  val_acc={1: 1.0, 2: 1.0, 3: 1.0}  elapsed=6484s  PASS  abstain_loss=0.0000  abstain_class_balance=0.000  abstain_head_acc=1.000
[real_seed_r2_2] pilot 2 step  76300  lr=4.81e-04  loss=0.7986  val_acc={1: 1.0, 2: 1.0, 3: 1.0}  elapsed=6491s  PASS  abstain_loss=0.0000  abstain_class_balance=0.000  abstain_head_acc=1.000
[real_seed_r2_2] pilot 2 step  76400  lr=4.78e-04  loss=0.7593  val_acc={1: 1.0, 2: 1.0, 3: 1.0}  elapsed=6502s  PASS  abstain_loss=0.0000  abstain_class_balance=0.000  abstain_head_acc=1.000
[real_seed_r2_2] pilot 2 step  76500  lr=4.75e-04  loss=0.6784  val_acc={1: 1.0, 2: 1.0, 3: 1.0}  elapsed=6511s  PASS  abstain_loss=0.0000  abstain_class_balance=0.000  abstain_head_acc=1.000
[real_seed_r2_2] pilot 2 step  76600  lr=4.71e-04  loss=0.7921  val_acc={1: 1.0, 2: 1.0, 3: 1.0}  elapsed=6522s  PASS  abstain_loss=0.0000  abstain_class_balance=0.000  abstain_head_acc=1.000
[real_seed_r2_2] pilot 2 step  76700  lr=4.68e-04  loss=0.7715  val_acc={1: 1.0, 2: 1.0, 3: 1.0}  elapsed=6534s  PASS  abstain_loss=0.0000  abstain_class_balance=0.000  abstain_head_acc=1.000
[real_seed_r2_2] pilot 2 step  76800  lr=4.65e-04  loss=0.6801  val_acc={1: 1.0, 2: 1.0, 3: 1.0}  elapsed=6544s  PASS  abstain_loss=0.0000  abstain_class_balance=0.000  abstain_head_acc=1.000
[real_seed_r2_2] pilot 2 step  76900  lr=4.62e-04  loss=0.8081  val_acc={1: 1.0, 2: 1.0, 3: 1.0}  elapsed=6551s  PASS  abstain_loss=0.0000  abstain_class_balance=0.000  abstain_head_acc=1.000
[real_seed_r2_2] pilot 2 step  77000  lr=4.59e-04  loss=0.7648  val_acc={1: 1.0, 2: 1.0, 3: 1.0}  elapsed=6563s  PASS  abstain_loss=0.0000  abstain_class_balance=0.000  abstain_head_acc=1.000
[real_seed_r2_2] pilot 2 step  77100  lr=4.55e-04  loss=0.6819  val_acc={1: 1.0, 2: 1.0, 3: 1.0}  elapsed=6574s  PASS  abstain_loss=0.0000  abstain_class_balance=0.000  abstain_head_acc=1.000
[real_seed_r2_2] pilot 2 step  77200  lr=4.52e-04  loss=0.8054  val_acc={1: 1.0, 2: 1.0, 3: 1.0}  elapsed=6586s  PASS  abstain_loss=0.0000  abstain_class_balance=0.000  abstain_head_acc=1.000
[real_seed_r2_2] pilot 2 step  77300  lr=4.49e-04  loss=0.7670  val_acc={1: 1.0, 2: 1.0, 3: 1.0}  elapsed=6596s  PASS  abstain_loss=0.0000  abstain_class_balance=0.000  abstain_head_acc=1.000
[real_seed_r2_2] pilot 2 step  77400  lr=4.46e-04  loss=0.6782  val_acc={1: 1.0, 2: 1.0, 3: 1.0}  elapsed=6604s  PASS  abstain_loss=0.0000  abstain_class_balance=0.000  abstain_head_acc=1.000
[real_seed_r2_2] pilot 2 step  77500  lr=4.43e-04  loss=0.7973  val_acc={1: 1.0, 2: 1.0, 3: 1.0}  elapsed=6611s  PASS  abstain_loss=0.0000  abstain_class_balance=0.000  abstain_head_acc=1.000
[real_seed_r2_2] pilot 2 step  77600  lr=4.39e-04  loss=0.7643  val_acc={1: 1.0, 2: 1.0, 3: 1.0}  elapsed=6619s  PASS  abstain_loss=0.0000  abstain_class_balance=0.000  abstain_head_acc=1.000
[real_seed_r2_2] pilot 2 step  77700  lr=4.36e-04  loss=0.6798  val_acc={1: 1.0, 2: 1.0, 3: 1.0}  elapsed=6626s  PASS  abstain_loss=0.0000  abstain_class_balance=0.000  abstain_head_acc=1.000
[real_seed_r2_2] pilot 2 step  77800  lr=4.33e-04  loss=0.7943  val_acc={1: 1.0, 2: 1.0, 3: 1.0}  elapsed=6635s  PASS  abstain_loss=0.0000  abstain_class_balance=0.000  abstain_head_acc=1.000
[real_seed_r2_2] pilot 2 step  77900  lr=4.30e-04  loss=0.7612  val_acc={1: 1.0, 2: 1.0, 3: 1.0}  elapsed=6643s  PASS  abstain_loss=0.0000  abstain_class_balance=0.000  abstain_head_acc=1.000
[real_seed_r2_2] pilot 2 step  78000  lr=4.27e-04  loss=0.6801  val_acc={1: 1.0, 2: 1.0, 3: 1.0}  elapsed=6651s  PASS  abstain_loss=0.0000  abstain_class_balance=0.000  abstain_head_acc=1.000
[real_seed_r2_2] pilot 2 step  78100  lr=4.24e-04  loss=0.7913  val_acc={1: 1.0, 2: 1.0, 3: 1.0}  elapsed=6659s  PASS  abstain_loss=0.0000  abstain_class_balance=0.000  abstain_head_acc=1.000
[real_seed_r2_2] pilot 2 step  78200  lr=4.21e-04  loss=0.7779  val_acc={1: 1.0, 2: 1.0, 3: 1.0}  elapsed=6666s  PASS  abstain_loss=0.0000  abstain_class_balance=0.000  abstain_head_acc=1.000
[real_seed_r2_2] pilot 2 step  78300  lr=4.18e-04  loss=0.6696  val_acc={1: 1.0, 2: 1.0, 3: 1.0}  elapsed=6674s  PASS  abstain_loss=0.0000  abstain_class_balance=0.000  abstain_head_acc=1.000
[real_seed_r2_2] pilot 2 step  78400  lr=4.15e-04  loss=0.7939  val_acc={1: 1.0, 2: 1.0, 3: 1.0}  elapsed=6682s  PASS  abstain_loss=0.0000  abstain_class_balance=0.000  abstain_head_acc=1.000
[real_seed_r2_2] pilot 2 step  78500  lr=4.12e-04  loss=0.7707  val_acc={1: 1.0, 2: 1.0, 3: 1.0}  elapsed=6690s  PASS  abstain_loss=0.0000  abstain_class_balance=0.000  abstain_head_acc=1.000
[real_seed_r2_2] pilot 2 step  78600  lr=4.09e-04  loss=0.6975  val_acc={1: 1.0, 2: 1.0, 3: 1.0}  elapsed=6700s  PASS  abstain_loss=0.0000  abstain_class_balance=0.000  abstain_head_acc=1.000
[real_seed_r2_2] pilot 2 step  78700  lr=4.06e-04  loss=0.7951  val_acc={1: 1.0, 2: 1.0, 3: 1.0}  elapsed=6707s  PASS  abstain_loss=0.0000  abstain_class_balance=0.000  abstain_head_acc=1.000
[real_seed_r2_2] pilot 2 step  78800  lr=4.03e-04  loss=0.7685  val_acc={1: 1.0, 2: 1.0, 3: 1.0}  elapsed=6715s  PASS  abstain_loss=0.0000  abstain_class_balance=0.000  abstain_head_acc=1.000
[real_seed_r2_2] pilot 2 step  78900  lr=4.00e-04  loss=0.6756  val_acc={1: 1.0, 2: 1.0, 3: 1.0}  elapsed=6726s  PASS  abstain_loss=0.0000  abstain_class_balance=0.000  abstain_head_acc=1.000
[real_seed_r2_2] pilot 2 step  79000  lr=3.97e-04  loss=0.7968  val_acc={1: 1.0, 2: 1.0, 3: 1.0}  elapsed=6735s  PASS  abstain_loss=0.0000  abstain_class_balance=0.000  abstain_head_acc=1.000
[real_seed_r2_2] pilot 2 step  79100  lr=3.94e-04  loss=0.7627  val_acc={1: 1.0, 2: 1.0, 3: 1.0}  elapsed=6743s  PASS  abstain_loss=0.0000  abstain_class_balance=0.000  abstain_head_acc=1.000
[real_seed_r2_2] pilot 2 step  79200  lr=3.91e-04  loss=0.6815  val_acc={1: 1.0, 2: 1.0, 3: 1.0}  elapsed=6749s  PASS  abstain_loss=0.0000  abstain_class_balance=0.000  abstain_head_acc=1.000
[real_seed_r2_2] pilot 2 step  79300  lr=3.88e-04  loss=0.8012  val_acc={1: 1.0, 2: 1.0, 3: 1.0}  elapsed=6758s  PASS  abstain_loss=0.0000  abstain_class_balance=0.000  abstain_head_acc=1.000
[real_seed_r2_2] pilot 2 step  79400  lr=3.85e-04  loss=0.7775  val_acc={1: 1.0, 2: 1.0, 3: 1.0}  elapsed=6766s  PASS  abstain_loss=0.0000  abstain_class_balance=0.000  abstain_head_acc=1.000
[real_seed_r2_2] pilot 2 step  79500  lr=3.82e-04  loss=0.6850  val_acc={1: 1.0, 2: 1.0, 3: 1.0}  elapsed=6773s  PASS  abstain_loss=0.0000  abstain_class_balance=0.000  abstain_head_acc=1.000
[real_seed_r2_2] pilot 2 step  79600  lr=3.79e-04  loss=0.7952  val_acc={1: 1.0, 2: 1.0, 3: 1.0}  elapsed=6785s  PASS  abstain_loss=0.0000  abstain_class_balance=0.000  abstain_head_acc=1.000
[real_seed_r2_2] pilot 2 step  79700  lr=3.76e-04  loss=0.7692  val_acc={1: 1.0, 2: 1.0, 3: 1.0}  elapsed=6792s  PASS  abstain_loss=0.0000  abstain_class_balance=0.000  abstain_head_acc=1.000
[real_seed_r2_2] pilot 2 step  79800  lr=3.73e-04  loss=0.6792  val_acc={1: 1.0, 2: 1.0, 3: 1.0}  elapsed=6800s  PASS  abstain_loss=0.0000  abstain_class_balance=0.000  abstain_head_acc=1.000
[real_seed_r2_2] pilot 2 step  79900  lr=3.70e-04  loss=0.7911  val_acc={1: 1.0, 2: 1.0, 3: 1.0}  elapsed=6808s  PASS  abstain_loss=0.0000  abstain_class_balance=0.000  abstain_head_acc=1.000
[real_seed_r2_2] pilot 2 step  80000  lr=3.67e-04  loss=0.7766  val_acc={1: 1.0, 2: 1.0, 3: 1.0}  elapsed=6817s  PASS  abstain_loss=0.0000  abstain_class_balance=0.000  abstain_head_acc=1.000
[real_seed_r2_2] pilot 2 step  80100  lr=3.64e-04  loss=0.6768  val_acc={1: 1.0, 2: 1.0, 3: 1.0}  elapsed=6825s  PASS  abstain_loss=0.0000  abstain_class_balance=0.000  abstain_head_acc=1.000
[real_seed_r2_2] pilot 2 step  80200  lr=3.61e-04  loss=0.7891  val_acc={1: 1.0, 2: 1.0, 3: 1.0}  elapsed=6834s  PASS  abstain_loss=0.0000  abstain_class_balance=0.000  abstain_head_acc=1.000
[real_seed_r2_2] pilot 2 step  80300  lr=3.58e-04  loss=0.7695  val_acc={1: 1.0, 2: 1.0, 3: 1.0}  elapsed=6842s  PASS  abstain_loss=0.0000  abstain_class_balance=0.000  abstain_head_acc=1.000
[real_seed_r2_2] pilot 2 step  80400  lr=3.56e-04  loss=0.6802  val_acc={1: 1.0, 2: 1.0, 3: 1.0}  elapsed=6850s  PASS  abstain_loss=0.0000  abstain_class_balance=0.000  abstain_head_acc=1.000
[real_seed_r2_2] pilot 2 step  80500  lr=3.53e-04  loss=0.8011  val_acc={1: 1.0, 2: 1.0, 3: 1.0}  elapsed=6858s  PASS  abstain_loss=0.0000  abstain_class_balance=0.000  abstain_head_acc=1.000
[real_seed_r2_2] pilot 2 step  80600  lr=3.50e-04  loss=0.7679  val_acc={1: 1.0, 2: 1.0, 3: 1.0}  elapsed=6867s  PASS  abstain_loss=0.0000  abstain_class_balance=0.000  abstain_head_acc=1.000
[real_seed_r2_2] pilot 2 step  80700  lr=3.47e-04  loss=0.6849  val_acc={1: 1.0, 2: 1.0, 3: 1.0}  elapsed=6874s  PASS  abstain_loss=0.0000  abstain_class_balance=0.000  abstain_head_acc=1.000
[real_seed_r2_2] pilot 2 step  80800  lr=3.44e-04  loss=0.7976  val_acc={1: 1.0, 2: 1.0, 3: 1.0}  elapsed=6884s  PASS  abstain_loss=0.0000  abstain_class_balance=0.000  abstain_head_acc=1.000
[real_seed_r2_2] pilot 2 step  80900  lr=3.42e-04  loss=0.7727  val_acc={1: 1.0, 2: 1.0, 3: 1.0}  elapsed=6891s  PASS  abstain_loss=0.0000  abstain_class_balance=0.000  abstain_head_acc=1.000
[real_seed_r2_2] pilot 2 step  81000  lr=3.39e-04  loss=0.6747  val_acc={1: 1.0, 2: 1.0, 3: 1.0}  elapsed=6899s  PASS  abstain_loss=0.0000  abstain_class_balance=0.000  abstain_head_acc=1.000
[real_seed_r2_2] pilot 2 step  81100  lr=3.36e-04  loss=0.7950  val_acc={1: 1.0, 2: 1.0, 3: 1.0}  elapsed=6908s  PASS  abstain_loss=0.0000  abstain_class_balance=0.000  abstain_head_acc=1.000
[real_seed_r2_2] pilot 2 step  81200  lr=3.33e-04  loss=0.7726  val_acc={1: 1.0, 2: 1.0, 3: 1.0}  elapsed=6916s  PASS  abstain_loss=0.0000  abstain_class_balance=0.000  abstain_head_acc=1.000
[real_seed_r2_2] pilot 2 step  81300  lr=3.30e-04  loss=0.6756  val_acc={1: 1.0, 2: 1.0, 3: 1.0}  elapsed=6926s  PASS  abstain_loss=0.0000  abstain_class_balance=0.000  abstain_head_acc=1.000
[real_seed_r2_2] pilot 2 step  81400  lr=3.28e-04  loss=0.7967  val_acc={1: 1.0, 2: 1.0, 3: 1.0}  elapsed=6935s  PASS  abstain_loss=0.0000  abstain_class_balance=0.000  abstain_head_acc=1.000
[real_seed_r2_2] pilot 2 step  81500  lr=3.25e-04  loss=0.7702  val_acc={1: 1.0, 2: 1.0, 3: 1.0}  elapsed=6943s  PASS  abstain_loss=0.0000  abstain_class_balance=0.000  abstain_head_acc=1.000
[real_seed_r2_2] pilot 2 step  81600  lr=3.22e-04  loss=0.6689  val_acc={1: 1.0, 2: 1.0, 3: 1.0}  elapsed=6951s  PASS  abstain_loss=0.0000  abstain_class_balance=0.000  abstain_head_acc=1.000
[real_seed_r2_2] pilot 2 step  81700  lr=3.20e-04  loss=0.8028  val_acc={1: 1.0, 2: 1.0, 3: 1.0}  elapsed=6960s  PASS  abstain_loss=0.0000  abstain_class_balance=0.000  abstain_head_acc=1.000
[real_seed_r2_2] pilot 2 step  81800  lr=3.17e-04  loss=0.7603  val_acc={1: 1.0, 2: 1.0, 3: 1.0}  elapsed=6970s  PASS  abstain_loss=0.0000  abstain_class_balance=0.000  abstain_head_acc=1.000
[real_seed_r2_2] pilot 2 step  81900  lr=3.14e-04  loss=0.6811  val_acc={1: 1.0, 2: 1.0, 3: 1.0}  elapsed=6978s  PASS  abstain_loss=0.0001  abstain_class_balance=0.000  abstain_head_acc=1.000
[real_seed_r2_2] pilot 2 step  82000  lr=3.11e-04  loss=0.7939  val_acc={1: 1.0, 2: 1.0, 3: 1.0}  elapsed=6986s  PASS  abstain_loss=0.0000  abstain_class_balance=0.000  abstain_head_acc=1.000
[real_seed_r2_2] pilot 2 step  82100  lr=3.09e-04  loss=0.7768  val_acc={1: 1.0, 2: 1.0, 3: 1.0}  elapsed=6994s  PASS  abstain_loss=0.0000  abstain_class_balance=0.000  abstain_head_acc=1.000
[real_seed_r2_2] pilot 2 step  82200  lr=3.06e-04  loss=0.6824  val_acc={1: 1.0, 2: 1.0, 3: 1.0}  elapsed=7002s  PASS  abstain_loss=0.0000  abstain_class_balance=0.000  abstain_head_acc=1.000
[real_seed_r2_2] pilot 2 step  82300  lr=3.04e-04  loss=0.7920  val_acc={1: 1.0, 2: 1.0, 3: 1.0}  elapsed=7009s  PASS  abstain_loss=0.0000  abstain_class_balance=0.000  abstain_head_acc=1.000
[real_seed_r2_2] pilot 2 step  82400  lr=3.01e-04  loss=0.7686  val_acc={1: 1.0, 2: 1.0, 3: 1.0}  elapsed=7016s  PASS  abstain_loss=0.0000  abstain_class_balance=0.000  abstain_head_acc=1.000
[real_seed_r2_2] pilot 2 step  82500  lr=2.98e-04  loss=0.6876  val_acc={1: 1.0, 2: 1.0, 3: 1.0}  elapsed=7024s  PASS  abstain_loss=0.0000  abstain_class_balance=0.000  abstain_head_acc=1.000
[real_seed_r2_2] pilot 2 step  82600  lr=2.96e-04  loss=0.7921  val_acc={1: 1.0, 2: 1.0, 3: 1.0}  elapsed=7032s  PASS  abstain_loss=0.0000  abstain_class_balance=0.000  abstain_head_acc=1.000
[real_seed_r2_2] pilot 2 step  82700  lr=2.93e-04  loss=0.7650  val_acc={1: 1.0, 2: 1.0, 3: 1.0}  elapsed=7039s  PASS  abstain_loss=0.0000  abstain_class_balance=0.000  abstain_head_acc=1.000
[real_seed_r2_2] pilot 2 step  82800  lr=2.90e-04  loss=0.6764  val_acc={1: 1.0, 2: 1.0, 3: 1.0}  elapsed=7048s  PASS  abstain_loss=0.0000  abstain_class_balance=0.000  abstain_head_acc=1.000
[real_seed_r2_2] pilot 2 step  82900  lr=2.88e-04  loss=0.7982  val_acc={1: 1.0, 2: 1.0, 3: 1.0}  elapsed=7056s  PASS  abstain_loss=0.0000  abstain_class_balance=0.000  abstain_head_acc=1.000
[real_seed_r2_2] pilot 2 step  83000  lr=2.85e-04  loss=0.7745  val_acc={1: 1.0, 2: 1.0, 3: 1.0}  elapsed=7064s  PASS  abstain_loss=0.0000  abstain_class_balance=0.000  abstain_head_acc=1.000
[real_seed_r2_2] pilot 2 step  83100  lr=2.83e-04  loss=0.6724  val_acc={1: 1.0, 2: 1.0, 3: 1.0}  elapsed=7072s  PASS  abstain_loss=0.0000  abstain_class_balance=0.000  abstain_head_acc=1.000
[real_seed_r2_2] pilot 2 step  83200  lr=2.80e-04  loss=0.7881  val_acc={1: 1.0, 2: 1.0, 3: 1.0}  elapsed=7080s  PASS  abstain_loss=0.0000  abstain_class_balance=0.000  abstain_head_acc=1.000
[real_seed_r2_2] pilot 2 step  83300  lr=2.78e-04  loss=0.7636  val_acc={1: 1.0, 2: 1.0, 3: 1.0}  elapsed=7088s  PASS  abstain_loss=0.0000  abstain_class_balance=0.000  abstain_head_acc=1.000
[real_seed_r2_2] pilot 2 step  83400  lr=2.75e-04  loss=0.6822  val_acc={1: 1.0, 2: 1.0, 3: 1.0}  elapsed=7097s  PASS  abstain_loss=0.0000  abstain_class_balance=0.000  abstain_head_acc=1.000
[real_seed_r2_2] pilot 2 step  83500  lr=2.73e-04  loss=0.7938  val_acc={1: 1.0, 2: 1.0, 3: 1.0}  elapsed=7105s  PASS  abstain_loss=0.0000  abstain_class_balance=0.000  abstain_head_acc=1.000
[real_seed_r2_2] pilot 2 step  83600  lr=2.70e-04  loss=0.7720  val_acc={1: 1.0, 2: 1.0, 3: 1.0}  elapsed=7114s  PASS  abstain_loss=0.0000  abstain_class_balance=0.000  abstain_head_acc=1.000
[real_seed_r2_2] pilot 2 step  83700  lr=2.68e-04  loss=0.6721  val_acc={1: 1.0, 2: 1.0, 3: 1.0}  elapsed=7123s  PASS  abstain_loss=0.0000  abstain_class_balance=0.000  abstain_head_acc=1.000
[real_seed_r2_2] pilot 2 step  83800  lr=2.65e-04  loss=0.7911  val_acc={1: 1.0, 2: 1.0, 3: 1.0}  elapsed=7131s  PASS  abstain_loss=0.0000  abstain_class_balance=0.000  abstain_head_acc=1.000
[real_seed_r2_2] pilot 2 step  83900  lr=2.63e-04  loss=0.7632  val_acc={1: 1.0, 2: 1.0, 3: 1.0}  elapsed=7138s  PASS  abstain_loss=0.0000  abstain_class_balance=0.000  abstain_head_acc=1.000
[real_seed_r2_2] pilot 2 step  84000  lr=2.60e-04  loss=0.6744  val_acc={1: 1.0, 2: 1.0, 3: 1.0}  elapsed=7145s  PASS  abstain_loss=0.0000  abstain_class_balance=0.000  abstain_head_acc=1.000
[real_seed_r2_2] pilot 2 step  84100  lr=2.58e-04  loss=0.7972  val_acc={1: 1.0, 2: 1.0, 3: 1.0}  elapsed=7155s  PASS  abstain_loss=0.0000  abstain_class_balance=0.000  abstain_head_acc=1.000
[real_seed_r2_2] pilot 2 step  84200  lr=2.56e-04  loss=0.7668  val_acc={1: 1.0, 2: 1.0, 3: 1.0}  elapsed=7163s  PASS  abstain_loss=0.0000  abstain_class_balance=0.000  abstain_head_acc=1.000
[real_seed_r2_2] pilot 2 step  84300  lr=2.53e-04  loss=0.6741  val_acc={1: 1.0, 2: 1.0, 3: 1.0}  elapsed=7172s  PASS  abstain_loss=0.0000  abstain_class_balance=0.000  abstain_head_acc=1.000
[real_seed_r2_2] pilot 2 step  84400  lr=2.51e-04  loss=0.7896  val_acc={1: 1.0, 2: 1.0, 3: 1.0}  elapsed=7181s  PASS  abstain_loss=0.0000  abstain_class_balance=0.000  abstain_head_acc=1.000
[real_seed_r2_2] pilot 2 step  84500  lr=2.48e-04  loss=0.7631  val_acc={1: 1.0, 2: 1.0, 3: 1.0}  elapsed=7189s  PASS  abstain_loss=0.0000  abstain_class_balance=0.000  abstain_head_acc=1.000
[real_seed_r2_2] pilot 2 step  84600  lr=2.46e-04  loss=0.6801  val_acc={1: 1.0, 2: 1.0, 3: 1.0}  elapsed=7198s  PASS  abstain_loss=0.0000  abstain_class_balance=0.000  abstain_head_acc=1.000
[real_seed_r2_2] pilot 2 step  84700  lr=2.44e-04  loss=0.7952  val_acc={1: 1.0, 2: 1.0, 3: 1.0}  elapsed=7206s  PASS  abstain_loss=0.0000  abstain_class_balance=0.000  abstain_head_acc=1.000
[real_seed_r2_2] pilot 2 step  84800  lr=2.41e-04  loss=0.7668  val_acc={1: 1.0, 2: 1.0, 3: 1.0}  elapsed=7214s  PASS  abstain_loss=0.0000  abstain_class_balance=0.000  abstain_head_acc=1.000
[real_seed_r2_2] pilot 2 step  84900  lr=2.39e-04  loss=0.6733  val_acc={1: 1.0, 2: 1.0, 3: 1.0}  elapsed=7224s  PASS  abstain_loss=0.0000  abstain_class_balance=0.000  abstain_head_acc=1.000
[real_seed_r2_2] pilot 2 step  85000  lr=2.37e-04  loss=0.7949  val_acc={1: 1.0, 2: 1.0, 3: 1.0}  elapsed=7232s  PASS  abstain_loss=0.0000  abstain_class_balance=0.000  abstain_head_acc=1.000
[real_seed_r2_2] pilot 2 step  85100  lr=2.34e-04  loss=0.7702  val_acc={1: 1.0, 2: 1.0, 3: 1.0}  elapsed=7242s  PASS  abstain_loss=0.0000  abstain_class_balance=0.000  abstain_head_acc=1.000
[real_seed_r2_2] pilot 2 step  85200  lr=2.32e-04  loss=0.6820  val_acc={1: 1.0, 2: 1.0, 3: 1.0}  elapsed=7250s  PASS  abstain_loss=0.0000  abstain_class_balance=0.000  abstain_head_acc=1.000
[real_seed_r2_2] pilot 2 step  85300  lr=2.30e-04  loss=0.7926  val_acc={1: 1.0, 2: 1.0, 3: 1.0}  elapsed=7257s  PASS  abstain_loss=0.0000  abstain_class_balance=0.000  abstain_head_acc=1.000
[real_seed_r2_2] pilot 2 step  85400  lr=2.27e-04  loss=0.7660  val_acc={1: 1.0, 2: 1.0, 3: 1.0}  elapsed=7266s  PASS  abstain_loss=0.0000  abstain_class_balance=0.000  abstain_head_acc=1.000
[real_seed_r2_2] pilot 2 step  85500  lr=2.25e-04  loss=0.6758  val_acc={1: 1.0, 2: 1.0, 3: 1.0}  elapsed=7274s  PASS  abstain_loss=0.0000  abstain_class_balance=0.000  abstain_head_acc=1.000
[real_seed_r2_2] pilot 2 step  85600  lr=2.23e-04  loss=0.7934  val_acc={1: 1.0, 2: 1.0, 3: 1.0}  elapsed=7282s  PASS  abstain_loss=0.0000  abstain_class_balance=0.000  abstain_head_acc=1.000
[real_seed_r2_2] pilot 2 step  85700  lr=2.21e-04  loss=0.7653  val_acc={1: 1.0, 2: 1.0, 3: 1.0}  elapsed=7290s  PASS  abstain_loss=0.0000  abstain_class_balance=0.000  abstain_head_acc=1.000
[real_seed_r2_2] pilot 2 step  85800  lr=2.18e-04  loss=0.6857  val_acc={1: 1.0, 2: 1.0, 3: 1.0}  elapsed=7298s  PASS  abstain_loss=0.0000  abstain_class_balance=0.000  abstain_head_acc=1.000
[real_seed_r2_2] pilot 2 step  85900  lr=2.16e-04  loss=0.7944  val_acc={1: 1.0, 2: 1.0, 3: 1.0}  elapsed=7306s  PASS  abstain_loss=0.0000  abstain_class_balance=0.000  abstain_head_acc=1.000
[real_seed_r2_2] pilot 2 step  86000  lr=2.14e-04  loss=0.7711  val_acc={1: 1.0, 2: 1.0, 3: 1.0}  elapsed=7314s  PASS  abstain_loss=0.0000  abstain_class_balance=0.000  abstain_head_acc=1.000
[real_seed_r2_2] pilot 2 step  86100  lr=2.12e-04  loss=0.6814  val_acc={1: 1.0, 2: 1.0, 3: 1.0}  elapsed=7321s  PASS  abstain_loss=0.0000  abstain_class_balance=0.000  abstain_head_acc=1.000
[real_seed_r2_2] pilot 2 step  86200  lr=2.10e-04  loss=0.7904  val_acc={1: 1.0, 2: 1.0, 3: 1.0}  elapsed=7331s  PASS  abstain_loss=0.0000  abstain_class_balance=0.000  abstain_head_acc=1.000
[real_seed_r2_2] pilot 2 step  86300  lr=2.08e-04  loss=0.7704  val_acc={1: 1.0, 2: 1.0, 3: 1.0}  elapsed=7339s  PASS  abstain_loss=0.0000  abstain_class_balance=0.000  abstain_head_acc=1.000
[real_seed_r2_2] pilot 2 step  86400  lr=2.05e-04  loss=0.6820  val_acc={1: 1.0, 2: 1.0, 3: 1.0}  elapsed=7347s  PASS  abstain_loss=0.0000  abstain_class_balance=0.000  abstain_head_acc=1.000
[real_seed_r2_2] pilot 2 step  86500  lr=2.03e-04  loss=0.8020  val_acc={1: 1.0, 2: 1.0, 3: 1.0}  elapsed=7355s  PASS  abstain_loss=0.0000  abstain_class_balance=0.000  abstain_head_acc=1.000
[real_seed_r2_2] pilot 2 step  86600  lr=2.01e-04  loss=0.7727  val_acc={1: 1.0, 2: 1.0, 3: 1.0}  elapsed=7364s  PASS  abstain_loss=0.0000  abstain_class_balance=0.000  abstain_head_acc=1.000
[real_seed_r2_2] pilot 2 step  86700  lr=1.99e-04  loss=0.6769  val_acc={1: 1.0, 2: 1.0, 3: 1.0}  elapsed=7375s  PASS  abstain_loss=0.0000  abstain_class_balance=0.000  abstain_head_acc=1.000
[real_seed_r2_2] pilot 2 step  86800  lr=1.97e-04  loss=0.7975  val_acc={1: 1.0, 2: 1.0, 3: 1.0}  elapsed=7382s  PASS  abstain_loss=0.0000  abstain_class_balance=0.000  abstain_head_acc=1.000
[real_seed_r2_2] pilot 2 step  86900  lr=1.95e-04  loss=0.7687  val_acc={1: 1.0, 2: 1.0, 3: 1.0}  elapsed=7390s  PASS  abstain_loss=0.0001  abstain_class_balance=0.000  abstain_head_acc=1.000
[real_seed_r2_2] pilot 2 step  87000  lr=1.93e-04  loss=0.6809  val_acc={1: 1.0, 2: 1.0, 3: 1.0}  elapsed=7399s  PASS  abstain_loss=0.0000  abstain_class_balance=0.000  abstain_head_acc=1.000
[real_seed_r2_2] pilot 2 step  87100  lr=1.91e-04  loss=0.7883  val_acc={1: 1.0, 2: 1.0, 3: 1.0}  elapsed=7407s  PASS  abstain_loss=0.0000  abstain_class_balance=0.000  abstain_head_acc=1.000
[real_seed_r2_2] pilot 2 step  87200  lr=1.89e-04  loss=0.7701  val_acc={1: 1.0, 2: 1.0, 3: 1.0}  elapsed=7416s  PASS  abstain_loss=0.0000  abstain_class_balance=0.000  abstain_head_acc=1.000
[real_seed_r2_2] pilot 2 step  87300  lr=1.87e-04  loss=0.6864  val_acc={1: 1.0, 2: 1.0, 3: 1.0}  elapsed=7425s  PASS  abstain_loss=0.0000  abstain_class_balance=0.000  abstain_head_acc=1.000
[real_seed_r2_2] pilot 2 step  87400  lr=1.84e-04  loss=0.8007  val_acc={1: 1.0, 2: 1.0, 3: 1.0}  elapsed=7434s  PASS  abstain_loss=0.0000  abstain_class_balance=0.000  abstain_head_acc=1.000
[real_seed_r2_2] pilot 2 step  87500  lr=1.82e-04  loss=0.7609  val_acc={1: 1.0, 2: 1.0, 3: 1.0}  elapsed=7442s  PASS  abstain_loss=0.0000  abstain_class_balance=0.000  abstain_head_acc=1.000
[real_seed_r2_2] pilot 2 step  87600  lr=1.80e-04  loss=0.6724  val_acc={1: 1.0, 2: 1.0, 3: 1.0}  elapsed=7450s  PASS  abstain_loss=0.0000  abstain_class_balance=0.000  abstain_head_acc=1.000
[real_seed_r2_2] pilot 2 step  87700  lr=1.78e-04  loss=0.7930  val_acc={1: 1.0, 2: 1.0, 3: 1.0}  elapsed=7458s  PASS  abstain_loss=0.0000  abstain_class_balance=0.000  abstain_head_acc=1.000
[real_seed_r2_2] pilot 2 step  87800  lr=1.76e-04  loss=0.7730  val_acc={1: 1.0, 2: 1.0, 3: 1.0}  elapsed=7467s  PASS  abstain_loss=0.0000  abstain_class_balance=0.000  abstain_head_acc=1.000
[real_seed_r2_2] pilot 2 step  87900  lr=1.75e-04  loss=0.6801  val_acc={1: 1.0, 2: 1.0, 3: 1.0}  elapsed=7475s  PASS  abstain_loss=0.0000  abstain_class_balance=0.000  abstain_head_acc=1.000
[real_seed_r2_2] pilot 2 step  88000  lr=1.73e-04  loss=0.7924  val_acc={1: 1.0, 2: 1.0, 3: 1.0}  elapsed=7485s  PASS  abstain_loss=0.0000  abstain_class_balance=0.000  abstain_head_acc=1.000
[real_seed_r2_2] pilot 2 step  88100  lr=1.71e-04  loss=0.7686  val_acc={1: 1.0, 2: 1.0, 3: 1.0}  elapsed=7492s  PASS  abstain_loss=0.0000  abstain_class_balance=0.000  abstain_head_acc=1.000
[real_seed_r2_2] pilot 2 step  88200  lr=1.69e-04  loss=0.6800  val_acc={1: 1.0, 2: 1.0, 3: 1.0}  elapsed=7503s  PASS  abstain_loss=0.0000  abstain_class_balance=0.000  abstain_head_acc=1.000
[real_seed_r2_2] pilot 2 step  88300  lr=1.67e-04  loss=0.7923  val_acc={1: 1.0, 2: 1.0, 3: 1.0}  elapsed=7512s  PASS  abstain_loss=0.0000  abstain_class_balance=0.000  abstain_head_acc=1.000
[real_seed_r2_2] pilot 2 step  88400  lr=1.65e-04  loss=0.7621  val_acc={1: 1.0, 2: 1.0, 3: 1.0}  elapsed=7521s  PASS  abstain_loss=0.0000  abstain_class_balance=0.000  abstain_head_acc=1.000
[real_seed_r2_2] pilot 2 step  88500  lr=1.63e-04  loss=0.6729  val_acc={1: 1.0, 2: 1.0, 3: 1.0}  elapsed=7529s  PASS  abstain_loss=0.0000  abstain_class_balance=0.000  abstain_head_acc=1.000
[real_seed_r2_2] pilot 2 step  88600  lr=1.61e-04  loss=0.7866  val_acc={1: 1.0, 2: 1.0, 3: 1.0}  elapsed=7536s  PASS  abstain_loss=0.0000  abstain_class_balance=0.000  abstain_head_acc=1.000
[real_seed_r2_2] pilot 2 step  88700  lr=1.59e-04  loss=0.7702  val_acc={1: 1.0, 2: 1.0, 3: 1.0}  elapsed=7543s  PASS  abstain_loss=0.0000  abstain_class_balance=0.000  abstain_head_acc=1.000
[real_seed_r2_2] pilot 2 step  88800  lr=1.57e-04  loss=0.6664  val_acc={1: 1.0, 2: 1.0, 3: 1.0}  elapsed=7552s  PASS  abstain_loss=0.0000  abstain_class_balance=0.000  abstain_head_acc=1.000
[real_seed_r2_2] pilot 2 step  88900  lr=1.56e-04  loss=0.7919  val_acc={1: 1.0, 2: 1.0, 3: 1.0}  elapsed=7564s  PASS  abstain_loss=0.0000  abstain_class_balance=0.000  abstain_head_acc=1.000
[real_seed_r2_2] pilot 2 step  89000  lr=1.54e-04  loss=0.7698  val_acc={1: 1.0, 2: 1.0, 3: 1.0}  elapsed=7573s  PASS  abstain_loss=0.0000  abstain_class_balance=0.000  abstain_head_acc=1.000
[real_seed_r2_2] pilot 2 step  89100  lr=1.52e-04  loss=0.6828  val_acc={1: 1.0, 2: 1.0, 3: 1.0}  elapsed=7581s  PASS  abstain_loss=0.0000  abstain_class_balance=0.000  abstain_head_acc=1.000
[real_seed_r2_2] pilot 2 step  89200  lr=1.50e-04  loss=0.7891  val_acc={1: 1.0, 2: 1.0, 3: 1.0}  elapsed=7593s  PASS  abstain_loss=0.0000  abstain_class_balance=0.000  abstain_head_acc=1.000
[real_seed_r2_2] pilot 2 step  89300  lr=1.48e-04  loss=0.7747  val_acc={1: 1.0, 2: 1.0, 3: 1.0}  elapsed=7601s  PASS  abstain_loss=0.0000  abstain_class_balance=0.000  abstain_head_acc=1.000
[real_seed_r2_2] pilot 2 step  89400  lr=1.47e-04  loss=0.6721  val_acc={1: 1.0, 2: 1.0, 3: 1.0}  elapsed=7610s  PASS  abstain_loss=0.0000  abstain_class_balance=0.000  abstain_head_acc=1.000
[real_seed_r2_2] pilot 2 step  89500  lr=1.45e-04  loss=0.8075  val_acc={1: 1.0, 2: 1.0, 3: 1.0}  elapsed=7618s  PASS  abstain_loss=0.0000  abstain_class_balance=0.000  abstain_head_acc=1.000
[real_seed_r2_2] pilot 2 step  89600  lr=1.43e-04  loss=0.7600  val_acc={1: 1.0, 2: 1.0, 3: 1.0}  elapsed=7626s  PASS  abstain_loss=0.0000  abstain_class_balance=0.000  abstain_head_acc=1.000
[real_seed_r2_2] pilot 2 step  89700  lr=1.41e-04  loss=0.6740  val_acc={1: 1.0, 2: 1.0, 3: 1.0}  elapsed=7636s  PASS  abstain_loss=0.0000  abstain_class_balance=0.000  abstain_head_acc=1.000
[real_seed_r2_2] pilot 2 step  89800  lr=1.40e-04  loss=0.7973  val_acc={1: 1.0, 2: 1.0, 3: 1.0}  elapsed=7645s  PASS  abstain_loss=0.0000  abstain_class_balance=0.000  abstain_head_acc=1.000
[real_seed_r2_2] pilot 2 step  89900  lr=1.38e-04  loss=0.7653  val_acc={1: 1.0, 2: 1.0, 3: 1.0}  elapsed=7653s  PASS  abstain_loss=0.0000  abstain_class_balance=0.000  abstain_head_acc=1.000
[real_seed_r2_2] pilot 2 step  90000  lr=1.36e-04  loss=0.6756  val_acc={1: 1.0, 2: 1.0, 3: 1.0}  elapsed=7660s  PASS  abstain_loss=0.0000  abstain_class_balance=0.000  abstain_head_acc=1.000
[real_seed_r2_2] pilot 2 step  90100  lr=1.34e-04  loss=0.8047  val_acc={1: 1.0, 2: 1.0, 3: 1.0}  elapsed=7669s  PASS  abstain_loss=0.0000  abstain_class_balance=0.000  abstain_head_acc=1.000
[real_seed_r2_2] pilot 2 step  90200  lr=1.33e-04  loss=0.7598  val_acc={1: 1.0, 2: 1.0, 3: 1.0}  elapsed=7678s  PASS  abstain_loss=0.0000  abstain_class_balance=0.000  abstain_head_acc=1.000
[real_seed_r2_2] pilot 2 step  90300  lr=1.31e-04  loss=0.6798  val_acc={1: 1.0, 2: 1.0, 3: 1.0}  elapsed=7686s  PASS  abstain_loss=0.0000  abstain_class_balance=0.000  abstain_head_acc=1.000
[real_seed_r2_2] pilot 2 step  90400  lr=1.30e-04  loss=0.7920  val_acc={1: 1.0, 2: 1.0, 3: 1.0}  elapsed=7693s  PASS  abstain_loss=0.0000  abstain_class_balance=0.000  abstain_head_acc=1.000
[real_seed_r2_2] pilot 2 step  90500  lr=1.28e-04  loss=0.7625  val_acc={1: 1.0, 2: 1.0, 3: 1.0}  elapsed=7702s  PASS  abstain_loss=0.0000  abstain_class_balance=0.000  abstain_head_acc=1.000
[real_seed_r2_2] pilot 2 step  90600  lr=1.26e-04  loss=0.6815  val_acc={1: 1.0, 2: 1.0, 3: 1.0}  elapsed=7711s  PASS  abstain_loss=0.0000  abstain_class_balance=0.000  abstain_head_acc=1.000
[real_seed_r2_2] pilot 2 step  90700  lr=1.25e-04  loss=0.8004  val_acc={1: 1.0, 2: 1.0, 3: 1.0}  elapsed=7719s  PASS  abstain_loss=0.0000  abstain_class_balance=0.000  abstain_head_acc=1.000
[real_seed_r2_2] pilot 2 step  90800  lr=1.23e-04  loss=0.7629  val_acc={1: 1.0, 2: 1.0, 3: 1.0}  elapsed=7727s  PASS  abstain_loss=0.0000  abstain_class_balance=0.000  abstain_head_acc=1.000
[real_seed_r2_2] pilot 2 step  90900  lr=1.21e-04  loss=0.6770  val_acc={1: 1.0, 2: 1.0, 3: 1.0}  elapsed=7737s  PASS  abstain_loss=0.0000  abstain_class_balance=0.000  abstain_head_acc=1.000
[real_seed_r2_2] pilot 2 step  91000  lr=1.20e-04  loss=0.7999  val_acc={1: 1.0, 2: 1.0, 3: 1.0}  elapsed=7745s  PASS  abstain_loss=0.0000  abstain_class_balance=0.000  abstain_head_acc=1.000
[real_seed_r2_2] pilot 2 step  91100  lr=1.18e-04  loss=0.7641  val_acc={1: 1.0, 2: 1.0, 3: 1.0}  elapsed=7754s  PASS  abstain_loss=0.0000  abstain_class_balance=0.000  abstain_head_acc=1.000
[real_seed_r2_2] pilot 2 step  91200  lr=1.17e-04  loss=0.6739  val_acc={1: 1.0, 2: 1.0, 3: 1.0}  elapsed=7762s  PASS  abstain_loss=0.0000  abstain_class_balance=0.000  abstain_head_acc=1.000
[real_seed_r2_2] pilot 2 step  91300  lr=1.15e-04  loss=0.7926  val_acc={1: 1.0, 2: 1.0, 3: 1.0}  elapsed=7770s  PASS  abstain_loss=0.0000  abstain_class_balance=0.000  abstain_head_acc=1.000
[real_seed_r2_2] pilot 2 step  91400  lr=1.14e-04  loss=0.7657  val_acc={1: 1.0, 2: 1.0, 3: 1.0}  elapsed=7780s  PASS  abstain_loss=0.0000  abstain_class_balance=0.000  abstain_head_acc=1.000
[real_seed_r2_2] pilot 2 step  91500  lr=1.12e-04  loss=0.6732  val_acc={1: 1.0, 2: 1.0, 3: 1.0}  elapsed=7788s  PASS  abstain_loss=0.0000  abstain_class_balance=0.000  abstain_head_acc=1.000
[real_seed_r2_2] pilot 2 step  91600  lr=1.11e-04  loss=0.8019  val_acc={1: 1.0, 2: 1.0, 3: 1.0}  elapsed=7796s  PASS  abstain_loss=0.0000  abstain_class_balance=0.000  abstain_head_acc=1.000
[real_seed_r2_2] pilot 2 step  91700  lr=1.09e-04  loss=0.7660  val_acc={1: 1.0, 2: 1.0, 3: 1.0}  elapsed=7804s  PASS  abstain_loss=0.0000  abstain_class_balance=0.000  abstain_head_acc=1.000
[real_seed_r2_2] pilot 2 step  91800  lr=1.08e-04  loss=0.6774  val_acc={1: 1.0, 2: 1.0, 3: 1.0}  elapsed=7815s  PASS  abstain_loss=0.0000  abstain_class_balance=0.000  abstain_head_acc=1.000
[real_seed_r2_2] pilot 2 step  91900  lr=1.06e-04  loss=0.7959  val_acc={1: 1.0, 2: 1.0, 3: 1.0}  elapsed=7823s  PASS  abstain_loss=0.0000  abstain_class_balance=0.000  abstain_head_acc=1.000
[real_seed_r2_2] pilot 2 step  92000  lr=1.05e-04  loss=0.7614  val_acc={1: 1.0, 2: 1.0, 3: 1.0}  elapsed=7832s  PASS  abstain_loss=0.0000  abstain_class_balance=0.000  abstain_head_acc=1.000
[real_seed_r2_2] pilot 2 step  92100  lr=1.04e-04  loss=0.6807  val_acc={1: 1.0, 2: 1.0, 3: 1.0}  elapsed=7839s  PASS  abstain_loss=0.0000  abstain_class_balance=0.000  abstain_head_acc=1.000
[real_seed_r2_2] pilot 2 step  92200  lr=1.02e-04  loss=0.7970  val_acc={1: 1.0, 2: 1.0, 3: 1.0}  elapsed=7848s  PASS  abstain_loss=0.0000  abstain_class_balance=0.000  abstain_head_acc=1.000
[real_seed_r2_2] pilot 2 step  92300  lr=1.01e-04  loss=0.7661  val_acc={1: 1.0, 2: 1.0, 3: 1.0}  elapsed=7858s  PASS  abstain_loss=0.0000  abstain_class_balance=0.000  abstain_head_acc=1.000
[real_seed_r2_2] pilot 2 step  92400  lr=9.93e-05  loss=0.6660  val_acc={1: 1.0, 2: 1.0, 3: 1.0}  elapsed=7866s  PASS  abstain_loss=0.0000  abstain_class_balance=0.000  abstain_head_acc=1.000
[real_seed_r2_2] pilot 2 step  92500  lr=9.80e-05  loss=0.7974  val_acc={1: 1.0, 2: 1.0, 3: 1.0}  elapsed=7874s  PASS  abstain_loss=0.0000  abstain_class_balance=0.000  abstain_head_acc=1.000
[real_seed_r2_2] pilot 2 step  92600  lr=9.66e-05  loss=0.7615  val_acc={1: 1.0, 2: 1.0, 3: 1.0}  elapsed=7883s  PASS  abstain_loss=0.0000  abstain_class_balance=0.000  abstain_head_acc=1.000
[real_seed_r2_2] pilot 2 step  92700  lr=9.53e-05  loss=0.6735  val_acc={1: 1.0, 2: 1.0, 3: 1.0}  elapsed=7891s  PASS  abstain_loss=0.0000  abstain_class_balance=0.000  abstain_head_acc=1.000
[real_seed_r2_2] pilot 2 step  92800  lr=9.39e-05  loss=0.7900  val_acc={1: 1.0, 2: 1.0, 3: 1.0}  elapsed=7899s  PASS  abstain_loss=0.0000  abstain_class_balance=0.000  abstain_head_acc=1.000
[real_seed_r2_2] pilot 2 step  92900  lr=9.26e-05  loss=0.7718  val_acc={1: 1.0, 2: 1.0, 3: 1.0}  elapsed=7908s  PASS  abstain_loss=0.0000  abstain_class_balance=0.000  abstain_head_acc=1.000
[real_seed_r2_2] pilot 2 step  93000  lr=9.13e-05  loss=0.6741  val_acc={1: 1.0, 2: 1.0, 3: 1.0}  elapsed=7917s  PASS  abstain_loss=0.0000  abstain_class_balance=0.000  abstain_head_acc=1.000
[real_seed_r2_2] pilot 2 step  93100  lr=9.00e-05  loss=0.7988  val_acc={1: 1.0, 2: 1.0, 3: 1.0}  elapsed=7925s  PASS  abstain_loss=0.0000  abstain_class_balance=0.000  abstain_head_acc=1.000
[real_seed_r2_2] pilot 2 step  93200  lr=8.88e-05  loss=0.7602  val_acc={1: 1.0, 2: 1.0, 3: 1.0}  elapsed=7933s  PASS  abstain_loss=0.0000  abstain_class_balance=0.000  abstain_head_acc=1.000
[real_seed_r2_2] pilot 2 step  93300  lr=8.75e-05  loss=0.6771  val_acc={1: 1.0, 2: 1.0, 3: 1.0}  elapsed=7941s  PASS  abstain_loss=0.0000  abstain_class_balance=0.000  abstain_head_acc=1.000
[real_seed_r2_2] pilot 2 step  93400  lr=8.62e-05  loss=0.7855  val_acc={1: 1.0, 2: 1.0, 3: 1.0}  elapsed=7949s  PASS  abstain_loss=0.0000  abstain_class_balance=0.000  abstain_head_acc=1.000
[real_seed_r2_2] pilot 2 step  93500  lr=8.50e-05  loss=0.7665  val_acc={1: 1.0, 2: 1.0, 3: 1.0}  elapsed=7957s  PASS  abstain_loss=0.0000  abstain_class_balance=0.000  abstain_head_acc=1.000
[real_seed_r2_2] pilot 2 step  93600  lr=8.38e-05  loss=0.6769  val_acc={1: 1.0, 2: 1.0, 3: 1.0}  elapsed=7964s  PASS  abstain_loss=0.0000  abstain_class_balance=0.000  abstain_head_acc=1.000
[real_seed_r2_2] pilot 2 step  93700  lr=8.26e-05  loss=0.7920  val_acc={1: 1.0, 2: 1.0, 3: 1.0}  elapsed=7971s  PASS  abstain_loss=0.0000  abstain_class_balance=0.000  abstain_head_acc=1.000
[real_seed_r2_2] pilot 2 step  93800  lr=8.14e-05  loss=0.7617  val_acc={1: 1.0, 2: 1.0, 3: 1.0}  elapsed=7979s  PASS  abstain_loss=0.0000  abstain_class_balance=0.000  abstain_head_acc=1.000
[real_seed_r2_2] pilot 2 step  93900  lr=8.02e-05  loss=0.6847  val_acc={1: 1.0, 2: 1.0, 3: 1.0}  elapsed=7987s  PASS  abstain_loss=0.0000  abstain_class_balance=0.000  abstain_head_acc=1.000
[real_seed_r2_2] pilot 2 step  94000  lr=7.90e-05  loss=0.7908  val_acc={1: 1.0, 2: 1.0, 3: 1.0}  elapsed=7997s  PASS  abstain_loss=0.0000  abstain_class_balance=0.000  abstain_head_acc=1.000
[real_seed_r2_2] pilot 2 step  94100  lr=7.79e-05  loss=0.7648  val_acc={1: 1.0, 2: 1.0, 3: 1.0}  elapsed=8004s  PASS  abstain_loss=0.0000  abstain_class_balance=0.000  abstain_head_acc=1.000
[real_seed_r2_2] pilot 2 step  94200  lr=7.67e-05  loss=0.6765  val_acc={1: 1.0, 2: 1.0, 3: 1.0}  elapsed=8013s  PASS  abstain_loss=0.0000  abstain_class_balance=0.000  abstain_head_acc=1.000
[real_seed_r2_2] pilot 2 step  94300  lr=7.56e-05  loss=0.7879  val_acc={1: 1.0, 2: 1.0, 3: 1.0}  elapsed=8022s  PASS  abstain_loss=0.0000  abstain_class_balance=0.000  abstain_head_acc=1.000
[real_seed_r2_2] pilot 2 step  94400  lr=7.45e-05  loss=0.7686  val_acc={1: 1.0, 2: 1.0, 3: 1.0}  elapsed=8030s  PASS  abstain_loss=0.0000  abstain_class_balance=0.000  abstain_head_acc=1.000
[real_seed_r2_2] pilot 2 step  94500  lr=7.34e-05  loss=0.6815  val_acc={1: 1.0, 2: 1.0, 3: 1.0}  elapsed=8038s  PASS  abstain_loss=0.0000  abstain_class_balance=0.000  abstain_head_acc=1.000
[real_seed_r2_2] pilot 2 step  94600  lr=7.23e-05  loss=0.7907  val_acc={1: 1.0, 2: 1.0, 3: 1.0}  elapsed=8046s  PASS  abstain_loss=0.0000  abstain_class_balance=0.000  abstain_head_acc=1.000
[real_seed_r2_2] pilot 2 step  94700  lr=7.12e-05  loss=0.7688  val_acc={1: 1.0, 2: 1.0, 3: 1.0}  elapsed=8054s  PASS  abstain_loss=0.0000  abstain_class_balance=0.000  abstain_head_acc=1.000
[real_seed_r2_2] pilot 2 step  94800  lr=7.02e-05  loss=0.6747  val_acc={1: 1.0, 2: 1.0, 3: 1.0}  elapsed=8061s  PASS  abstain_loss=0.0000  abstain_class_balance=0.000  abstain_head_acc=1.000
[real_seed_r2_2] pilot 2 step  94900  lr=6.91e-05  loss=0.7927  val_acc={1: 1.0, 2: 1.0, 3: 1.0}  elapsed=8073s  PASS  abstain_loss=0.0000  abstain_class_balance=0.000  abstain_head_acc=1.000
[real_seed_r2_2] pilot 2 step  95000  lr=6.81e-05  loss=0.7639  val_acc={1: 1.0, 2: 1.0, 3: 1.0}  elapsed=8082s  PASS  abstain_loss=0.0000  abstain_class_balance=0.000  abstain_head_acc=1.000
[real_seed_r2_2] pilot 2 step  95100  lr=6.71e-05  loss=0.6724  val_acc={1: 1.0, 2: 1.0, 3: 1.0}  elapsed=8090s  PASS  abstain_loss=0.0000  abstain_class_balance=0.000  abstain_head_acc=1.000
[real_seed_r2_2] pilot 2 step  95200  lr=6.61e-05  loss=0.7892  val_acc={1: 1.0, 2: 1.0, 3: 1.0}  elapsed=8097s  PASS  abstain_loss=0.0000  abstain_class_balance=0.000  abstain_head_acc=1.000
[real_seed_r2_2] pilot 2 step  95300  lr=6.51e-05  loss=0.7600  val_acc={1: 1.0, 2: 1.0, 3: 1.0}  elapsed=8106s  PASS  abstain_loss=0.0000  abstain_class_balance=0.000  abstain_head_acc=1.000
[real_seed_r2_2] pilot 2 step  95400  lr=6.41e-05  loss=0.6804  val_acc={1: 1.0, 2: 1.0, 3: 1.0}  elapsed=8115s  PASS  abstain_loss=0.0000  abstain_class_balance=0.000  abstain_head_acc=1.000
[real_seed_r2_2] pilot 2 step  95500  lr=6.31e-05  loss=0.7959  val_acc={1: 1.0, 2: 1.0, 3: 1.0}  elapsed=8123s  PASS  abstain_loss=0.0000  abstain_class_balance=0.000  abstain_head_acc=1.000
[real_seed_r2_2] pilot 2 step  95600  lr=6.22e-05  loss=0.7638  val_acc={1: 1.0, 2: 1.0, 3: 1.0}  elapsed=8131s  PASS  abstain_loss=0.0000  abstain_class_balance=0.000  abstain_head_acc=1.000
[real_seed_r2_2] pilot 2 step  95700  lr=6.13e-05  loss=0.6766  val_acc={1: 1.0, 2: 1.0, 3: 1.0}  elapsed=8138s  PASS  abstain_loss=0.0000  abstain_class_balance=0.000  abstain_head_acc=1.000
[real_seed_r2_2] pilot 2 step  95800  lr=6.03e-05  loss=0.7985  val_acc={1: 1.0, 2: 1.0, 3: 1.0}  elapsed=8147s  PASS  abstain_loss=0.0000  abstain_class_balance=0.000  abstain_head_acc=1.000
[real_seed_r2_2] pilot 2 step  95900  lr=5.94e-05  loss=0.7585  val_acc={1: 1.0, 2: 1.0, 3: 1.0}  elapsed=8156s  PASS  abstain_loss=0.0000  abstain_class_balance=0.000  abstain_head_acc=1.000
[real_seed_r2_2] pilot 2 step  96000  lr=5.85e-05  loss=0.6784  val_acc={1: 1.0, 2: 1.0, 3: 1.0}  elapsed=8164s  PASS  abstain_loss=0.0000  abstain_class_balance=0.000  abstain_head_acc=1.000
[real_seed_r2_2] pilot 2 step  96100  lr=5.77e-05  loss=0.7940  val_acc={1: 1.0, 2: 1.0, 3: 1.0}  elapsed=8174s  PASS  abstain_loss=0.0000  abstain_class_balance=0.000  abstain_head_acc=1.000
[real_seed_r2_2] pilot 2 step  96200  lr=5.68e-05  loss=0.7704  val_acc={1: 1.0, 2: 1.0, 3: 1.0}  elapsed=8184s  PASS  abstain_loss=0.0000  abstain_class_balance=0.000  abstain_head_acc=1.000
[real_seed_r2_2] pilot 2 step  96300  lr=5.59e-05  loss=0.6776  val_acc={1: 1.0, 2: 1.0, 3: 1.0}  elapsed=8192s  PASS  abstain_loss=0.0000  abstain_class_balance=0.000  abstain_head_acc=1.000
[real_seed_r2_2] pilot 2 step  96400  lr=5.51e-05  loss=0.7953  val_acc={1: 1.0, 2: 1.0, 3: 1.0}  elapsed=8201s  PASS  abstain_loss=0.0000  abstain_class_balance=0.000  abstain_head_acc=1.000
[real_seed_r2_2] pilot 2 step  96500  lr=5.43e-05  loss=0.7641  val_acc={1: 1.0, 2: 1.0, 3: 1.0}  elapsed=8208s  PASS  abstain_loss=0.0000  abstain_class_balance=0.000  abstain_head_acc=1.000
[real_seed_r2_2] pilot 2 step  96600  lr=5.34e-05  loss=0.6808  val_acc={1: 1.0, 2: 1.0, 3: 1.0}  elapsed=8217s  PASS  abstain_loss=0.0000  abstain_class_balance=0.000  abstain_head_acc=1.000
[real_seed_r2_2] pilot 2 step  96700  lr=5.26e-05  loss=0.7941  val_acc={1: 1.0, 2: 1.0, 3: 1.0}  elapsed=8226s  PASS  abstain_loss=0.0000  abstain_class_balance=0.000  abstain_head_acc=1.000
[real_seed_r2_2] pilot 2 step  96800  lr=5.19e-05  loss=0.7705  val_acc={1: 1.0, 2: 1.0, 3: 1.0}  elapsed=8233s  PASS  abstain_loss=0.0000  abstain_class_balance=0.000  abstain_head_acc=1.000
[real_seed_r2_2] pilot 2 step  96900  lr=5.11e-05  loss=0.6820  val_acc={1: 1.0, 2: 1.0, 3: 1.0}  elapsed=8243s  PASS  abstain_loss=0.0000  abstain_class_balance=0.000  abstain_head_acc=1.000
[real_seed_r2_2] pilot 2 step  97000  lr=5.03e-05  loss=0.7981  val_acc={1: 1.0, 2: 1.0, 3: 1.0}  elapsed=8251s  PASS  abstain_loss=0.0000  abstain_class_balance=0.000  abstain_head_acc=1.000
[real_seed_r2_2] pilot 2 step  97100  lr=4.96e-05  loss=0.7649  val_acc={1: 1.0, 2: 1.0, 3: 1.0}  elapsed=8259s  PASS  abstain_loss=0.0000  abstain_class_balance=0.000  abstain_head_acc=1.000
[real_seed_r2_2] pilot 2 step  97200  lr=4.89e-05  loss=0.6676  val_acc={1: 1.0, 2: 1.0, 3: 1.0}  elapsed=8267s  PASS  abstain_loss=0.0000  abstain_class_balance=0.000  abstain_head_acc=1.000
[real_seed_r2_2] pilot 2 step  97300  lr=4.81e-05  loss=0.7899  val_acc={1: 1.0, 2: 1.0, 3: 1.0}  elapsed=8275s  PASS  abstain_loss=0.0000  abstain_class_balance=0.000  abstain_head_acc=1.000
[real_seed_r2_2] pilot 2 step  97400  lr=4.74e-05  loss=0.7648  val_acc={1: 1.0, 2: 1.0, 3: 1.0}  elapsed=8283s  PASS  abstain_loss=0.0000  abstain_class_balance=0.000  abstain_head_acc=1.000
[real_seed_r2_2] pilot 2 step  97500  lr=4.67e-05  loss=0.6791  val_acc={1: 1.0, 2: 1.0, 3: 1.0}  elapsed=8291s  PASS  abstain_loss=0.0000  abstain_class_balance=0.000  abstain_head_acc=1.000
[real_seed_r2_2] pilot 2 step  97600  lr=4.61e-05  loss=0.7942  val_acc={1: 1.0, 2: 1.0, 3: 1.0}  elapsed=8299s  PASS  abstain_loss=0.0000  abstain_class_balance=0.000  abstain_head_acc=1.000
[real_seed_r2_2] pilot 2 step  97700  lr=4.54e-05  loss=0.7696  val_acc={1: 1.0, 2: 1.0, 3: 1.0}  elapsed=8308s  PASS  abstain_loss=0.0000  abstain_class_balance=0.000  abstain_head_acc=1.000
[real_seed_r2_2] pilot 2 step  97800  lr=4.48e-05  loss=0.6778  val_acc={1: 1.0, 2: 1.0, 3: 1.0}  elapsed=8316s  PASS  abstain_loss=0.0000  abstain_class_balance=0.000  abstain_head_acc=1.000
[real_seed_r2_2] pilot 2 step  97900  lr=4.41e-05  loss=0.7916  val_acc={1: 1.0, 2: 1.0, 3: 1.0}  elapsed=8326s  PASS  abstain_loss=0.0000  abstain_class_balance=0.000  abstain_head_acc=1.000
[real_seed_r2_2] pilot 2 step  98000  lr=4.35e-05  loss=0.7696  val_acc={1: 1.0, 2: 1.0, 3: 1.0}  elapsed=8334s  PASS  abstain_loss=0.0000  abstain_class_balance=0.000  abstain_head_acc=1.000
[real_seed_r2_2] pilot 2 step  98100  lr=4.29e-05  loss=0.6691  val_acc={1: 1.0, 2: 1.0, 3: 1.0}  elapsed=8342s  PASS  abstain_loss=0.0000  abstain_class_balance=0.000  abstain_head_acc=1.000
[real_seed_r2_2] pilot 2 step  98200  lr=4.23e-05  loss=0.8016  val_acc={1: 1.0, 2: 1.0, 3: 1.0}  elapsed=8349s  PASS  abstain_loss=0.0000  abstain_class_balance=0.000  abstain_head_acc=1.000
[real_seed_r2_2] pilot 2 step  98300  lr=4.17e-05  loss=0.7643  val_acc={1: 1.0, 2: 1.0, 3: 1.0}  elapsed=8361s  PASS  abstain_loss=0.0000  abstain_class_balance=0.000  abstain_head_acc=1.000
[real_seed_r2_2] pilot 2 step  98400  lr=4.12e-05  loss=0.6836  val_acc={1: 1.0, 2: 1.0, 3: 1.0}  elapsed=8373s  PASS  abstain_loss=0.0000  abstain_class_balance=0.000  abstain_head_acc=1.000
[real_seed_r2_2] pilot 2 step  98500  lr=4.06e-05  loss=0.7892  val_acc={1: 1.0, 2: 1.0, 3: 1.0}  elapsed=8380s  PASS  abstain_loss=0.0000  abstain_class_balance=0.000  abstain_head_acc=1.000
[real_seed_r2_2] pilot 2 step  98600  lr=4.01e-05  loss=0.7648  val_acc={1: 1.0, 2: 1.0, 3: 1.0}  elapsed=8388s  PASS  abstain_loss=0.0000  abstain_class_balance=0.000  abstain_head_acc=1.000
[real_seed_r2_2] pilot 2 step  98700  lr=3.96e-05  loss=0.6765  val_acc={1: 1.0, 2: 1.0, 3: 1.0}  elapsed=8397s  PASS  abstain_loss=0.0000  abstain_class_balance=0.000  abstain_head_acc=1.000
[real_seed_r2_2] pilot 2 step  98800  lr=3.90e-05  loss=0.7861  val_acc={1: 1.0, 2: 1.0, 3: 1.0}  elapsed=8405s  PASS  abstain_loss=0.0000  abstain_class_balance=0.000  abstain_head_acc=1.000
[real_seed_r2_2] pilot 2 step  98900  lr=3.86e-05  loss=0.7663  val_acc={1: 1.0, 2: 1.0, 3: 1.0}  elapsed=8413s  PASS  abstain_loss=0.0000  abstain_class_balance=0.000  abstain_head_acc=1.000
[real_seed_r2_2] pilot 2 step  99000  lr=3.81e-05  loss=0.6749  val_acc={1: 1.0, 2: 1.0, 3: 1.0}  elapsed=8421s  PASS  abstain_loss=0.0000  abstain_class_balance=0.000  abstain_head_acc=1.000
[real_seed_r2_2] pilot 2 step  99100  lr=3.76e-05  loss=0.7926  val_acc={1: 1.0, 2: 1.0, 3: 1.0}  elapsed=8429s  PASS  abstain_loss=0.0000  abstain_class_balance=0.000  abstain_head_acc=1.000
[real_seed_r2_2] pilot 2 step  99200  lr=3.72e-05  loss=0.7720  val_acc={1: 1.0, 2: 1.0, 3: 1.0}  elapsed=8436s  PASS  abstain_loss=0.0000  abstain_class_balance=0.000  abstain_head_acc=1.000
[real_seed_r2_2] pilot 2 step  99300  lr=3.67e-05  loss=0.6839  val_acc={1: 1.0, 2: 1.0, 3: 1.0}  elapsed=8444s  PASS  abstain_loss=0.0000  abstain_class_balance=0.000  abstain_head_acc=1.000
[real_seed_r2_2] pilot 2 step  99400  lr=3.63e-05  loss=0.7882  val_acc={1: 1.0, 2: 1.0, 3: 1.0}  elapsed=8453s  PASS  abstain_loss=0.0000  abstain_class_balance=0.000  abstain_head_acc=1.000
[real_seed_r2_2] pilot 2 step  99500  lr=3.59e-05  loss=0.7586  val_acc={1: 1.0, 2: 1.0, 3: 1.0}  elapsed=8460s  PASS  abstain_loss=0.0000  abstain_class_balance=0.000  abstain_head_acc=1.000
[real_seed_r2_2] pilot 2 step  99600  lr=3.55e-05  loss=0.6799  val_acc={1: 1.0, 2: 1.0, 3: 1.0}  elapsed=8468s  PASS  abstain_loss=0.0000  abstain_class_balance=0.000  abstain_head_acc=1.000
[real_seed_r2_2] pilot 2 step  99700  lr=3.51e-05  loss=0.8009  val_acc={1: 1.0, 2: 1.0, 3: 1.0}  elapsed=8477s  PASS  abstain_loss=0.0000  abstain_class_balance=0.000  abstain_head_acc=1.000
[real_seed_r2_2] pilot 2 step  99800  lr=3.47e-05  loss=0.7624  val_acc={1: 1.0, 2: 1.0, 3: 1.0}  elapsed=8485s  PASS  abstain_loss=0.0000  abstain_class_balance=0.000  abstain_head_acc=1.000
[real_seed_r2_2] pilot 2 step  99900  lr=3.44e-05  loss=0.6812  val_acc={1: 1.0, 2: 1.0, 3: 1.0}  elapsed=8493s  PASS  abstain_loss=0.0000  abstain_class_balance=0.000  abstain_head_acc=1.000
[real_seed_r2_2] pilot 2 step 100000  lr=3.40e-05  loss=0.7944  val_acc={1: 1.0, 2: 1.0, 3: 1.0}  elapsed=8503s  PASS  abstain_loss=0.0000  abstain_class_balance=0.000  abstain_head_acc=1.000
[real_seed_r2_2] pilot 2 step 100100  lr=3.37e-05  loss=0.7509  val_acc={1: 1.0, 2: 1.0, 3: 1.0}  elapsed=8510s  PASS  abstain_loss=0.0000  abstain_class_balance=0.000  abstain_head_acc=1.000
[real_seed_r2_2] pilot 2 step 100200  lr=3.34e-05  loss=0.6670  val_acc={1: 1.0, 2: 1.0, 3: 1.0}  elapsed=8519s  PASS  abstain_loss=0.0000  abstain_class_balance=0.000  abstain_head_acc=1.000
[real_seed_r2_2] pilot 2 step 100300  lr=3.31e-05  loss=0.7919  val_acc={1: 1.0, 2: 1.0, 3: 1.0}  elapsed=8526s  PASS  abstain_loss=0.0000  abstain_class_balance=0.000  abstain_head_acc=1.000
[real_seed_r2_2] pilot 2 step 100400  lr=3.28e-05  loss=0.7713  val_acc={1: 1.0, 2: 1.0, 3: 1.0}  elapsed=8536s  PASS  abstain_loss=0.0000  abstain_class_balance=0.000  abstain_head_acc=1.000
[real_seed_r2_2] pilot 2 step 100500  lr=3.25e-05  loss=0.6718  val_acc={1: 1.0, 2: 1.0, 3: 1.0}  elapsed=8544s  PASS  abstain_loss=0.0000  abstain_class_balance=0.000  abstain_head_acc=1.000
[real_seed_r2_2] pilot 2 step 100600  lr=3.23e-05  loss=0.7878  val_acc={1: 1.0, 2: 1.0, 3: 1.0}  elapsed=8552s  PASS  abstain_loss=0.0000  abstain_class_balance=0.000  abstain_head_acc=1.000
[real_seed_r2_2] pilot 2 step 100700  lr=3.20e-05  loss=0.7629  val_acc={1: 1.0, 2: 1.0, 3: 1.0}  elapsed=8560s  PASS  abstain_loss=0.0000  abstain_class_balance=0.000  abstain_head_acc=1.000
[real_seed_r2_2] pilot 2 step 100800  lr=3.18e-05  loss=0.6776  val_acc={1: 1.0, 2: 1.0, 3: 1.0}  elapsed=8567s  PASS  abstain_loss=0.0000  abstain_class_balance=0.000  abstain_head_acc=1.000
[real_seed_r2_2] pilot 2 step 100900  lr=3.16e-05  loss=0.7926  val_acc={1: 1.0, 2: 1.0, 3: 1.0}  elapsed=8576s  PASS  abstain_loss=0.0000  abstain_class_balance=0.000  abstain_head_acc=1.000
[real_seed_r2_2] pilot 2 step 101000  lr=3.14e-05  loss=0.7626  val_acc={1: 1.0, 2: 1.0, 3: 1.0}  elapsed=8583s  PASS  abstain_loss=0.0000  abstain_class_balance=0.000  abstain_head_acc=1.000
[real_seed_r2_2] pilot 2 step 101100  lr=3.12e-05  loss=0.6835  val_acc={1: 1.0, 2: 1.0, 3: 1.0}  elapsed=8591s  PASS  abstain_loss=0.0000  abstain_class_balance=0.000  abstain_head_acc=1.000
[real_seed_r2_2] pilot 2 step 101200  lr=3.10e-05  loss=0.8009  val_acc={1: 1.0, 2: 1.0, 3: 1.0}  elapsed=8599s  PASS  abstain_loss=0.0000  abstain_class_balance=0.000  abstain_head_acc=1.000
[real_seed_r2_2] pilot 2 step 101300  lr=3.08e-05  loss=0.7667  val_acc={1: 1.0, 2: 1.0, 3: 1.0}  elapsed=8610s  PASS  abstain_loss=0.0000  abstain_class_balance=0.000  abstain_head_acc=1.000
[real_seed_r2_2] pilot 2 step 101400  lr=3.07e-05  loss=0.6760  val_acc={1: 1.0, 2: 1.0, 3: 1.0}  elapsed=8617s  PASS  abstain_loss=0.0000  abstain_class_balance=0.000  abstain_head_acc=1.000
[real_seed_r2_2] pilot 2 step 101500  lr=3.06e-05  loss=0.7927  val_acc={1: 1.0, 2: 1.0, 3: 1.0}  elapsed=8629s  PASS  abstain_loss=0.0000  abstain_class_balance=0.000  abstain_head_acc=1.000
[real_seed_r2_2] pilot 2 step 101600  lr=3.04e-05  loss=0.7714  val_acc={1: 1.0, 2: 1.0, 3: 1.0}  elapsed=8641s  PASS  abstain_loss=0.0000  abstain_class_balance=0.000  abstain_head_acc=1.000
[real_seed_r2_2] pilot 2 step 101700  lr=3.03e-05  loss=0.6894  val_acc={1: 1.0, 2: 1.0, 3: 1.0}  elapsed=8653s  PASS  abstain_loss=0.0000  abstain_class_balance=0.000  abstain_head_acc=1.000
[real_seed_r2_2] pilot 2 step 101800  lr=3.03e-05  loss=0.7953  val_acc={1: 1.0, 2: 1.0, 3: 1.0}  elapsed=8664s  PASS  abstain_loss=0.0000  abstain_class_balance=0.000  abstain_head_acc=1.000
[real_seed_r2_2] pilot 2 step 101900  lr=3.02e-05  loss=0.7631  val_acc={1: 1.0, 2: 1.0, 3: 1.0}  elapsed=8673s  PASS  abstain_loss=0.0000  abstain_class_balance=0.000  abstain_head_acc=1.000
[real_seed_r2_2] pilot 2 step 102000  lr=3.01e-05  loss=0.6743  val_acc={1: 1.0, 2: 1.0, 3: 1.0}  elapsed=8680s  PASS  abstain_loss=0.0000  abstain_class_balance=0.000  abstain_head_acc=1.000
[real_seed_r2_2] pilot 2 step 102100  lr=3.01e-05  loss=0.7937  val_acc={1: 1.0, 2: 1.0, 3: 1.0}  elapsed=8687s  PASS  abstain_loss=0.0000  abstain_class_balance=0.000  abstain_head_acc=1.000
[real_seed_r2_2] pilot 2 step 102200  lr=3.00e-05  loss=0.7611  val_acc={1: 1.0, 2: 1.0, 3: 1.0}  elapsed=8695s  PASS  abstain_loss=0.0000  abstain_class_balance=0.000  abstain_head_acc=1.000
[real_seed_r2_2] pilot 2 step 102300  lr=3.00e-05  loss=0.6856  val_acc={1: 1.0, 2: 1.0, 3: 1.0}  elapsed=8703s  PASS  abstain_loss=0.0000  abstain_class_balance=0.000  abstain_head_acc=1.000
[real_seed_r2_2] pilot 2 step 102399  lr=3.00e-05  loss=0.7709  val_acc={1: 1.0, 2: 1.0, 3: 1.0}  elapsed=8711s  PASS  abstain_loss=0.0000  abstain_class_balance=0.000  abstain_head_acc=1.000
[real_seed_r2_2] pilot 2 stable from step 3000 onward (terminal check at 102399)
[real_seed_r2_2] pilot 2 causal_PR=27.263  query_PR=28.946
RESULT real_seed=2 regime=2 s_star=3000 causal_PR=27.2628 query_PR=28.9461
