[real_seed_r2_1] === real seed 1, Regime 2 (arms=('A', 'B1', 'B2', 'C', 'D')), rank=36, budget=102400 steps ===
[real_seed_r2_1] === pilot 1 start, rank=36, params=67625, cosine LR 0.003->3e-05 over 102400 steps, no early stopping ===
[real_seed_r2_1] pilot 1 step      0  lr=3.00e-03  loss=8.0643  val_acc={1: 0.125, 2: 0.0, 3: 0.0}  elapsed=2s    abstain_loss=0.6809  abstain_class_balance=0.000  abstain_head_acc=0.531
[real_seed_r2_1] pilot 1 step    100  lr=3.00e-03  loss=3.0799  val_acc={1: 1.0, 2: 1.0, 3: 0.977}  elapsed=11s  PASS  abstain_loss=0.5332  abstain_class_balance=0.000  abstain_head_acc=0.734
[real_seed_r2_1] pilot 1 step    200  lr=3.00e-03  loss=1.4139  val_acc={1: 1.0, 2: 1.0, 3: 1.0}  elapsed=19s  PASS  abstain_loss=0.1122  abstain_class_balance=0.000  abstain_head_acc=1.000
[real_seed_r2_1] pilot 1 step    300  lr=3.00e-03  loss=0.9418  val_acc={1: 1.0, 2: 1.0, 3: 1.0}  elapsed=26s  PASS  abstain_loss=0.0242  abstain_class_balance=0.000  abstain_head_acc=1.000
[real_seed_r2_1] pilot 1 step    400  lr=3.00e-03  loss=1.5878  val_acc={1: 1.0, 2: 1.0, 3: 1.0}  elapsed=34s  PASS  abstain_loss=0.0039  abstain_class_balance=0.000  abstain_head_acc=1.000
[real_seed_r2_1] pilot 1 step    500  lr=3.00e-03  loss=1.5359  val_acc={1: 1.0, 2: 1.0, 3: 1.0}  elapsed=42s  PASS  abstain_loss=0.3567  abstain_class_balance=0.000  abstain_head_acc=0.891
[real_seed_r2_1] pilot 1 step    600  lr=3.00e-03  loss=1.0096  val_acc={1: 1.0, 2: 1.0, 3: 1.0}  elapsed=50s  PASS  abstain_loss=0.0278  abstain_class_balance=0.000  abstain_head_acc=1.000
[real_seed_r2_1] pilot 1 step    700  lr=3.00e-03  loss=1.4016  val_acc={1: 1.0, 2: 1.0, 3: 1.0}  elapsed=60s  PASS  abstain_loss=0.0003  abstain_class_balance=0.000  abstain_head_acc=1.000
[real_seed_r2_1] pilot 1 step    800  lr=3.00e-03  loss=1.0224  val_acc={1: 1.0, 2: 1.0, 3: 1.0}  elapsed=67s  PASS  abstain_loss=0.0082  abstain_class_balance=0.000  abstain_head_acc=1.000
[real_seed_r2_1] pilot 1 step    900  lr=3.00e-03  loss=0.8152  val_acc={1: 1.0, 2: 1.0, 3: 1.0}  elapsed=76s  PASS  abstain_loss=0.0100  abstain_class_balance=0.000  abstain_head_acc=1.000
[real_seed_r2_1] pilot 1 step   1000  lr=3.00e-03  loss=1.2023  val_acc={1: 1.0, 2: 1.0, 3: 0.992}  elapsed=84s  PASS  abstain_loss=0.0002  abstain_class_balance=0.000  abstain_head_acc=1.000
[real_seed_r2_1] pilot 1 step   1100  lr=3.00e-03  loss=0.9442  val_acc={1: 1.0, 2: 1.0, 3: 0.961}  elapsed=93s  PASS  abstain_loss=0.0052  abstain_class_balance=0.000  abstain_head_acc=1.000
[real_seed_r2_1] pilot 1 step   1200  lr=3.00e-03  loss=0.8084  val_acc={1: 1.0, 2: 1.0, 3: 0.984}  elapsed=100s  PASS  abstain_loss=0.0060  abstain_class_balance=0.000  abstain_head_acc=1.000
[real_seed_r2_1] pilot 1 step   1300  lr=3.00e-03  loss=1.1146  val_acc={1: 1.0, 2: 1.0, 3: 0.938}  elapsed=109s    abstain_loss=0.0001  abstain_class_balance=0.000  abstain_head_acc=1.000
[real_seed_r2_1] pilot 1 step   1400  lr=3.00e-03  loss=0.9174  val_acc={1: 1.0, 2: 1.0, 3: 0.914}  elapsed=116s    abstain_loss=0.0045  abstain_class_balance=0.000  abstain_head_acc=1.000
[real_seed_r2_1] pilot 1 step   1500  lr=3.00e-03  loss=0.7812  val_acc={1: 1.0, 2: 1.0, 3: 0.984}  elapsed=124s  PASS  abstain_loss=0.0044  abstain_class_balance=0.000  abstain_head_acc=1.000
[real_seed_r2_1] pilot 1 step   1600  lr=3.00e-03  loss=1.0393  val_acc={1: 1.0, 2: 1.0, 3: 0.945}  elapsed=131s    abstain_loss=0.0001  abstain_class_balance=0.000  abstain_head_acc=1.000
[real_seed_r2_1] pilot 1 step   1700  lr=3.00e-03  loss=0.8881  val_acc={1: 1.0, 2: 1.0, 3: 0.945}  elapsed=139s    abstain_loss=0.0038  abstain_class_balance=0.000  abstain_head_acc=1.000
[real_seed_r2_1] pilot 1 step   1800  lr=3.00e-03  loss=0.7826  val_acc={1: 1.0, 2: 1.0, 3: 0.984}  elapsed=151s  PASS  abstain_loss=0.0034  abstain_class_balance=0.000  abstain_head_acc=1.000
[real_seed_r2_1] pilot 1 step   1900  lr=3.00e-03  loss=0.9865  val_acc={1: 1.0, 2: 1.0, 3: 0.961}  elapsed=160s  PASS  abstain_loss=0.0001  abstain_class_balance=0.000  abstain_head_acc=1.000
[real_seed_r2_1] pilot 1 step   2000  lr=3.00e-03  loss=0.8793  val_acc={1: 1.0, 2: 1.0, 3: 0.961}  elapsed=166s  PASS  abstain_loss=0.0028  abstain_class_balance=0.000  abstain_head_acc=1.000
[real_seed_r2_1] pilot 1 step   2100  lr=3.00e-03  loss=0.7565  val_acc={1: 1.0, 2: 1.0, 3: 0.977}  elapsed=174s  PASS  abstain_loss=0.0028  abstain_class_balance=0.000  abstain_head_acc=1.000
[real_seed_r2_1] pilot 1 step   2200  lr=3.00e-03  loss=0.9578  val_acc={1: 1.0, 2: 1.0, 3: 0.945}  elapsed=183s    abstain_loss=0.0001  abstain_class_balance=0.000  abstain_head_acc=1.000
[real_seed_r2_1] pilot 1 step   2300  lr=3.00e-03  loss=0.8694  val_acc={1: 1.0, 2: 1.0, 3: 0.914}  elapsed=193s    abstain_loss=0.0019  abstain_class_balance=0.000  abstain_head_acc=1.000
[real_seed_r2_1] pilot 1 step   2400  lr=3.00e-03  loss=0.7512  val_acc={1: 1.0, 2: 1.0, 3: 0.898}  elapsed=203s    abstain_loss=0.0023  abstain_class_balance=0.000  abstain_head_acc=1.000
[real_seed_r2_1] pilot 1 step   2500  lr=3.00e-03  loss=0.9354  val_acc={1: 1.0, 2: 1.0, 3: 0.844}  elapsed=210s    abstain_loss=0.0000  abstain_class_balance=0.000  abstain_head_acc=1.000
[real_seed_r2_1] pilot 1 step   2600  lr=3.00e-03  loss=0.8709  val_acc={1: 1.0, 2: 1.0, 3: 0.828}  elapsed=218s    abstain_loss=0.0015  abstain_class_balance=0.000  abstain_head_acc=1.000
[real_seed_r2_1] pilot 1 step   2700  lr=2.99e-03  loss=0.7505  val_acc={1: 1.0, 2: 1.0, 3: 0.828}  elapsed=227s    abstain_loss=0.0019  abstain_class_balance=0.000  abstain_head_acc=1.000
[real_seed_r2_1] pilot 1 step   2800  lr=2.99e-03  loss=0.9248  val_acc={1: 1.0, 2: 1.0, 3: 0.75}  elapsed=235s    abstain_loss=0.0000  abstain_class_balance=0.000  abstain_head_acc=1.000
[real_seed_r2_1] pilot 1 step   2900  lr=2.99e-03  loss=0.9023  val_acc={1: 1.0, 2: 1.0, 3: 0.742}  elapsed=245s    abstain_loss=0.0296  abstain_class_balance=0.000  abstain_head_acc=1.000
[real_seed_r2_1] pilot 1 step   3000  lr=2.99e-03  loss=1.2288  val_acc={1: 1.0, 2: 1.0, 3: 0.992}  elapsed=253s  PASS  abstain_loss=0.0004  abstain_class_balance=0.000  abstain_head_acc=1.000
[real_seed_r2_1] pilot 1 step   3100  lr=2.99e-03  loss=1.2735  val_acc={1: 1.0, 2: 1.0, 3: 1.0}  elapsed=261s  PASS  abstain_loss=0.0000  abstain_class_balance=0.000  abstain_head_acc=1.000
[real_seed_r2_1] pilot 1 step   3200  lr=2.99e-03  loss=1.0550  val_acc={1: 1.0, 2: 1.0, 3: 1.0}  elapsed=270s  PASS  abstain_loss=0.0081  abstain_class_balance=0.000  abstain_head_acc=1.000
[real_seed_r2_1] pilot 1 step   3300  lr=2.99e-03  loss=0.8779  val_acc={1: 1.0, 2: 1.0, 3: 1.0}  elapsed=278s  PASS  abstain_loss=0.0041  abstain_class_balance=0.000  abstain_head_acc=1.000
[real_seed_r2_1] pilot 1 step   3400  lr=2.99e-03  loss=1.0722  val_acc={1: 1.0, 2: 1.0, 3: 1.0}  elapsed=286s  PASS  abstain_loss=0.0000  abstain_class_balance=0.000  abstain_head_acc=1.000
[real_seed_r2_1] pilot 1 step   3500  lr=2.99e-03  loss=0.9588  val_acc={1: 1.0, 2: 1.0, 3: 1.0}  elapsed=294s  PASS  abstain_loss=0.0044  abstain_class_balance=0.000  abstain_head_acc=1.000
[real_seed_r2_1] pilot 1 step   3600  lr=2.99e-03  loss=0.8481  val_acc={1: 1.0, 2: 1.0, 3: 1.0}  elapsed=303s  PASS  abstain_loss=0.0022  abstain_class_balance=0.000  abstain_head_acc=1.000
[real_seed_r2_1] pilot 1 step   3700  lr=2.99e-03  loss=1.0133  val_acc={1: 1.0, 2: 1.0, 3: 1.0}  elapsed=311s  PASS  abstain_loss=0.0000  abstain_class_balance=0.000  abstain_head_acc=1.000
[real_seed_r2_1] pilot 1 step   3800  lr=2.99e-03  loss=0.9142  val_acc={1: 1.0, 2: 1.0, 3: 1.0}  elapsed=320s  PASS  abstain_loss=0.0008  abstain_class_balance=0.000  abstain_head_acc=1.000
[real_seed_r2_1] pilot 1 step   3900  lr=2.99e-03  loss=0.7961  val_acc={1: 1.0, 2: 1.0, 3: 1.0}  elapsed=328s  PASS  abstain_loss=0.0015  abstain_class_balance=0.000  abstain_head_acc=1.000
[real_seed_r2_1] pilot 1 step   4000  lr=2.99e-03  loss=0.9742  val_acc={1: 1.0, 2: 1.0, 3: 1.0}  elapsed=337s  PASS  abstain_loss=0.0000  abstain_class_balance=0.000  abstain_head_acc=1.000
[real_seed_r2_1] pilot 1 step   4100  lr=2.99e-03  loss=0.8971  val_acc={1: 1.0, 2: 1.0, 3: 1.0}  elapsed=344s  PASS  abstain_loss=0.0002  abstain_class_balance=0.000  abstain_head_acc=1.000
[real_seed_r2_1] pilot 1 step   4200  lr=2.99e-03  loss=0.7719  val_acc={1: 1.0, 2: 1.0, 3: 1.0}  elapsed=352s  PASS  abstain_loss=0.0011  abstain_class_balance=0.000  abstain_head_acc=1.000
[real_seed_r2_1] pilot 1 step   4300  lr=2.99e-03  loss=0.9392  val_acc={1: 1.0, 2: 1.0, 3: 1.0}  elapsed=360s  PASS  abstain_loss=0.0000  abstain_class_balance=0.000  abstain_head_acc=1.000
[real_seed_r2_1] pilot 1 step   4400  lr=2.99e-03  loss=0.8798  val_acc={1: 1.0, 2: 1.0, 3: 1.0}  elapsed=369s  PASS  abstain_loss=0.0002  abstain_class_balance=0.000  abstain_head_acc=1.000
[real_seed_r2_1] pilot 1 step   4500  lr=2.99e-03  loss=0.7626  val_acc={1: 1.0, 2: 1.0, 3: 1.0}  elapsed=377s  PASS  abstain_loss=0.0018  abstain_class_balance=0.000  abstain_head_acc=1.000
[real_seed_r2_1] pilot 1 step   4600  lr=2.99e-03  loss=0.9342  val_acc={1: 1.0, 2: 1.0, 3: 1.0}  elapsed=384s  PASS  abstain_loss=0.0000  abstain_class_balance=0.000  abstain_head_acc=1.000
[real_seed_r2_1] pilot 1 step   4700  lr=2.98e-03  loss=0.9976  val_acc={1: 1.0, 2: 1.0, 3: 0.992}  elapsed=392s  PASS  abstain_loss=0.0002  abstain_class_balance=0.000  abstain_head_acc=1.000
[real_seed_r2_1] pilot 1 step   4800  lr=2.98e-03  loss=0.8267  val_acc={1: 1.0, 2: 1.0, 3: 1.0}  elapsed=400s  PASS  abstain_loss=0.0071  abstain_class_balance=0.000  abstain_head_acc=1.000
[real_seed_r2_1] pilot 1 step   4900  lr=2.98e-03  loss=1.0180  val_acc={1: 1.0, 2: 1.0, 3: 1.0}  elapsed=408s  PASS  abstain_loss=0.0000  abstain_class_balance=0.000  abstain_head_acc=1.000
[real_seed_r2_1] pilot 1 step   5000  lr=2.98e-03  loss=0.9150  val_acc={1: 1.0, 2: 1.0, 3: 1.0}  elapsed=417s  PASS  abstain_loss=0.0001  abstain_class_balance=0.000  abstain_head_acc=1.000
[real_seed_r2_1] pilot 1 step   5100  lr=2.98e-03  loss=0.8220  val_acc={1: 1.0, 2: 1.0, 3: 1.0}  elapsed=425s  PASS  abstain_loss=0.0012  abstain_class_balance=0.000  abstain_head_acc=1.000
[real_seed_r2_1] pilot 1 step   5200  lr=2.98e-03  loss=1.0079  val_acc={1: 1.0, 2: 1.0, 3: 1.0}  elapsed=434s  PASS  abstain_loss=0.0000  abstain_class_balance=0.000  abstain_head_acc=1.000
[real_seed_r2_1] pilot 1 step   5300  lr=2.98e-03  loss=0.9293  val_acc={1: 1.0, 2: 1.0, 3: 1.0}  elapsed=442s  PASS  abstain_loss=0.0000  abstain_class_balance=0.000  abstain_head_acc=1.000
[real_seed_r2_1] pilot 1 step   5400  lr=2.98e-03  loss=0.8079  val_acc={1: 1.0, 2: 1.0, 3: 1.0}  elapsed=450s  PASS  abstain_loss=0.0018  abstain_class_balance=0.000  abstain_head_acc=1.000
[real_seed_r2_1] pilot 1 step   5500  lr=2.98e-03  loss=0.9575  val_acc={1: 1.0, 2: 1.0, 3: 1.0}  elapsed=458s  PASS  abstain_loss=0.0000  abstain_class_balance=0.000  abstain_head_acc=1.000
[real_seed_r2_1] pilot 1 step   5600  lr=2.98e-03  loss=0.9292  val_acc={1: 1.0, 2: 1.0, 3: 0.992}  elapsed=467s  PASS  abstain_loss=0.0000  abstain_class_balance=0.000  abstain_head_acc=1.000
[real_seed_r2_1] pilot 1 step   5700  lr=2.98e-03  loss=0.8169  val_acc={1: 1.0, 2: 1.0, 3: 1.0}  elapsed=475s  PASS  abstain_loss=0.0022  abstain_class_balance=0.000  abstain_head_acc=1.000
[real_seed_r2_1] pilot 1 step   5800  lr=2.98e-03  loss=1.0134  val_acc={1: 1.0, 2: 1.0, 3: 1.0}  elapsed=483s  PASS  abstain_loss=0.0000  abstain_class_balance=0.000  abstain_head_acc=1.000
[real_seed_r2_1] pilot 1 step   5900  lr=2.98e-03  loss=1.1329  val_acc={1: 1.0, 2: 1.0, 3: 1.0}  elapsed=492s  PASS  abstain_loss=0.0118  abstain_class_balance=0.000  abstain_head_acc=0.984
[real_seed_r2_1] pilot 1 step   6000  lr=2.97e-03  loss=0.9008  val_acc={1: 1.0, 2: 1.0, 3: 1.0}  elapsed=499s  PASS  abstain_loss=0.0001  abstain_class_balance=0.000  abstain_head_acc=1.000
[real_seed_r2_1] pilot 1 step   6100  lr=2.97e-03  loss=1.0030  val_acc={1: 1.0, 2: 1.0, 3: 1.0}  elapsed=508s  PASS  abstain_loss=0.0000  abstain_class_balance=0.000  abstain_head_acc=1.000
[real_seed_r2_1] pilot 1 step   6200  lr=2.97e-03  loss=0.9237  val_acc={1: 1.0, 2: 1.0, 3: 1.0}  elapsed=517s  PASS  abstain_loss=0.0000  abstain_class_balance=0.000  abstain_head_acc=1.000
[real_seed_r2_1] pilot 1 step   6300  lr=2.97e-03  loss=0.8189  val_acc={1: 1.0, 2: 1.0, 3: 1.0}  elapsed=527s  PASS  abstain_loss=0.0005  abstain_class_balance=0.000  abstain_head_acc=1.000
[real_seed_r2_1] pilot 1 step   6400  lr=2.97e-03  loss=0.9443  val_acc={1: 1.0, 2: 1.0, 3: 1.0}  elapsed=537s  PASS  abstain_loss=0.0000  abstain_class_balance=0.000  abstain_head_acc=1.000
[real_seed_r2_1] pilot 1 step   6500  lr=2.97e-03  loss=0.8993  val_acc={1: 1.0, 2: 1.0, 3: 1.0}  elapsed=546s  PASS  abstain_loss=0.0000  abstain_class_balance=0.000  abstain_head_acc=1.000
[real_seed_r2_1] pilot 1 step   6600  lr=2.97e-03  loss=0.7984  val_acc={1: 1.0, 2: 1.0, 3: 1.0}  elapsed=555s  PASS  abstain_loss=0.0007  abstain_class_balance=0.000  abstain_head_acc=1.000
[real_seed_r2_1] pilot 1 step   6700  lr=2.97e-03  loss=0.9161  val_acc={1: 1.0, 2: 1.0, 3: 1.0}  elapsed=564s  PASS  abstain_loss=0.0000  abstain_class_balance=0.000  abstain_head_acc=1.000
[real_seed_r2_1] pilot 1 step   6800  lr=2.97e-03  loss=0.8850  val_acc={1: 1.0, 2: 1.0, 3: 1.0}  elapsed=572s  PASS  abstain_loss=0.0000  abstain_class_balance=0.000  abstain_head_acc=1.000
[real_seed_r2_1] pilot 1 step   6900  lr=2.97e-03  loss=0.7790  val_acc={1: 1.0, 2: 1.0, 3: 1.0}  elapsed=579s  PASS  abstain_loss=0.0007  abstain_class_balance=0.000  abstain_head_acc=1.000
[real_seed_r2_1] pilot 1 step   7000  lr=2.97e-03  loss=0.9114  val_acc={1: 1.0, 2: 1.0, 3: 1.0}  elapsed=588s  PASS  abstain_loss=0.0000  abstain_class_balance=0.000  abstain_head_acc=1.000
[real_seed_r2_1] pilot 1 step   7100  lr=2.96e-03  loss=0.8716  val_acc={1: 1.0, 2: 1.0, 3: 1.0}  elapsed=596s  PASS  abstain_loss=0.0000  abstain_class_balance=0.000  abstain_head_acc=1.000
[real_seed_r2_1] pilot 1 step   7200  lr=2.96e-03  loss=0.7654  val_acc={1: 1.0, 2: 1.0, 3: 1.0}  elapsed=605s  PASS  abstain_loss=0.0014  abstain_class_balance=0.000  abstain_head_acc=1.000
[real_seed_r2_1] pilot 1 step   7300  lr=2.96e-03  loss=0.9033  val_acc={1: 1.0, 2: 1.0, 3: 1.0}  elapsed=614s  PASS  abstain_loss=0.0000  abstain_class_balance=0.000  abstain_head_acc=1.000
[real_seed_r2_1] pilot 1 step   7400  lr=2.96e-03  loss=0.8626  val_acc={1: 1.0, 2: 1.0, 3: 1.0}  elapsed=621s  PASS  abstain_loss=0.0000  abstain_class_balance=0.000  abstain_head_acc=1.000
[real_seed_r2_1] pilot 1 step   7500  lr=2.96e-03  loss=0.7761  val_acc={1: 1.0, 2: 1.0, 3: 1.0}  elapsed=631s  PASS  abstain_loss=0.0022  abstain_class_balance=0.000  abstain_head_acc=1.000
[real_seed_r2_1] pilot 1 step   7600  lr=2.96e-03  loss=0.8854  val_acc={1: 1.0, 2: 1.0, 3: 1.0}  elapsed=639s  PASS  abstain_loss=0.0000  abstain_class_balance=0.000  abstain_head_acc=1.000
[real_seed_r2_1] pilot 1 step   7700  lr=2.96e-03  loss=0.8582  val_acc={1: 1.0, 2: 1.0, 3: 1.0}  elapsed=646s  PASS  abstain_loss=0.0000  abstain_class_balance=0.000  abstain_head_acc=1.000
[real_seed_r2_1] pilot 1 step   7800  lr=2.96e-03  loss=0.7836  val_acc={1: 1.0, 2: 1.0, 3: 1.0}  elapsed=658s  PASS  abstain_loss=0.0033  abstain_class_balance=0.000  abstain_head_acc=1.000
[real_seed_r2_1] pilot 1 step   7900  lr=2.96e-03  loss=0.8889  val_acc={1: 1.0, 2: 1.0, 3: 1.0}  elapsed=666s  PASS  abstain_loss=0.0000  abstain_class_balance=0.000  abstain_head_acc=1.000
[real_seed_r2_1] pilot 1 step   8000  lr=2.96e-03  loss=0.8434  val_acc={1: 1.0, 2: 1.0, 3: 1.0}  elapsed=675s  PASS  abstain_loss=0.0003  abstain_class_balance=0.000  abstain_head_acc=1.000
[real_seed_r2_1] pilot 1 step   8100  lr=2.95e-03  loss=0.8053  val_acc={1: 1.0, 2: 1.0, 3: 1.0}  elapsed=683s  PASS  abstain_loss=0.0228  abstain_class_balance=0.000  abstain_head_acc=1.000
[real_seed_r2_1] pilot 1 step   8200  lr=2.95e-03  loss=0.9104  val_acc={1: 1.0, 2: 1.0, 3: 1.0}  elapsed=690s  PASS  abstain_loss=0.0000  abstain_class_balance=0.000  abstain_head_acc=1.000
[real_seed_r2_1] pilot 1 step   8300  lr=2.95e-03  loss=0.8651  val_acc={1: 1.0, 2: 1.0, 3: 1.0}  elapsed=699s  PASS  abstain_loss=0.0000  abstain_class_balance=0.000  abstain_head_acc=1.000
[real_seed_r2_1] pilot 1 step   8400  lr=2.95e-03  loss=0.7946  val_acc={1: 1.0, 2: 1.0, 3: 1.0}  elapsed=708s  PASS  abstain_loss=0.0214  abstain_class_balance=0.000  abstain_head_acc=0.984
[real_seed_r2_1] pilot 1 step   8500  lr=2.95e-03  loss=0.8909  val_acc={1: 1.0, 2: 1.0, 3: 1.0}  elapsed=719s  PASS  abstain_loss=0.0000  abstain_class_balance=0.000  abstain_head_acc=1.000
[real_seed_r2_1] pilot 1 step   8600  lr=2.95e-03  loss=0.8505  val_acc={1: 1.0, 2: 1.0, 3: 1.0}  elapsed=727s  PASS  abstain_loss=0.0000  abstain_class_balance=0.000  abstain_head_acc=1.000
[real_seed_r2_1] pilot 1 step   8700  lr=2.95e-03  loss=0.7601  val_acc={1: 1.0, 2: 1.0, 3: 1.0}  elapsed=735s  PASS  abstain_loss=0.0026  abstain_class_balance=0.000  abstain_head_acc=1.000
[real_seed_r2_1] pilot 1 step   8800  lr=2.95e-03  loss=0.8883  val_acc={1: 1.0, 2: 1.0, 3: 1.0}  elapsed=744s  PASS  abstain_loss=0.0000  abstain_class_balance=0.000  abstain_head_acc=1.000
[real_seed_r2_1] pilot 1 step   8900  lr=2.94e-03  loss=0.8444  val_acc={1: 1.0, 2: 1.0, 3: 1.0}  elapsed=753s  PASS  abstain_loss=0.0000  abstain_class_balance=0.000  abstain_head_acc=1.000
[real_seed_r2_1] pilot 1 step   9000  lr=2.94e-03  loss=1.2245  val_acc={1: 1.0, 2: 1.0, 3: 1.0}  elapsed=763s  PASS  abstain_loss=0.2862  abstain_class_balance=0.000  abstain_head_acc=0.953
[real_seed_r2_1] pilot 1 step   9100  lr=2.94e-03  loss=1.1156  val_acc={1: 1.0, 2: 1.0, 3: 1.0}  elapsed=772s  PASS  abstain_loss=0.0000  abstain_class_balance=0.000  abstain_head_acc=1.000
[real_seed_r2_1] pilot 1 step   9200  lr=2.94e-03  loss=0.9974  val_acc={1: 1.0, 2: 1.0, 3: 1.0}  elapsed=780s  PASS  abstain_loss=0.0000  abstain_class_balance=0.000  abstain_head_acc=1.000
[real_seed_r2_1] pilot 1 step   9300  lr=2.94e-03  loss=0.8560  val_acc={1: 1.0, 2: 1.0, 3: 1.0}  elapsed=788s  PASS  abstain_loss=0.0000  abstain_class_balance=0.000  abstain_head_acc=1.000
[real_seed_r2_1] pilot 1 step   9400  lr=2.94e-03  loss=0.9626  val_acc={1: 1.0, 2: 1.0, 3: 1.0}  elapsed=797s  PASS  abstain_loss=0.0000  abstain_class_balance=0.000  abstain_head_acc=1.000
[real_seed_r2_1] pilot 1 step   9500  lr=2.94e-03  loss=0.9255  val_acc={1: 1.0, 2: 1.0, 3: 1.0}  elapsed=805s  PASS  abstain_loss=0.0000  abstain_class_balance=0.000  abstain_head_acc=1.000
[real_seed_r2_1] pilot 1 step   9600  lr=2.94e-03  loss=0.8162  val_acc={1: 1.0, 2: 1.0, 3: 1.0}  elapsed=814s  PASS  abstain_loss=0.0003  abstain_class_balance=0.000  abstain_head_acc=1.000
[real_seed_r2_1] pilot 1 step   9700  lr=2.93e-03  loss=0.9189  val_acc={1: 1.0, 2: 1.0, 3: 1.0}  elapsed=822s  PASS  abstain_loss=0.0000  abstain_class_balance=0.000  abstain_head_acc=1.000
[real_seed_r2_1] pilot 1 step   9800  lr=2.93e-03  loss=0.9737  val_acc={1: 1.0, 2: 1.0, 3: 1.0}  elapsed=830s  PASS  abstain_loss=0.0605  abstain_class_balance=0.000  abstain_head_acc=0.984
[real_seed_r2_1] pilot 1 step   9900  lr=2.93e-03  loss=0.7955  val_acc={1: 1.0, 2: 1.0, 3: 1.0}  elapsed=839s  PASS  abstain_loss=0.0091  abstain_class_balance=0.000  abstain_head_acc=1.000
[real_seed_r2_1] pilot 1 step  10000  lr=2.93e-03  loss=0.9246  val_acc={1: 1.0, 2: 1.0, 3: 1.0}  elapsed=846s  PASS  abstain_loss=0.0000  abstain_class_balance=0.000  abstain_head_acc=1.000
[real_seed_r2_1] pilot 1 step  10100  lr=2.93e-03  loss=0.8864  val_acc={1: 1.0, 2: 1.0, 3: 1.0}  elapsed=854s  PASS  abstain_loss=0.0000  abstain_class_balance=0.000  abstain_head_acc=1.000
[real_seed_r2_1] pilot 1 step  10200  lr=2.93e-03  loss=0.7968  val_acc={1: 1.0, 2: 1.0, 3: 1.0}  elapsed=862s  PASS  abstain_loss=0.0002  abstain_class_balance=0.000  abstain_head_acc=1.000
[real_seed_r2_1] pilot 1 step  10300  lr=2.93e-03  loss=0.9310  val_acc={1: 1.0, 2: 1.0, 3: 1.0}  elapsed=871s  PASS  abstain_loss=0.0000  abstain_class_balance=0.000  abstain_head_acc=1.000
[real_seed_r2_1] pilot 1 step  10400  lr=2.93e-03  loss=0.9120  val_acc={1: 1.0, 2: 1.0, 3: 1.0}  elapsed=880s  PASS  abstain_loss=0.0000  abstain_class_balance=0.000  abstain_head_acc=1.000
[real_seed_r2_1] pilot 1 step  10500  lr=2.92e-03  loss=0.7921  val_acc={1: 1.0, 2: 1.0, 3: 1.0}  elapsed=888s  PASS  abstain_loss=0.0007  abstain_class_balance=0.000  abstain_head_acc=1.000
[real_seed_r2_1] pilot 1 step  10600  lr=2.92e-03  loss=0.9266  val_acc={1: 1.0, 2: 1.0, 3: 1.0}  elapsed=897s  PASS  abstain_loss=0.0000  abstain_class_balance=0.000  abstain_head_acc=1.000
[real_seed_r2_1] pilot 1 step  10700  lr=2.92e-03  loss=0.9164  val_acc={1: 1.0, 2: 1.0, 3: 1.0}  elapsed=905s  PASS  abstain_loss=0.0000  abstain_class_balance=0.000  abstain_head_acc=1.000
[real_seed_r2_1] pilot 1 step  10800  lr=2.92e-03  loss=0.8415  val_acc={1: 1.0, 2: 1.0, 3: 1.0}  elapsed=913s  PASS  abstain_loss=0.0202  abstain_class_balance=0.000  abstain_head_acc=0.984
[real_seed_r2_1] pilot 1 step  10900  lr=2.92e-03  loss=0.9188  val_acc={1: 1.0, 2: 1.0, 3: 1.0}  elapsed=921s  PASS  abstain_loss=0.0000  abstain_class_balance=0.000  abstain_head_acc=1.000
[real_seed_r2_1] pilot 1 step  11000  lr=2.92e-03  loss=0.8769  val_acc={1: 1.0, 2: 1.0, 3: 1.0}  elapsed=932s  PASS  abstain_loss=0.0000  abstain_class_balance=0.000  abstain_head_acc=1.000
[real_seed_r2_1] pilot 1 step  11100  lr=2.91e-03  loss=0.7781  val_acc={1: 1.0, 2: 1.0, 3: 1.0}  elapsed=941s  PASS  abstain_loss=0.0005  abstain_class_balance=0.000  abstain_head_acc=1.000
[real_seed_r2_1] pilot 1 step  11200  lr=2.91e-03  loss=0.8967  val_acc={1: 1.0, 2: 1.0, 3: 1.0}  elapsed=949s  PASS  abstain_loss=0.0000  abstain_class_balance=0.000  abstain_head_acc=1.000
[real_seed_r2_1] pilot 1 step  11300  lr=2.91e-03  loss=0.8923  val_acc={1: 1.0, 2: 1.0, 3: 1.0}  elapsed=957s  PASS  abstain_loss=0.0000  abstain_class_balance=0.000  abstain_head_acc=1.000
[real_seed_r2_1] pilot 1 step  11400  lr=2.91e-03  loss=0.8043  val_acc={1: 1.0, 2: 1.0, 3: 1.0}  elapsed=966s  PASS  abstain_loss=0.0025  abstain_class_balance=0.000  abstain_head_acc=1.000
[real_seed_r2_1] pilot 1 step  11500  lr=2.91e-03  loss=0.9047  val_acc={1: 1.0, 2: 1.0, 3: 1.0}  elapsed=974s  PASS  abstain_loss=0.0000  abstain_class_balance=0.000  abstain_head_acc=1.000
[real_seed_r2_1] pilot 1 step  11600  lr=2.91e-03  loss=0.8814  val_acc={1: 1.0, 2: 1.0, 3: 1.0}  elapsed=984s  PASS  abstain_loss=0.0000  abstain_class_balance=0.000  abstain_head_acc=1.000
[real_seed_r2_1] pilot 1 step  11700  lr=2.91e-03  loss=0.7995  val_acc={1: 1.0, 2: 1.0, 3: 1.0}  elapsed=991s  PASS  abstain_loss=0.0060  abstain_class_balance=0.000  abstain_head_acc=1.000
[real_seed_r2_1] pilot 1 step  11800  lr=2.90e-03  loss=0.9583  val_acc={1: 1.0, 2: 1.0, 3: 1.0}  elapsed=999s  PASS  abstain_loss=0.0000  abstain_class_balance=0.000  abstain_head_acc=1.000
[real_seed_r2_1] pilot 1 step  11900  lr=2.90e-03  loss=0.9051  val_acc={1: 1.0, 2: 1.0, 3: 1.0}  elapsed=1008s  PASS  abstain_loss=0.0000  abstain_class_balance=0.000  abstain_head_acc=1.000
[real_seed_r2_1] pilot 1 step  12000  lr=2.90e-03  loss=0.8079  val_acc={1: 1.0, 2: 1.0, 3: 1.0}  elapsed=1015s  PASS  abstain_loss=0.0041  abstain_class_balance=0.000  abstain_head_acc=1.000
[real_seed_r2_1] pilot 1 step  12100  lr=2.90e-03  loss=0.9148  val_acc={1: 1.0, 2: 1.0, 3: 1.0}  elapsed=1023s  PASS  abstain_loss=0.0000  abstain_class_balance=0.000  abstain_head_acc=1.000
[real_seed_r2_1] pilot 1 step  12200  lr=2.90e-03  loss=0.8851  val_acc={1: 1.0, 2: 1.0, 3: 1.0}  elapsed=1031s  PASS  abstain_loss=0.0000  abstain_class_balance=0.000  abstain_head_acc=1.000
[real_seed_r2_1] pilot 1 step  12300  lr=2.90e-03  loss=0.7727  val_acc={1: 1.0, 2: 1.0, 3: 1.0}  elapsed=1040s  PASS  abstain_loss=0.0001  abstain_class_balance=0.000  abstain_head_acc=1.000
[real_seed_r2_1] pilot 1 step  12400  lr=2.89e-03  loss=0.9019  val_acc={1: 1.0, 2: 1.0, 3: 1.0}  elapsed=1048s  PASS  abstain_loss=0.0000  abstain_class_balance=0.000  abstain_head_acc=1.000
[real_seed_r2_1] pilot 1 step  12500  lr=2.89e-03  loss=0.8934  val_acc={1: 1.0, 2: 1.0, 3: 0.992}  elapsed=1057s  PASS  abstain_loss=0.0000  abstain_class_balance=0.000  abstain_head_acc=1.000
[real_seed_r2_1] pilot 1 step  12600  lr=2.89e-03  loss=0.7750  val_acc={1: 1.0, 2: 1.0, 3: 1.0}  elapsed=1066s  PASS  abstain_loss=0.0008  abstain_class_balance=0.000  abstain_head_acc=1.000
[real_seed_r2_1] pilot 1 step  12700  lr=2.89e-03  loss=0.9153  val_acc={1: 1.0, 2: 1.0, 3: 1.0}  elapsed=1074s  PASS  abstain_loss=0.0000  abstain_class_balance=0.000  abstain_head_acc=1.000
[real_seed_r2_1] pilot 1 step  12800  lr=2.89e-03  loss=0.8623  val_acc={1: 1.0, 2: 1.0, 3: 1.0}  elapsed=1084s  PASS  abstain_loss=0.0000  abstain_class_balance=0.000  abstain_head_acc=1.000
[real_seed_r2_1] pilot 1 step  12900  lr=2.89e-03  loss=0.7818  val_acc={1: 1.0, 2: 1.0, 3: 1.0}  elapsed=1092s  PASS  abstain_loss=0.0000  abstain_class_balance=0.000  abstain_head_acc=1.000
[real_seed_r2_1] pilot 1 step  13000  lr=2.88e-03  loss=0.9513  val_acc={1: 1.0, 2: 1.0, 3: 1.0}  elapsed=1101s  PASS  abstain_loss=0.0000  abstain_class_balance=0.000  abstain_head_acc=1.000
[real_seed_r2_1] pilot 1 step  13100  lr=2.88e-03  loss=0.9032  val_acc={1: 1.0, 2: 1.0, 3: 1.0}  elapsed=1110s  PASS  abstain_loss=0.0000  abstain_class_balance=0.000  abstain_head_acc=1.000
[real_seed_r2_1] pilot 1 step  13200  lr=2.88e-03  loss=0.7861  val_acc={1: 1.0, 2: 1.0, 3: 1.0}  elapsed=1120s  PASS  abstain_loss=0.0000  abstain_class_balance=0.000  abstain_head_acc=1.000
[real_seed_r2_1] pilot 1 step  13300  lr=2.88e-03  loss=0.9008  val_acc={1: 1.0, 2: 1.0, 3: 1.0}  elapsed=1131s  PASS  abstain_loss=0.0000  abstain_class_balance=0.000  abstain_head_acc=1.000
[real_seed_r2_1] pilot 1 step  13400  lr=2.88e-03  loss=0.8994  val_acc={1: 1.0, 2: 1.0, 3: 1.0}  elapsed=1139s  PASS  abstain_loss=0.0000  abstain_class_balance=0.000  abstain_head_acc=1.000
[real_seed_r2_1] pilot 1 step  13500  lr=2.87e-03  loss=0.8029  val_acc={1: 1.0, 2: 1.0, 3: 1.0}  elapsed=1148s  PASS  abstain_loss=0.0245  abstain_class_balance=0.000  abstain_head_acc=0.984
[real_seed_r2_1] pilot 1 step  13600  lr=2.87e-03  loss=0.9446  val_acc={1: 1.0, 2: 1.0, 3: 1.0}  elapsed=1156s  PASS  abstain_loss=0.0000  abstain_class_balance=0.000  abstain_head_acc=1.000
[real_seed_r2_1] pilot 1 step  13700  lr=2.87e-03  loss=0.8874  val_acc={1: 1.0, 2: 1.0, 3: 1.0}  elapsed=1168s  PASS  abstain_loss=0.0000  abstain_class_balance=0.000  abstain_head_acc=1.000
[real_seed_r2_1] pilot 1 step  13800  lr=2.87e-03  loss=0.7749  val_acc={1: 1.0, 2: 1.0, 3: 0.992}  elapsed=1175s  PASS  abstain_loss=0.0000  abstain_class_balance=0.000  abstain_head_acc=1.000
[real_seed_r2_1] pilot 1 step  13900  lr=2.87e-03  loss=0.9050  val_acc={1: 1.0, 2: 1.0, 3: 1.0}  elapsed=1184s  PASS  abstain_loss=0.0000  abstain_class_balance=0.000  abstain_head_acc=1.000
[real_seed_r2_1] pilot 1 step  14000  lr=2.87e-03  loss=0.8629  val_acc={1: 1.0, 2: 1.0, 3: 0.992}  elapsed=1195s  PASS  abstain_loss=0.0000  abstain_class_balance=0.000  abstain_head_acc=1.000
[real_seed_r2_1] pilot 1 step  14100  lr=2.86e-03  loss=0.7568  val_acc={1: 1.0, 2: 1.0, 3: 1.0}  elapsed=1204s  PASS  abstain_loss=0.0001  abstain_class_balance=0.000  abstain_head_acc=1.000
[real_seed_r2_1] pilot 1 step  14200  lr=2.86e-03  loss=0.8996  val_acc={1: 1.0, 2: 1.0, 3: 1.0}  elapsed=1213s  PASS  abstain_loss=0.0000  abstain_class_balance=0.000  abstain_head_acc=1.000
[real_seed_r2_1] pilot 1 step  14300  lr=2.86e-03  loss=0.8671  val_acc={1: 1.0, 2: 1.0, 3: 1.0}  elapsed=1222s  PASS  abstain_loss=0.0000  abstain_class_balance=0.000  abstain_head_acc=1.000
[real_seed_r2_1] pilot 1 step  14400  lr=2.86e-03  loss=0.8198  val_acc={1: 1.0, 2: 1.0, 3: 1.0}  elapsed=1231s  PASS  abstain_loss=0.0261  abstain_class_balance=0.000  abstain_head_acc=0.984
[real_seed_r2_1] pilot 1 step  14500  lr=2.86e-03  loss=0.9624  val_acc={1: 1.0, 2: 1.0, 3: 1.0}  elapsed=1239s  PASS  abstain_loss=0.0000  abstain_class_balance=0.000  abstain_head_acc=1.000
[real_seed_r2_1] pilot 1 step  14600  lr=2.85e-03  loss=0.8986  val_acc={1: 1.0, 2: 1.0, 3: 1.0}  elapsed=1247s  PASS  abstain_loss=0.0000  abstain_class_balance=0.000  abstain_head_acc=1.000
[real_seed_r2_1] pilot 1 step  14700  lr=2.85e-03  loss=0.7866  val_acc={1: 1.0, 2: 1.0, 3: 1.0}  elapsed=1255s  PASS  abstain_loss=0.0000  abstain_class_balance=0.000  abstain_head_acc=1.000
[real_seed_r2_1] pilot 1 step  14800  lr=2.85e-03  loss=0.8996  val_acc={1: 1.0, 2: 1.0, 3: 1.0}  elapsed=1264s  PASS  abstain_loss=0.0000  abstain_class_balance=0.000  abstain_head_acc=1.000
[real_seed_r2_1] pilot 1 step  14900  lr=2.85e-03  loss=0.8703  val_acc={1: 1.0, 2: 1.0, 3: 1.0}  elapsed=1272s  PASS  abstain_loss=0.0000  abstain_class_balance=0.000  abstain_head_acc=1.000
[real_seed_r2_1] pilot 1 step  15000  lr=2.85e-03  loss=0.7872  val_acc={1: 1.0, 2: 1.0, 3: 1.0}  elapsed=1280s  PASS  abstain_loss=0.0000  abstain_class_balance=0.000  abstain_head_acc=1.000
[real_seed_r2_1] pilot 1 step  15100  lr=2.84e-03  loss=0.8896  val_acc={1: 1.0, 2: 1.0, 3: 1.0}  elapsed=1288s  PASS  abstain_loss=0.0000  abstain_class_balance=0.000  abstain_head_acc=1.000
[real_seed_r2_1] pilot 1 step  15200  lr=2.84e-03  loss=0.8647  val_acc={1: 1.0, 2: 1.0, 3: 1.0}  elapsed=1297s  PASS  abstain_loss=0.0000  abstain_class_balance=0.000  abstain_head_acc=1.000
[real_seed_r2_1] pilot 1 step  15300  lr=2.84e-03  loss=0.7585  val_acc={1: 1.0, 2: 1.0, 3: 1.0}  elapsed=1305s  PASS  abstain_loss=0.0000  abstain_class_balance=0.000  abstain_head_acc=1.000
[real_seed_r2_1] pilot 1 step  15400  lr=2.84e-03  loss=0.8847  val_acc={1: 1.0, 2: 1.0, 3: 1.0}  elapsed=1313s  PASS  abstain_loss=0.0000  abstain_class_balance=0.000  abstain_head_acc=1.000
[real_seed_r2_1] pilot 1 step  15500  lr=2.84e-03  loss=0.8557  val_acc={1: 1.0, 2: 1.0, 3: 1.0}  elapsed=1322s  PASS  abstain_loss=0.0000  abstain_class_balance=0.000  abstain_head_acc=1.000
[real_seed_r2_1] pilot 1 step  15600  lr=2.83e-03  loss=0.7857  val_acc={1: 1.0, 2: 1.0, 3: 1.0}  elapsed=1330s  PASS  abstain_loss=0.0119  abstain_class_balance=0.000  abstain_head_acc=0.984
[real_seed_r2_1] pilot 1 step  15700  lr=2.83e-03  loss=0.8765  val_acc={1: 1.0, 2: 1.0, 3: 1.0}  elapsed=1342s  PASS  abstain_loss=0.0000  abstain_class_balance=0.000  abstain_head_acc=1.000
[real_seed_r2_1] pilot 1 step  15800  lr=2.83e-03  loss=0.8446  val_acc={1: 1.0, 2: 1.0, 3: 1.0}  elapsed=1351s  PASS  abstain_loss=0.0000  abstain_class_balance=0.000  abstain_head_acc=1.000
[real_seed_r2_1] pilot 1 step  15900  lr=2.83e-03  loss=0.7657  val_acc={1: 1.0, 2: 1.0, 3: 1.0}  elapsed=1358s  PASS  abstain_loss=0.0001  abstain_class_balance=0.000  abstain_head_acc=1.000
[real_seed_r2_1] pilot 1 step  16000  lr=2.82e-03  loss=0.8813  val_acc={1: 1.0, 2: 1.0, 3: 1.0}  elapsed=1366s  PASS  abstain_loss=0.0000  abstain_class_balance=0.000  abstain_head_acc=1.000
[real_seed_r2_1] pilot 1 step  16100  lr=2.82e-03  loss=0.8408  val_acc={1: 1.0, 2: 1.0, 3: 1.0}  elapsed=1373s  PASS  abstain_loss=0.0000  abstain_class_balance=0.000  abstain_head_acc=1.000
[real_seed_r2_1] pilot 1 step  16200  lr=2.82e-03  loss=0.7452  val_acc={1: 1.0, 2: 1.0, 3: 1.0}  elapsed=1381s  PASS  abstain_loss=0.0000  abstain_class_balance=0.000  abstain_head_acc=1.000
[real_seed_r2_1] pilot 1 step  16300  lr=2.82e-03  loss=0.8674  val_acc={1: 1.0, 2: 1.0, 3: 1.0}  elapsed=1389s  PASS  abstain_loss=0.0000  abstain_class_balance=0.000  abstain_head_acc=1.000
[real_seed_r2_1] pilot 1 step  16400  lr=2.82e-03  loss=0.8486  val_acc={1: 1.0, 2: 1.0, 3: 1.0}  elapsed=1398s  PASS  abstain_loss=0.0000  abstain_class_balance=0.000  abstain_head_acc=1.000
[real_seed_r2_1] pilot 1 step  16500  lr=2.81e-03  loss=0.7473  val_acc={1: 1.0, 2: 1.0, 3: 1.0}  elapsed=1406s  PASS  abstain_loss=0.0011  abstain_class_balance=0.000  abstain_head_acc=1.000
[real_seed_r2_1] pilot 1 step  16600  lr=2.81e-03  loss=0.8654  val_acc={1: 1.0, 2: 1.0, 3: 1.0}  elapsed=1415s  PASS  abstain_loss=0.0000  abstain_class_balance=0.000  abstain_head_acc=1.000
[real_seed_r2_1] pilot 1 step  16700  lr=2.81e-03  loss=0.8303  val_acc={1: 1.0, 2: 1.0, 3: 1.0}  elapsed=1424s  PASS  abstain_loss=0.0000  abstain_class_balance=0.000  abstain_head_acc=1.000
[real_seed_r2_1] pilot 1 step  16800  lr=2.81e-03  loss=0.7476  val_acc={1: 1.0, 2: 1.0, 3: 1.0}  elapsed=1432s  PASS  abstain_loss=0.0001  abstain_class_balance=0.000  abstain_head_acc=1.000
[real_seed_r2_1] pilot 1 step  16900  lr=2.80e-03  loss=0.8701  val_acc={1: 1.0, 2: 1.0, 3: 1.0}  elapsed=1441s  PASS  abstain_loss=0.0000  abstain_class_balance=0.000  abstain_head_acc=1.000
[real_seed_r2_1] pilot 1 step  17000  lr=2.80e-03  loss=0.8335  val_acc={1: 1.0, 2: 1.0, 3: 1.0}  elapsed=1448s  PASS  abstain_loss=0.0000  abstain_class_balance=0.000  abstain_head_acc=1.000
[real_seed_r2_1] pilot 1 step  17100  lr=2.80e-03  loss=0.7221  val_acc={1: 1.0, 2: 1.0, 3: 1.0}  elapsed=1456s  PASS  abstain_loss=0.0001  abstain_class_balance=0.000  abstain_head_acc=1.000
[real_seed_r2_1] pilot 1 step  17200  lr=2.80e-03  loss=0.8652  val_acc={1: 1.0, 2: 1.0, 3: 1.0}  elapsed=1465s  PASS  abstain_loss=0.0000  abstain_class_balance=0.000  abstain_head_acc=1.000
[real_seed_r2_1] pilot 1 step  17300  lr=2.80e-03  loss=0.8342  val_acc={1: 1.0, 2: 1.0, 3: 1.0}  elapsed=1476s  PASS  abstain_loss=0.0000  abstain_class_balance=0.000  abstain_head_acc=1.000
[real_seed_r2_1] pilot 1 step  17400  lr=2.79e-03  loss=0.7273  val_acc={1: 1.0, 2: 1.0, 3: 1.0}  elapsed=1484s  PASS  abstain_loss=0.0001  abstain_class_balance=0.000  abstain_head_acc=1.000
[real_seed_r2_1] pilot 1 step  17500  lr=2.79e-03  loss=0.8541  val_acc={1: 1.0, 2: 1.0, 3: 1.0}  elapsed=1492s  PASS  abstain_loss=0.0000  abstain_class_balance=0.000  abstain_head_acc=1.000
[real_seed_r2_1] pilot 1 step  17600  lr=2.79e-03  loss=0.8482  val_acc={1: 1.0, 2: 1.0, 3: 1.0}  elapsed=1500s  PASS  abstain_loss=0.0000  abstain_class_balance=0.000  abstain_head_acc=1.000
[real_seed_r2_1] pilot 1 step  17700  lr=2.79e-03  loss=0.7371  val_acc={1: 1.0, 2: 1.0, 3: 1.0}  elapsed=1510s  PASS  abstain_loss=0.0000  abstain_class_balance=0.000  abstain_head_acc=1.000
[real_seed_r2_1] pilot 1 step  17800  lr=2.78e-03  loss=0.8614  val_acc={1: 1.0, 2: 1.0, 3: 1.0}  elapsed=1518s  PASS  abstain_loss=0.0000  abstain_class_balance=0.000  abstain_head_acc=1.000
[real_seed_r2_1] pilot 1 step  17900  lr=2.78e-03  loss=0.8213  val_acc={1: 1.0, 2: 1.0, 3: 1.0}  elapsed=1527s  PASS  abstain_loss=0.0000  abstain_class_balance=0.000  abstain_head_acc=1.000
[real_seed_r2_1] pilot 1 step  18000  lr=2.78e-03  loss=0.7520  val_acc={1: 1.0, 2: 1.0, 3: 1.0}  elapsed=1536s  PASS  abstain_loss=0.0030  abstain_class_balance=0.000  abstain_head_acc=1.000
[real_seed_r2_1] pilot 1 step  18100  lr=2.78e-03  loss=0.8601  val_acc={1: 1.0, 2: 1.0, 3: 1.0}  elapsed=1544s  PASS  abstain_loss=0.0000  abstain_class_balance=0.000  abstain_head_acc=1.000
[real_seed_r2_1] pilot 1 step  18200  lr=2.77e-03  loss=0.8420  val_acc={1: 1.0, 2: 1.0, 3: 1.0}  elapsed=1552s  PASS  abstain_loss=0.0000  abstain_class_balance=0.000  abstain_head_acc=1.000
[real_seed_r2_1] pilot 1 step  18300  lr=2.77e-03  loss=0.7392  val_acc={1: 1.0, 2: 1.0, 3: 1.0}  elapsed=1561s  PASS  abstain_loss=0.0000  abstain_class_balance=0.000  abstain_head_acc=1.000
[real_seed_r2_1] pilot 1 step  18400  lr=2.77e-03  loss=0.8494  val_acc={1: 1.0, 2: 1.0, 3: 1.0}  elapsed=1570s  PASS  abstain_loss=0.0000  abstain_class_balance=0.000  abstain_head_acc=1.000
[real_seed_r2_1] pilot 1 step  18500  lr=2.77e-03  loss=0.8243  val_acc={1: 1.0, 2: 1.0, 3: 1.0}  elapsed=1577s  PASS  abstain_loss=0.0000  abstain_class_balance=0.000  abstain_head_acc=1.000
[real_seed_r2_1] pilot 1 step  18600  lr=2.76e-03  loss=0.7446  val_acc={1: 1.0, 2: 1.0, 3: 1.0}  elapsed=1586s  PASS  abstain_loss=0.0026  abstain_class_balance=0.000  abstain_head_acc=1.000
[real_seed_r2_1] pilot 1 step  18700  lr=2.76e-03  loss=0.8538  val_acc={1: 1.0, 2: 1.0, 3: 1.0}  elapsed=1595s  PASS  abstain_loss=0.0000  abstain_class_balance=0.000  abstain_head_acc=1.000
[real_seed_r2_1] pilot 1 step  18800  lr=2.76e-03  loss=0.8148  val_acc={1: 1.0, 2: 1.0, 3: 1.0}  elapsed=1603s  PASS  abstain_loss=0.0000  abstain_class_balance=0.000  abstain_head_acc=1.000
[real_seed_r2_1] pilot 1 step  18900  lr=2.76e-03  loss=0.7360  val_acc={1: 1.0, 2: 1.0, 3: 1.0}  elapsed=1611s  PASS  abstain_loss=0.0000  abstain_class_balance=0.000  abstain_head_acc=1.000
[real_seed_r2_1] pilot 1 step  19000  lr=2.75e-03  loss=0.8520  val_acc={1: 1.0, 2: 1.0, 3: 1.0}  elapsed=1618s  PASS  abstain_loss=0.0000  abstain_class_balance=0.000  abstain_head_acc=1.000
[real_seed_r2_1] pilot 1 step  19100  lr=2.75e-03  loss=0.8230  val_acc={1: 1.0, 2: 1.0, 3: 1.0}  elapsed=1626s  PASS  abstain_loss=0.0000  abstain_class_balance=0.000  abstain_head_acc=1.000
[real_seed_r2_1] pilot 1 step  19200  lr=2.75e-03  loss=0.7808  val_acc={1: 1.0, 2: 1.0, 3: 1.0}  elapsed=1635s  PASS  abstain_loss=0.0400  abstain_class_balance=0.000  abstain_head_acc=0.984
[real_seed_r2_1] pilot 1 step  19300  lr=2.75e-03  loss=0.8695  val_acc={1: 1.0, 2: 1.0, 3: 1.0}  elapsed=1643s  PASS  abstain_loss=0.0000  abstain_class_balance=0.000  abstain_head_acc=1.000
[real_seed_r2_1] pilot 1 step  19400  lr=2.74e-03  loss=0.8431  val_acc={1: 1.0, 2: 1.0, 3: 1.0}  elapsed=1652s  PASS  abstain_loss=0.0000  abstain_class_balance=0.000  abstain_head_acc=1.000
[real_seed_r2_1] pilot 1 step  19500  lr=2.74e-03  loss=0.7431  val_acc={1: 1.0, 2: 1.0, 3: 1.0}  elapsed=1661s  PASS  abstain_loss=0.0000  abstain_class_balance=0.000  abstain_head_acc=1.000
[real_seed_r2_1] pilot 1 step  19600  lr=2.74e-03  loss=0.8646  val_acc={1: 1.0, 2: 1.0, 3: 1.0}  elapsed=1669s  PASS  abstain_loss=0.0000  abstain_class_balance=0.000  abstain_head_acc=1.000
[real_seed_r2_1] pilot 1 step  19700  lr=2.74e-03  loss=0.8389  val_acc={1: 1.0, 2: 1.0, 3: 1.0}  elapsed=1677s  PASS  abstain_loss=0.0000  abstain_class_balance=0.000  abstain_head_acc=1.000
[real_seed_r2_1] pilot 1 step  19800  lr=2.73e-03  loss=0.7344  val_acc={1: 1.0, 2: 1.0, 3: 1.0}  elapsed=1686s  PASS  abstain_loss=0.0000  abstain_class_balance=0.000  abstain_head_acc=1.000
[real_seed_r2_1] pilot 1 step  19900  lr=2.73e-03  loss=0.8578  val_acc={1: 1.0, 2: 1.0, 3: 1.0}  elapsed=1695s  PASS  abstain_loss=0.0000  abstain_class_balance=0.000  abstain_head_acc=1.000
[real_seed_r2_1] pilot 1 step  20000  lr=2.73e-03  loss=0.8270  val_acc={1: 1.0, 2: 1.0, 3: 1.0}  elapsed=1703s  PASS  abstain_loss=0.0000  abstain_class_balance=0.000  abstain_head_acc=1.000
[real_seed_r2_1] pilot 1 step  20100  lr=2.73e-03  loss=0.7248  val_acc={1: 1.0, 2: 1.0, 3: 1.0}  elapsed=1711s  PASS  abstain_loss=0.0000  abstain_class_balance=0.000  abstain_head_acc=1.000
[real_seed_r2_1] pilot 1 step  20200  lr=2.72e-03  loss=1.0094  val_acc={1: 1.0, 2: 1.0, 3: 1.0}  elapsed=1719s  PASS  abstain_loss=0.0000  abstain_class_balance=0.000  abstain_head_acc=1.000
[real_seed_r2_1] pilot 1 step  20300  lr=2.72e-03  loss=0.9097  val_acc={1: 1.0, 2: 1.0, 3: 1.0}  elapsed=1727s  PASS  abstain_loss=0.0000  abstain_class_balance=0.000  abstain_head_acc=1.000
[real_seed_r2_1] pilot 1 step  20400  lr=2.72e-03  loss=0.7962  val_acc={1: 1.0, 2: 1.0, 3: 1.0}  elapsed=1735s  PASS  abstain_loss=0.0000  abstain_class_balance=0.000  abstain_head_acc=1.000
[real_seed_r2_1] pilot 1 step  20500  lr=2.72e-03  loss=0.9140  val_acc={1: 1.0, 2: 1.0, 3: 1.0}  elapsed=1743s  PASS  abstain_loss=0.0000  abstain_class_balance=0.000  abstain_head_acc=1.000
[real_seed_r2_1] pilot 1 step  20600  lr=2.71e-03  loss=0.8707  val_acc={1: 1.0, 2: 1.0, 3: 1.0}  elapsed=1753s  PASS  abstain_loss=0.0000  abstain_class_balance=0.000  abstain_head_acc=1.000
[real_seed_r2_1] pilot 1 step  20700  lr=2.71e-03  loss=0.7603  val_acc={1: 1.0, 2: 1.0, 3: 1.0}  elapsed=1761s  PASS  abstain_loss=0.0000  abstain_class_balance=0.000  abstain_head_acc=1.000
[real_seed_r2_1] pilot 1 step  20800  lr=2.71e-03  loss=0.8860  val_acc={1: 1.0, 2: 1.0, 3: 1.0}  elapsed=1768s  PASS  abstain_loss=0.0000  abstain_class_balance=0.000  abstain_head_acc=1.000
[real_seed_r2_1] pilot 1 step  20900  lr=2.71e-03  loss=0.8521  val_acc={1: 1.0, 2: 1.0, 3: 1.0}  elapsed=1777s  PASS  abstain_loss=0.0000  abstain_class_balance=0.000  abstain_head_acc=1.000
[real_seed_r2_1] pilot 1 step  21000  lr=2.70e-03  loss=0.7703  val_acc={1: 1.0, 2: 1.0, 3: 1.0}  elapsed=1786s  PASS  abstain_loss=0.0000  abstain_class_balance=0.000  abstain_head_acc=1.000
[real_seed_r2_1] pilot 1 step  21100  lr=2.70e-03  loss=0.8764  val_acc={1: 1.0, 2: 1.0, 3: 1.0}  elapsed=1794s  PASS  abstain_loss=0.0000  abstain_class_balance=0.000  abstain_head_acc=1.000
[real_seed_r2_1] pilot 1 step  21200  lr=2.70e-03  loss=0.8417  val_acc={1: 1.0, 2: 1.0, 3: 1.0}  elapsed=1802s  PASS  abstain_loss=0.0000  abstain_class_balance=0.000  abstain_head_acc=1.000
[real_seed_r2_1] pilot 1 step  21300  lr=2.69e-03  loss=0.7487  val_acc={1: 1.0, 2: 1.0, 3: 1.0}  elapsed=1811s  PASS  abstain_loss=0.0000  abstain_class_balance=0.000  abstain_head_acc=1.000
[real_seed_r2_1] pilot 1 step  21400  lr=2.69e-03  loss=0.8640  val_acc={1: 1.0, 2: 1.0, 3: 1.0}  elapsed=1820s  PASS  abstain_loss=0.0000  abstain_class_balance=0.000  abstain_head_acc=1.000
[real_seed_r2_1] pilot 1 step  21500  lr=2.69e-03  loss=0.8598  val_acc={1: 1.0, 2: 1.0, 3: 1.0}  elapsed=1828s  PASS  abstain_loss=0.0000  abstain_class_balance=0.000  abstain_head_acc=1.000
[real_seed_r2_1] pilot 1 step  21600  lr=2.69e-03  loss=0.7459  val_acc={1: 1.0, 2: 1.0, 3: 1.0}  elapsed=1835s  PASS  abstain_loss=0.0000  abstain_class_balance=0.000  abstain_head_acc=1.000
[real_seed_r2_1] pilot 1 step  21700  lr=2.68e-03  loss=0.8650  val_acc={1: 1.0, 2: 1.0, 3: 1.0}  elapsed=1844s  PASS  abstain_loss=0.0000  abstain_class_balance=0.000  abstain_head_acc=1.000
[real_seed_r2_1] pilot 1 step  21800  lr=2.68e-03  loss=0.8557  val_acc={1: 1.0, 2: 1.0, 3: 1.0}  elapsed=1851s  PASS  abstain_loss=0.0000  abstain_class_balance=0.000  abstain_head_acc=1.000
[real_seed_r2_1] pilot 1 step  21900  lr=2.68e-03  loss=0.7605  val_acc={1: 1.0, 2: 1.0, 3: 1.0}  elapsed=1860s  PASS  abstain_loss=0.0004  abstain_class_balance=0.000  abstain_head_acc=1.000
[real_seed_r2_1] pilot 1 step  22000  lr=2.67e-03  loss=0.8774  val_acc={1: 1.0, 2: 1.0, 3: 1.0}  elapsed=1871s  PASS  abstain_loss=0.0000  abstain_class_balance=0.000  abstain_head_acc=1.000
[real_seed_r2_1] pilot 1 step  22100  lr=2.67e-03  loss=0.8447  val_acc={1: 1.0, 2: 1.0, 3: 1.0}  elapsed=1879s  PASS  abstain_loss=0.0000  abstain_class_balance=0.000  abstain_head_acc=1.000
[real_seed_r2_1] pilot 1 step  22200  lr=2.67e-03  loss=0.7541  val_acc={1: 1.0, 2: 1.0, 3: 1.0}  elapsed=1890s  PASS  abstain_loss=0.0012  abstain_class_balance=0.000  abstain_head_acc=1.000
[real_seed_r2_1] pilot 1 step  22300  lr=2.67e-03  loss=0.8680  val_acc={1: 1.0, 2: 1.0, 3: 1.0}  elapsed=1898s  PASS  abstain_loss=0.0000  abstain_class_balance=0.000  abstain_head_acc=1.000
[real_seed_r2_1] pilot 1 step  22400  lr=2.66e-03  loss=0.8418  val_acc={1: 1.0, 2: 1.0, 3: 1.0}  elapsed=1906s  PASS  abstain_loss=0.0000  abstain_class_balance=0.000  abstain_head_acc=1.000
[real_seed_r2_1] pilot 1 step  22500  lr=2.66e-03  loss=0.7492  val_acc={1: 1.0, 2: 1.0, 3: 1.0}  elapsed=1913s  PASS  abstain_loss=0.0001  abstain_class_balance=0.000  abstain_head_acc=1.000
[real_seed_r2_1] pilot 1 step  22600  lr=2.66e-03  loss=0.8673  val_acc={1: 1.0, 2: 1.0, 3: 1.0}  elapsed=1922s  PASS  abstain_loss=0.0000  abstain_class_balance=0.000  abstain_head_acc=1.000
[real_seed_r2_1] pilot 1 step  22700  lr=2.65e-03  loss=0.8376  val_acc={1: 1.0, 2: 1.0, 3: 1.0}  elapsed=1930s  PASS  abstain_loss=0.0000  abstain_class_balance=0.000  abstain_head_acc=1.000
[real_seed_r2_1] pilot 1 step  22800  lr=2.65e-03  loss=0.7540  val_acc={1: 1.0, 2: 1.0, 3: 1.0}  elapsed=1938s  PASS  abstain_loss=0.0000  abstain_class_balance=0.000  abstain_head_acc=1.000
[real_seed_r2_1] pilot 1 step  22900  lr=2.65e-03  loss=0.8604  val_acc={1: 1.0, 2: 1.0, 3: 1.0}  elapsed=1947s  PASS  abstain_loss=0.0000  abstain_class_balance=0.000  abstain_head_acc=1.000
[real_seed_r2_1] pilot 1 step  23000  lr=2.65e-03  loss=0.8323  val_acc={1: 1.0, 2: 1.0, 3: 1.0}  elapsed=1955s  PASS  abstain_loss=0.0000  abstain_class_balance=0.000  abstain_head_acc=1.000
[real_seed_r2_1] pilot 1 step  23100  lr=2.64e-03  loss=0.7353  val_acc={1: 1.0, 2: 1.0, 3: 1.0}  elapsed=1963s  PASS  abstain_loss=0.0001  abstain_class_balance=0.000  abstain_head_acc=1.000
[real_seed_r2_1] pilot 1 step  23200  lr=2.64e-03  loss=0.8683  val_acc={1: 1.0, 2: 1.0, 3: 1.0}  elapsed=1976s  PASS  abstain_loss=0.0000  abstain_class_balance=0.000  abstain_head_acc=1.000
[real_seed_r2_1] pilot 1 step  23300  lr=2.64e-03  loss=0.8303  val_acc={1: 1.0, 2: 1.0, 3: 1.0}  elapsed=1985s  PASS  abstain_loss=0.0000  abstain_class_balance=0.000  abstain_head_acc=1.000
[real_seed_r2_1] pilot 1 step  23400  lr=2.63e-03  loss=0.7302  val_acc={1: 1.0, 2: 1.0, 3: 1.0}  elapsed=1993s  PASS  abstain_loss=0.0000  abstain_class_balance=0.000  abstain_head_acc=1.000
[real_seed_r2_1] pilot 1 step  23500  lr=2.63e-03  loss=0.8500  val_acc={1: 1.0, 2: 1.0, 3: 1.0}  elapsed=2001s  PASS  abstain_loss=0.0000  abstain_class_balance=0.000  abstain_head_acc=1.000
[real_seed_r2_1] pilot 1 step  23600  lr=2.63e-03  loss=0.9787  val_acc={1: 1.0, 2: 1.0, 3: 1.0}  elapsed=2010s  PASS  abstain_loss=0.0000  abstain_class_balance=0.000  abstain_head_acc=1.000
[real_seed_r2_1] pilot 1 step  23700  lr=2.62e-03  loss=0.7890  val_acc={1: 1.0, 2: 1.0, 3: 1.0}  elapsed=2017s  PASS  abstain_loss=0.0019  abstain_class_balance=0.000  abstain_head_acc=1.000
[real_seed_r2_1] pilot 1 step  23800  lr=2.62e-03  loss=0.9027  val_acc={1: 1.0, 2: 1.0, 3: 1.0}  elapsed=2028s  PASS  abstain_loss=0.0000  abstain_class_balance=0.000  abstain_head_acc=1.000
[real_seed_r2_1] pilot 1 step  23900  lr=2.62e-03  loss=0.8737  val_acc={1: 1.0, 2: 1.0, 3: 1.0}  elapsed=2035s  PASS  abstain_loss=0.0000  abstain_class_balance=0.000  abstain_head_acc=1.000
[real_seed_r2_1] pilot 1 step  24000  lr=2.62e-03  loss=0.7802  val_acc={1: 1.0, 2: 1.0, 3: 1.0}  elapsed=2044s  PASS  abstain_loss=0.0074  abstain_class_balance=0.000  abstain_head_acc=1.000
[real_seed_r2_1] pilot 1 step  24100  lr=2.61e-03  loss=0.8864  val_acc={1: 1.0, 2: 1.0, 3: 1.0}  elapsed=2052s  PASS  abstain_loss=0.0000  abstain_class_balance=0.000  abstain_head_acc=1.000
[real_seed_r2_1] pilot 1 step  24200  lr=2.61e-03  loss=0.8633  val_acc={1: 1.0, 2: 1.0, 3: 1.0}  elapsed=2061s  PASS  abstain_loss=0.0000  abstain_class_balance=0.000  abstain_head_acc=1.000
[real_seed_r2_1] pilot 1 step  24300  lr=2.61e-03  loss=0.7716  val_acc={1: 1.0, 2: 1.0, 3: 1.0}  elapsed=2071s  PASS  abstain_loss=0.0011  abstain_class_balance=0.000  abstain_head_acc=1.000
[real_seed_r2_1] pilot 1 step  24400  lr=2.60e-03  loss=0.8781  val_acc={1: 1.0, 2: 1.0, 3: 1.0}  elapsed=2079s  PASS  abstain_loss=0.0000  abstain_class_balance=0.000  abstain_head_acc=1.000
[real_seed_r2_1] pilot 1 step  24500  lr=2.60e-03  loss=0.8441  val_acc={1: 1.0, 2: 1.0, 3: 1.0}  elapsed=2087s  PASS  abstain_loss=0.0000  abstain_class_balance=0.000  abstain_head_acc=1.000
[real_seed_r2_1] pilot 1 step  24600  lr=2.60e-03  loss=0.7592  val_acc={1: 1.0, 2: 1.0, 3: 1.0}  elapsed=2095s  PASS  abstain_loss=0.0000  abstain_class_balance=0.000  abstain_head_acc=1.000
[real_seed_r2_1] pilot 1 step  24700  lr=2.59e-03  loss=0.8886  val_acc={1: 1.0, 2: 1.0, 3: 1.0}  elapsed=2104s  PASS  abstain_loss=0.0000  abstain_class_balance=0.000  abstain_head_acc=1.000
[real_seed_r2_1] pilot 1 step  24800  lr=2.59e-03  loss=0.8516  val_acc={1: 1.0, 2: 1.0, 3: 1.0}  elapsed=2112s  PASS  abstain_loss=0.0000  abstain_class_balance=0.000  abstain_head_acc=1.000
[real_seed_r2_1] pilot 1 step  24900  lr=2.59e-03  loss=0.7436  val_acc={1: 1.0, 2: 1.0, 3: 1.0}  elapsed=2121s  PASS  abstain_loss=0.0000  abstain_class_balance=0.000  abstain_head_acc=1.000
[real_seed_r2_1] pilot 1 step  25000  lr=2.58e-03  loss=0.8835  val_acc={1: 1.0, 2: 1.0, 3: 1.0}  elapsed=2128s  PASS  abstain_loss=0.0000  abstain_class_balance=0.000  abstain_head_acc=1.000
[real_seed_r2_1] pilot 1 step  25100  lr=2.58e-03  loss=0.8533  val_acc={1: 1.0, 2: 1.0, 3: 1.0}  elapsed=2139s  PASS  abstain_loss=0.0000  abstain_class_balance=0.000  abstain_head_acc=1.000
[real_seed_r2_1] pilot 1 step  25200  lr=2.58e-03  loss=0.7558  val_acc={1: 1.0, 2: 1.0, 3: 1.0}  elapsed=2147s  PASS  abstain_loss=0.0000  abstain_class_balance=0.000  abstain_head_acc=1.000
[real_seed_r2_1] pilot 1 step  25300  lr=2.57e-03  loss=0.8706  val_acc={1: 1.0, 2: 1.0, 3: 1.0}  elapsed=2154s  PASS  abstain_loss=0.0000  abstain_class_balance=0.000  abstain_head_acc=1.000
[real_seed_r2_1] pilot 1 step  25400  lr=2.57e-03  loss=0.8361  val_acc={1: 1.0, 2: 1.0, 3: 1.0}  elapsed=2163s  PASS  abstain_loss=0.0000  abstain_class_balance=0.000  abstain_head_acc=1.000
[real_seed_r2_1] pilot 1 step  25500  lr=2.57e-03  loss=0.7388  val_acc={1: 1.0, 2: 1.0, 3: 1.0}  elapsed=2171s  PASS  abstain_loss=0.0000  abstain_class_balance=0.000  abstain_head_acc=1.000
[real_seed_r2_1] pilot 1 step  25600  lr=2.57e-03  loss=0.8626  val_acc={1: 1.0, 2: 1.0, 3: 1.0}  elapsed=2179s  PASS  abstain_loss=0.0000  abstain_class_balance=0.000  abstain_head_acc=1.000
[real_seed_r2_1] pilot 1 step  25700  lr=2.56e-03  loss=0.8327  val_acc={1: 1.0, 2: 1.0, 3: 1.0}  elapsed=2188s  PASS  abstain_loss=0.0000  abstain_class_balance=0.000  abstain_head_acc=1.000
[real_seed_r2_1] pilot 1 step  25800  lr=2.56e-03  loss=0.7408  val_acc={1: 1.0, 2: 1.0, 3: 1.0}  elapsed=2195s  PASS  abstain_loss=0.0000  abstain_class_balance=0.000  abstain_head_acc=1.000
[real_seed_r2_1] pilot 1 step  25900  lr=2.56e-03  loss=0.8618  val_acc={1: 1.0, 2: 1.0, 3: 1.0}  elapsed=2203s  PASS  abstain_loss=0.0000  abstain_class_balance=0.000  abstain_head_acc=1.000
[real_seed_r2_1] pilot 1 step  26000  lr=2.55e-03  loss=0.8341  val_acc={1: 1.0, 2: 1.0, 3: 1.0}  elapsed=2212s  PASS  abstain_loss=0.0000  abstain_class_balance=0.000  abstain_head_acc=1.000
[real_seed_r2_1] pilot 1 step  26100  lr=2.55e-03  loss=0.7214  val_acc={1: 1.0, 2: 1.0, 3: 1.0}  elapsed=2221s  PASS  abstain_loss=0.0000  abstain_class_balance=0.000  abstain_head_acc=1.000
[real_seed_r2_1] pilot 1 step  26200  lr=2.55e-03  loss=0.8552  val_acc={1: 1.0, 2: 1.0, 3: 1.0}  elapsed=2230s  PASS  abstain_loss=0.0000  abstain_class_balance=0.000  abstain_head_acc=1.000
[real_seed_r2_1] pilot 1 step  26300  lr=2.54e-03  loss=0.8423  val_acc={1: 1.0, 2: 1.0, 3: 1.0}  elapsed=2238s  PASS  abstain_loss=0.0000  abstain_class_balance=0.000  abstain_head_acc=1.000
[real_seed_r2_1] pilot 1 step  26400  lr=2.54e-03  loss=0.7479  val_acc={1: 1.0, 2: 1.0, 3: 1.0}  elapsed=2247s  PASS  abstain_loss=0.0000  abstain_class_balance=0.000  abstain_head_acc=1.000
[real_seed_r2_1] pilot 1 step  26500  lr=2.54e-03  loss=0.8651  val_acc={1: 1.0, 2: 1.0, 3: 1.0}  elapsed=2256s  PASS  abstain_loss=0.0000  abstain_class_balance=0.000  abstain_head_acc=1.000
[real_seed_r2_1] pilot 1 step  26600  lr=2.53e-03  loss=0.8291  val_acc={1: 1.0, 2: 1.0, 3: 1.0}  elapsed=2266s  PASS  abstain_loss=0.0000  abstain_class_balance=0.000  abstain_head_acc=1.000
[real_seed_r2_1] pilot 1 step  26700  lr=2.53e-03  loss=0.8412  val_acc={1: 1.0, 2: 1.0, 3: 1.0}  elapsed=2274s  PASS  abstain_loss=0.0826  abstain_class_balance=0.000  abstain_head_acc=0.953
[real_seed_r2_1] pilot 1 step  26800  lr=2.53e-03  loss=0.9340  val_acc={1: 1.0, 2: 1.0, 3: 1.0}  elapsed=2284s  PASS  abstain_loss=0.0000  abstain_class_balance=0.000  abstain_head_acc=1.000
[real_seed_r2_1] pilot 1 step  26900  lr=2.52e-03  loss=0.8809  val_acc={1: 1.0, 2: 1.0, 3: 1.0}  elapsed=2293s  PASS  abstain_loss=0.0000  abstain_class_balance=0.000  abstain_head_acc=1.000
[real_seed_r2_1] pilot 1 step  27000  lr=2.52e-03  loss=0.7733  val_acc={1: 1.0, 2: 1.0, 3: 1.0}  elapsed=2302s  PASS  abstain_loss=0.0000  abstain_class_balance=0.000  abstain_head_acc=1.000
[real_seed_r2_1] pilot 1 step  27100  lr=2.52e-03  loss=0.8941  val_acc={1: 1.0, 2: 1.0, 3: 1.0}  elapsed=2310s  PASS  abstain_loss=0.0000  abstain_class_balance=0.000  abstain_head_acc=1.000
[real_seed_r2_1] pilot 1 step  27200  lr=2.51e-03  loss=0.8558  val_acc={1: 1.0, 2: 1.0, 3: 1.0}  elapsed=2318s  PASS  abstain_loss=0.0000  abstain_class_balance=0.000  abstain_head_acc=1.000
[real_seed_r2_1] pilot 1 step  27300  lr=2.51e-03  loss=0.7611  val_acc={1: 1.0, 2: 1.0, 3: 1.0}  elapsed=2327s  PASS  abstain_loss=0.0000  abstain_class_balance=0.000  abstain_head_acc=1.000
[real_seed_r2_1] pilot 1 step  27400  lr=2.51e-03  loss=0.8723  val_acc={1: 1.0, 2: 1.0, 3: 1.0}  elapsed=2335s  PASS  abstain_loss=0.0000  abstain_class_balance=0.000  abstain_head_acc=1.000
[real_seed_r2_1] pilot 1 step  27500  lr=2.50e-03  loss=0.8515  val_acc={1: 1.0, 2: 1.0, 3: 1.0}  elapsed=2345s  PASS  abstain_loss=0.0000  abstain_class_balance=0.000  abstain_head_acc=1.000
[real_seed_r2_1] pilot 1 step  27600  lr=2.50e-03  loss=0.7527  val_acc={1: 1.0, 2: 1.0, 3: 1.0}  elapsed=2352s  PASS  abstain_loss=0.0000  abstain_class_balance=0.000  abstain_head_acc=1.000
[real_seed_r2_1] pilot 1 step  27700  lr=2.50e-03  loss=0.8689  val_acc={1: 1.0, 2: 1.0, 3: 1.0}  elapsed=2361s  PASS  abstain_loss=0.0000  abstain_class_balance=0.000  abstain_head_acc=1.000
[real_seed_r2_1] pilot 1 step  27800  lr=2.49e-03  loss=0.8393  val_acc={1: 1.0, 2: 1.0, 3: 1.0}  elapsed=2369s  PASS  abstain_loss=0.0000  abstain_class_balance=0.000  abstain_head_acc=1.000
[real_seed_r2_1] pilot 1 step  27900  lr=2.49e-03  loss=0.7562  val_acc={1: 1.0, 2: 1.0, 3: 1.0}  elapsed=2377s  PASS  abstain_loss=0.0001  abstain_class_balance=0.000  abstain_head_acc=1.000
[real_seed_r2_1] pilot 1 step  28000  lr=2.48e-03  loss=0.8693  val_acc={1: 1.0, 2: 1.0, 3: 1.0}  elapsed=2386s  PASS  abstain_loss=0.0000  abstain_class_balance=0.000  abstain_head_acc=1.000
[real_seed_r2_1] pilot 1 step  28100  lr=2.48e-03  loss=0.8327  val_acc={1: 1.0, 2: 1.0, 3: 1.0}  elapsed=2394s  PASS  abstain_loss=0.0000  abstain_class_balance=0.000  abstain_head_acc=1.000
[real_seed_r2_1] pilot 1 step  28200  lr=2.48e-03  loss=0.7358  val_acc={1: 1.0, 2: 1.0, 3: 1.0}  elapsed=2403s  PASS  abstain_loss=0.0000  abstain_class_balance=0.000  abstain_head_acc=1.000
[real_seed_r2_1] pilot 1 step  28300  lr=2.47e-03  loss=0.8591  val_acc={1: 1.0, 2: 1.0, 3: 1.0}  elapsed=2412s  PASS  abstain_loss=0.0000  abstain_class_balance=0.000  abstain_head_acc=1.000
[real_seed_r2_1] pilot 1 step  28400  lr=2.47e-03  loss=0.8247  val_acc={1: 1.0, 2: 1.0, 3: 1.0}  elapsed=2419s  PASS  abstain_loss=0.0000  abstain_class_balance=0.000  abstain_head_acc=1.000
[real_seed_r2_1] pilot 1 step  28500  lr=2.47e-03  loss=0.7446  val_acc={1: 1.0, 2: 1.0, 3: 1.0}  elapsed=2427s  PASS  abstain_loss=0.0000  abstain_class_balance=0.000  abstain_head_acc=1.000
[real_seed_r2_1] pilot 1 step  28600  lr=2.46e-03  loss=0.8561  val_acc={1: 1.0, 2: 1.0, 3: 1.0}  elapsed=2434s  PASS  abstain_loss=0.0000  abstain_class_balance=0.000  abstain_head_acc=1.000
[real_seed_r2_1] pilot 1 step  28700  lr=2.46e-03  loss=0.8267  val_acc={1: 1.0, 2: 1.0, 3: 1.0}  elapsed=2444s  PASS  abstain_loss=0.0000  abstain_class_balance=0.000  abstain_head_acc=1.000
[real_seed_r2_1] pilot 1 step  28800  lr=2.46e-03  loss=0.7284  val_acc={1: 1.0, 2: 1.0, 3: 1.0}  elapsed=2452s  PASS  abstain_loss=0.0000  abstain_class_balance=0.000  abstain_head_acc=1.000
[real_seed_r2_1] pilot 1 step  28900  lr=2.45e-03  loss=0.8471  val_acc={1: 1.0, 2: 1.0, 3: 1.0}  elapsed=2460s  PASS  abstain_loss=0.0000  abstain_class_balance=0.000  abstain_head_acc=1.000
[real_seed_r2_1] pilot 1 step  29000  lr=2.45e-03  loss=0.8208  val_acc={1: 1.0, 2: 1.0, 3: 1.0}  elapsed=2469s  PASS  abstain_loss=0.0000  abstain_class_balance=0.000  abstain_head_acc=1.000
[real_seed_r2_1] pilot 1 step  29100  lr=2.45e-03  loss=0.7312  val_acc={1: 1.0, 2: 1.0, 3: 1.0}  elapsed=2477s  PASS  abstain_loss=0.0000  abstain_class_balance=0.000  abstain_head_acc=1.000
[real_seed_r2_1] pilot 1 step  29200  lr=2.44e-03  loss=0.8462  val_acc={1: 1.0, 2: 1.0, 3: 1.0}  elapsed=2486s  PASS  abstain_loss=0.0000  abstain_class_balance=0.000  abstain_head_acc=1.000
[real_seed_r2_1] pilot 1 step  29300  lr=2.44e-03  loss=0.8111  val_acc={1: 1.0, 2: 1.0, 3: 1.0}  elapsed=2495s  PASS  abstain_loss=0.0000  abstain_class_balance=0.000  abstain_head_acc=1.000
[real_seed_r2_1] pilot 1 step  29400  lr=2.44e-03  loss=0.7582  val_acc={1: 1.0, 2: 1.0, 3: 1.0}  elapsed=2503s  PASS  abstain_loss=0.0208  abstain_class_balance=0.000  abstain_head_acc=0.984
[real_seed_r2_1] pilot 1 step  29500  lr=2.43e-03  loss=0.8441  val_acc={1: 1.0, 2: 1.0, 3: 1.0}  elapsed=2511s  PASS  abstain_loss=0.0000  abstain_class_balance=0.000  abstain_head_acc=1.000
[real_seed_r2_1] pilot 1 step  29600  lr=2.43e-03  loss=0.8139  val_acc={1: 1.0, 2: 1.0, 3: 1.0}  elapsed=2520s  PASS  abstain_loss=0.0000  abstain_class_balance=0.000  abstain_head_acc=1.000
[real_seed_r2_1] pilot 1 step  29700  lr=2.43e-03  loss=0.7215  val_acc={1: 1.0, 2: 1.0, 3: 1.0}  elapsed=2528s  PASS  abstain_loss=0.0000  abstain_class_balance=0.000  abstain_head_acc=1.000
[real_seed_r2_1] pilot 1 step  29800  lr=2.42e-03  loss=0.8434  val_acc={1: 1.0, 2: 1.0, 3: 1.0}  elapsed=2537s  PASS  abstain_loss=0.0000  abstain_class_balance=0.000  abstain_head_acc=1.000
[real_seed_r2_1] pilot 1 step  29900  lr=2.42e-03  loss=0.8126  val_acc={1: 1.0, 2: 1.0, 3: 1.0}  elapsed=2544s  PASS  abstain_loss=0.0000  abstain_class_balance=0.000  abstain_head_acc=1.000
[real_seed_r2_1] pilot 1 step  30000  lr=2.41e-03  loss=0.7254  val_acc={1: 1.0, 2: 1.0, 3: 1.0}  elapsed=2554s  PASS  abstain_loss=0.0000  abstain_class_balance=0.000  abstain_head_acc=1.000
[real_seed_r2_1] pilot 1 step  30100  lr=2.41e-03  loss=0.8432  val_acc={1: 1.0, 2: 1.0, 3: 1.0}  elapsed=2562s  PASS  abstain_loss=0.0000  abstain_class_balance=0.000  abstain_head_acc=1.000
[real_seed_r2_1] pilot 1 step  30200  lr=2.41e-03  loss=0.8189  val_acc={1: 1.0, 2: 1.0, 3: 1.0}  elapsed=2570s  PASS  abstain_loss=0.0000  abstain_class_balance=0.000  abstain_head_acc=1.000
[real_seed_r2_1] pilot 1 step  30300  lr=2.40e-03  loss=0.7170  val_acc={1: 1.0, 2: 1.0, 3: 1.0}  elapsed=2579s  PASS  abstain_loss=0.0000  abstain_class_balance=0.000  abstain_head_acc=1.000
[real_seed_r2_1] pilot 1 step  30400  lr=2.40e-03  loss=0.8354  val_acc={1: 1.0, 2: 1.0, 3: 1.0}  elapsed=2587s  PASS  abstain_loss=0.0000  abstain_class_balance=0.000  abstain_head_acc=1.000
[real_seed_r2_1] pilot 1 step  30500  lr=2.40e-03  loss=0.8122  val_acc={1: 1.0, 2: 1.0, 3: 1.0}  elapsed=2595s  PASS  abstain_loss=0.0000  abstain_class_balance=0.000  abstain_head_acc=1.000
[real_seed_r2_1] pilot 1 step  30600  lr=2.39e-03  loss=0.7061  val_acc={1: 1.0, 2: 1.0, 3: 1.0}  elapsed=2605s  PASS  abstain_loss=0.0000  abstain_class_balance=0.000  abstain_head_acc=1.000
[real_seed_r2_1] pilot 1 step  30700  lr=2.39e-03  loss=0.8645  val_acc={1: 1.0, 2: 1.0, 3: 1.0}  elapsed=2613s  PASS  abstain_loss=0.0000  abstain_class_balance=0.000  abstain_head_acc=1.000
[real_seed_r2_1] pilot 1 step  30800  lr=2.38e-03  loss=0.8881  val_acc={1: 1.0, 2: 1.0, 3: 1.0}  elapsed=2623s  PASS  abstain_loss=0.0000  abstain_class_balance=0.000  abstain_head_acc=1.000
[real_seed_r2_1] pilot 1 step  30900  lr=2.38e-03  loss=0.7548  val_acc={1: 1.0, 2: 1.0, 3: 1.0}  elapsed=2631s  PASS  abstain_loss=0.0000  abstain_class_balance=0.000  abstain_head_acc=1.000
[real_seed_r2_1] pilot 1 step  31000  lr=2.38e-03  loss=0.8780  val_acc={1: 1.0, 2: 1.0, 3: 1.0}  elapsed=2639s  PASS  abstain_loss=0.0000  abstain_class_balance=0.000  abstain_head_acc=1.000
[real_seed_r2_1] pilot 1 step  31100  lr=2.37e-03  loss=0.8519  val_acc={1: 1.0, 2: 1.0, 3: 1.0}  elapsed=2648s  PASS  abstain_loss=0.0000  abstain_class_balance=0.000  abstain_head_acc=1.000
[real_seed_r2_1] pilot 1 step  31200  lr=2.37e-03  loss=0.7592  val_acc={1: 1.0, 2: 1.0, 3: 1.0}  elapsed=2657s  PASS  abstain_loss=0.0000  abstain_class_balance=0.000  abstain_head_acc=1.000
[real_seed_r2_1] pilot 1 step  31300  lr=2.37e-03  loss=0.8635  val_acc={1: 1.0, 2: 1.0, 3: 1.0}  elapsed=2664s  PASS  abstain_loss=0.0000  abstain_class_balance=0.000  abstain_head_acc=1.000
[real_seed_r2_1] pilot 1 step  31400  lr=2.36e-03  loss=0.8401  val_acc={1: 1.0, 2: 1.0, 3: 1.0}  elapsed=2672s  PASS  abstain_loss=0.0000  abstain_class_balance=0.000  abstain_head_acc=1.000
[real_seed_r2_1] pilot 1 step  31500  lr=2.36e-03  loss=0.7443  val_acc={1: 1.0, 2: 1.0, 3: 1.0}  elapsed=2680s  PASS  abstain_loss=0.0000  abstain_class_balance=0.000  abstain_head_acc=1.000
[real_seed_r2_1] pilot 1 step  31600  lr=2.36e-03  loss=0.8657  val_acc={1: 1.0, 2: 1.0, 3: 1.0}  elapsed=2688s  PASS  abstain_loss=0.0000  abstain_class_balance=0.000  abstain_head_acc=1.000
[real_seed_r2_1] pilot 1 step  31700  lr=2.35e-03  loss=0.8296  val_acc={1: 1.0, 2: 1.0, 3: 1.0}  elapsed=2696s  PASS  abstain_loss=0.0000  abstain_class_balance=0.000  abstain_head_acc=1.000
[real_seed_r2_1] pilot 1 step  31800  lr=2.35e-03  loss=0.7572  val_acc={1: 1.0, 2: 1.0, 3: 1.0}  elapsed=2703s  PASS  abstain_loss=0.0000  abstain_class_balance=0.000  abstain_head_acc=1.000
[real_seed_r2_1] pilot 1 step  31900  lr=2.34e-03  loss=0.8506  val_acc={1: 1.0, 2: 1.0, 3: 1.0}  elapsed=2711s  PASS  abstain_loss=0.0000  abstain_class_balance=0.000  abstain_head_acc=1.000
[real_seed_r2_1] pilot 1 step  32000  lr=2.34e-03  loss=0.8209  val_acc={1: 1.0, 2: 1.0, 3: 1.0}  elapsed=2719s  PASS  abstain_loss=0.0000  abstain_class_balance=0.000  abstain_head_acc=1.000
[real_seed_r2_1] pilot 1 step  32100  lr=2.34e-03  loss=0.7389  val_acc={1: 1.0, 2: 1.0, 3: 1.0}  elapsed=2727s  PASS  abstain_loss=0.0000  abstain_class_balance=0.000  abstain_head_acc=1.000
[real_seed_r2_1] pilot 1 step  32200  lr=2.33e-03  loss=0.8549  val_acc={1: 1.0, 2: 1.0, 3: 1.0}  elapsed=2735s  PASS  abstain_loss=0.0000  abstain_class_balance=0.000  abstain_head_acc=1.000
[real_seed_r2_1] pilot 1 step  32300  lr=2.33e-03  loss=0.8271  val_acc={1: 1.0, 2: 1.0, 3: 1.0}  elapsed=2744s  PASS  abstain_loss=0.0000  abstain_class_balance=0.000  abstain_head_acc=1.000
[real_seed_r2_1] pilot 1 step  32400  lr=2.32e-03  loss=0.7305  val_acc={1: 1.0, 2: 1.0, 3: 1.0}  elapsed=2753s  PASS  abstain_loss=0.0000  abstain_class_balance=0.000  abstain_head_acc=1.000
[real_seed_r2_1] pilot 1 step  32500  lr=2.32e-03  loss=0.8503  val_acc={1: 1.0, 2: 1.0, 3: 1.0}  elapsed=2762s  PASS  abstain_loss=0.0000  abstain_class_balance=0.000  abstain_head_acc=1.000
[real_seed_r2_1] pilot 1 step  32600  lr=2.32e-03  loss=0.8256  val_acc={1: 1.0, 2: 1.0, 3: 1.0}  elapsed=2770s  PASS  abstain_loss=0.0000  abstain_class_balance=0.000  abstain_head_acc=1.000
[real_seed_r2_1] pilot 1 step  32700  lr=2.31e-03  loss=0.7227  val_acc={1: 1.0, 2: 1.0, 3: 1.0}  elapsed=2779s  PASS  abstain_loss=0.0000  abstain_class_balance=0.000  abstain_head_acc=1.000
[real_seed_r2_1] pilot 1 step  32800  lr=2.31e-03  loss=0.8416  val_acc={1: 1.0, 2: 1.0, 3: 1.0}  elapsed=2787s  PASS  abstain_loss=0.0000  abstain_class_balance=0.000  abstain_head_acc=1.000
[real_seed_r2_1] pilot 1 step  32900  lr=2.31e-03  loss=0.8182  val_acc={1: 1.0, 2: 1.0, 3: 1.0}  elapsed=2796s  PASS  abstain_loss=0.0000  abstain_class_balance=0.000  abstain_head_acc=1.000
[real_seed_r2_1] pilot 1 step  33000  lr=2.30e-03  loss=0.7234  val_acc={1: 1.0, 2: 1.0, 3: 1.0}  elapsed=2806s  PASS  abstain_loss=0.0000  abstain_class_balance=0.000  abstain_head_acc=1.000
[real_seed_r2_1] pilot 1 step  33100  lr=2.30e-03  loss=0.8518  val_acc={1: 1.0, 2: 1.0, 3: 1.0}  elapsed=2814s  PASS  abstain_loss=0.0000  abstain_class_balance=0.000  abstain_head_acc=1.000
[real_seed_r2_1] pilot 1 step  33200  lr=2.29e-03  loss=0.8085  val_acc={1: 1.0, 2: 1.0, 3: 1.0}  elapsed=2822s  PASS  abstain_loss=0.0000  abstain_class_balance=0.000  abstain_head_acc=1.000
[real_seed_r2_1] pilot 1 step  33300  lr=2.29e-03  loss=0.7122  val_acc={1: 1.0, 2: 1.0, 3: 1.0}  elapsed=2830s  PASS  abstain_loss=0.0000  abstain_class_balance=0.000  abstain_head_acc=1.000
[real_seed_r2_1] pilot 1 step  33400  lr=2.29e-03  loss=0.8404  val_acc={1: 1.0, 2: 1.0, 3: 1.0}  elapsed=2841s  PASS  abstain_loss=0.0000  abstain_class_balance=0.000  abstain_head_acc=1.000
[real_seed_r2_1] pilot 1 step  33500  lr=2.28e-03  loss=0.8180  val_acc={1: 1.0, 2: 1.0, 3: 1.0}  elapsed=2849s  PASS  abstain_loss=0.0000  abstain_class_balance=0.000  abstain_head_acc=1.000
[real_seed_r2_1] pilot 1 step  33600  lr=2.28e-03  loss=0.7065  val_acc={1: 1.0, 2: 1.0, 3: 1.0}  elapsed=2858s  PASS  abstain_loss=0.0005  abstain_class_balance=0.000  abstain_head_acc=1.000
[real_seed_r2_1] pilot 1 step  33700  lr=2.27e-03  loss=0.8880  val_acc={1: 1.0, 2: 1.0, 3: 1.0}  elapsed=2867s  PASS  abstain_loss=0.0000  abstain_class_balance=0.000  abstain_head_acc=1.000
[real_seed_r2_1] pilot 1 step  33800  lr=2.27e-03  loss=0.8459  val_acc={1: 1.0, 2: 1.0, 3: 1.0}  elapsed=2876s  PASS  abstain_loss=0.0000  abstain_class_balance=0.000  abstain_head_acc=1.000
[real_seed_r2_1] pilot 1 step  33900  lr=2.27e-03  loss=0.7467  val_acc={1: 1.0, 2: 1.0, 3: 1.0}  elapsed=2884s  PASS  abstain_loss=0.0000  abstain_class_balance=0.000  abstain_head_acc=1.000
[real_seed_r2_1] pilot 1 step  34000  lr=2.26e-03  loss=0.8548  val_acc={1: 1.0, 2: 1.0, 3: 1.0}  elapsed=2892s  PASS  abstain_loss=0.0000  abstain_class_balance=0.000  abstain_head_acc=1.000
[real_seed_r2_1] pilot 1 step  34100  lr=2.26e-03  loss=0.8295  val_acc={1: 1.0, 2: 1.0, 3: 1.0}  elapsed=2899s  PASS  abstain_loss=0.0000  abstain_class_balance=0.000  abstain_head_acc=1.000
[real_seed_r2_1] pilot 1 step  34200  lr=2.25e-03  loss=0.7397  val_acc={1: 1.0, 2: 1.0, 3: 1.0}  elapsed=2907s  PASS  abstain_loss=0.0000  abstain_class_balance=0.000  abstain_head_acc=1.000
[real_seed_r2_1] pilot 1 step  34300  lr=2.25e-03  loss=0.8591  val_acc={1: 1.0, 2: 1.0, 3: 1.0}  elapsed=2918s  PASS  abstain_loss=0.0000  abstain_class_balance=0.000  abstain_head_acc=1.000
[real_seed_r2_1] pilot 1 step  34400  lr=2.25e-03  loss=0.8246  val_acc={1: 1.0, 2: 1.0, 3: 1.0}  elapsed=2926s  PASS  abstain_loss=0.0000  abstain_class_balance=0.000  abstain_head_acc=1.000
[real_seed_r2_1] pilot 1 step  34500  lr=2.24e-03  loss=0.7234  val_acc={1: 1.0, 2: 1.0, 3: 1.0}  elapsed=2936s  PASS  abstain_loss=0.0000  abstain_class_balance=0.000  abstain_head_acc=1.000
[real_seed_r2_1] pilot 1 step  34600  lr=2.24e-03  loss=0.8583  val_acc={1: 1.0, 2: 1.0, 3: 1.0}  elapsed=2944s  PASS  abstain_loss=0.0000  abstain_class_balance=0.000  abstain_head_acc=1.000
[real_seed_r2_1] pilot 1 step  34700  lr=2.24e-03  loss=0.8316  val_acc={1: 1.0, 2: 1.0, 3: 1.0}  elapsed=2951s  PASS  abstain_loss=0.0000  abstain_class_balance=0.000  abstain_head_acc=1.000
[real_seed_r2_1] pilot 1 step  34800  lr=2.23e-03  loss=0.7331  val_acc={1: 1.0, 2: 1.0, 3: 1.0}  elapsed=2959s  PASS  abstain_loss=0.0000  abstain_class_balance=0.000  abstain_head_acc=1.000
[real_seed_r2_1] pilot 1 step  34900  lr=2.23e-03  loss=0.8461  val_acc={1: 1.0, 2: 1.0, 3: 1.0}  elapsed=2968s  PASS  abstain_loss=0.0000  abstain_class_balance=0.000  abstain_head_acc=1.000
[real_seed_r2_1] pilot 1 step  35000  lr=2.22e-03  loss=0.8174  val_acc={1: 1.0, 2: 1.0, 3: 1.0}  elapsed=2975s  PASS  abstain_loss=0.0000  abstain_class_balance=0.000  abstain_head_acc=1.000
[real_seed_r2_1] pilot 1 step  35100  lr=2.22e-03  loss=0.7172  val_acc={1: 1.0, 2: 1.0, 3: 1.0}  elapsed=2983s  PASS  abstain_loss=0.0000  abstain_class_balance=0.000  abstain_head_acc=1.000
[real_seed_r2_1] pilot 1 step  35200  lr=2.22e-03  loss=0.8448  val_acc={1: 1.0, 2: 1.0, 3: 1.0}  elapsed=2991s  PASS  abstain_loss=0.0000  abstain_class_balance=0.000  abstain_head_acc=1.000
[real_seed_r2_1] pilot 1 step  35300  lr=2.21e-03  loss=0.8066  val_acc={1: 1.0, 2: 1.0, 3: 1.0}  elapsed=2999s  PASS  abstain_loss=0.0000  abstain_class_balance=0.000  abstain_head_acc=1.000
[real_seed_r2_1] pilot 1 step  35400  lr=2.21e-03  loss=0.7353  val_acc={1: 1.0, 2: 1.0, 3: 1.0}  elapsed=3008s  PASS  abstain_loss=0.0004  abstain_class_balance=0.000  abstain_head_acc=1.000
[real_seed_r2_1] pilot 1 step  35500  lr=2.20e-03  loss=0.8683  val_acc={1: 1.0, 2: 1.0, 3: 1.0}  elapsed=3016s  PASS  abstain_loss=0.0000  abstain_class_balance=0.000  abstain_head_acc=1.000
[real_seed_r2_1] pilot 1 step  35600  lr=2.20e-03  loss=0.8371  val_acc={1: 1.0, 2: 1.0, 3: 1.0}  elapsed=3025s  PASS  abstain_loss=0.0000  abstain_class_balance=0.000  abstain_head_acc=1.000
[real_seed_r2_1] pilot 1 step  35700  lr=2.19e-03  loss=0.7626  val_acc={1: 1.0, 2: 1.0, 3: 1.0}  elapsed=3033s  PASS  abstain_loss=0.0004  abstain_class_balance=0.000  abstain_head_acc=1.000
[real_seed_r2_1] pilot 1 step  35800  lr=2.19e-03  loss=0.8691  val_acc={1: 1.0, 2: 1.0, 3: 1.0}  elapsed=3041s  PASS  abstain_loss=0.0000  abstain_class_balance=0.000  abstain_head_acc=1.000
[real_seed_r2_1] pilot 1 step  35900  lr=2.19e-03  loss=0.8282  val_acc={1: 1.0, 2: 1.0, 3: 1.0}  elapsed=3049s  PASS  abstain_loss=0.0000  abstain_class_balance=0.000  abstain_head_acc=1.000
[real_seed_r2_1] pilot 1 step  36000  lr=2.18e-03  loss=0.7505  val_acc={1: 1.0, 2: 1.0, 3: 1.0}  elapsed=3058s  PASS  abstain_loss=0.0000  abstain_class_balance=0.000  abstain_head_acc=1.000
[real_seed_r2_1] pilot 1 step  36100  lr=2.18e-03  loss=0.8547  val_acc={1: 1.0, 2: 1.0, 3: 1.0}  elapsed=3067s  PASS  abstain_loss=0.0000  abstain_class_balance=0.000  abstain_head_acc=1.000
[real_seed_r2_1] pilot 1 step  36200  lr=2.17e-03  loss=0.8211  val_acc={1: 1.0, 2: 1.0, 3: 1.0}  elapsed=3075s  PASS  abstain_loss=0.0000  abstain_class_balance=0.000  abstain_head_acc=1.000
[real_seed_r2_1] pilot 1 step  36300  lr=2.17e-03  loss=0.7389  val_acc={1: 1.0, 2: 1.0, 3: 1.0}  elapsed=3084s  PASS  abstain_loss=0.0000  abstain_class_balance=0.000  abstain_head_acc=1.000
[real_seed_r2_1] pilot 1 step  36400  lr=2.17e-03  loss=0.8531  val_acc={1: 1.0, 2: 1.0, 3: 1.0}  elapsed=3094s  PASS  abstain_loss=0.0000  abstain_class_balance=0.000  abstain_head_acc=1.000
[real_seed_r2_1] pilot 1 step  36500  lr=2.16e-03  loss=0.8211  val_acc={1: 1.0, 2: 1.0, 3: 1.0}  elapsed=3103s  PASS  abstain_loss=0.0000  abstain_class_balance=0.000  abstain_head_acc=1.000
[real_seed_r2_1] pilot 1 step  36600  lr=2.16e-03  loss=0.7268  val_acc={1: 1.0, 2: 1.0, 3: 1.0}  elapsed=3110s  PASS  abstain_loss=0.0000  abstain_class_balance=0.000  abstain_head_acc=1.000
[real_seed_r2_1] pilot 1 step  36700  lr=2.15e-03  loss=0.8552  val_acc={1: 1.0, 2: 1.0, 3: 1.0}  elapsed=3118s  PASS  abstain_loss=0.0000  abstain_class_balance=0.000  abstain_head_acc=1.000
[real_seed_r2_1] pilot 1 step  36800  lr=2.15e-03  loss=0.8104  val_acc={1: 1.0, 2: 1.0, 3: 1.0}  elapsed=3127s  PASS  abstain_loss=0.0000  abstain_class_balance=0.000  abstain_head_acc=1.000
[real_seed_r2_1] pilot 1 step  36900  lr=2.15e-03  loss=0.7127  val_acc={1: 1.0, 2: 1.0, 3: 1.0}  elapsed=3135s  PASS  abstain_loss=0.0000  abstain_class_balance=0.000  abstain_head_acc=1.000
[real_seed_r2_1] pilot 1 step  37000  lr=2.14e-03  loss=0.8563  val_acc={1: 1.0, 2: 1.0, 3: 1.0}  elapsed=3143s  PASS  abstain_loss=0.0000  abstain_class_balance=0.000  abstain_head_acc=1.000
[real_seed_r2_1] pilot 1 step  37100  lr=2.14e-03  loss=0.8158  val_acc={1: 1.0, 2: 1.0, 3: 1.0}  elapsed=3151s  PASS  abstain_loss=0.0000  abstain_class_balance=0.000  abstain_head_acc=1.000
[real_seed_r2_1] pilot 1 step  37200  lr=2.13e-03  loss=0.7177  val_acc={1: 1.0, 2: 1.0, 3: 1.0}  elapsed=3159s  PASS  abstain_loss=0.0000  abstain_class_balance=0.000  abstain_head_acc=1.000
[real_seed_r2_1] pilot 1 step  37300  lr=2.13e-03  loss=0.8434  val_acc={1: 1.0, 2: 1.0, 3: 1.0}  elapsed=3167s  PASS  abstain_loss=0.0000  abstain_class_balance=0.000  abstain_head_acc=1.000
[real_seed_r2_1] pilot 1 step  37400  lr=2.13e-03  loss=0.8121  val_acc={1: 1.0, 2: 1.0, 3: 1.0}  elapsed=3177s  PASS  abstain_loss=0.0000  abstain_class_balance=0.000  abstain_head_acc=1.000
[real_seed_r2_1] pilot 1 step  37500  lr=2.12e-03  loss=0.7330  val_acc={1: 1.0, 2: 1.0, 3: 1.0}  elapsed=3184s  PASS  abstain_loss=0.0000  abstain_class_balance=0.000  abstain_head_acc=1.000
[real_seed_r2_1] pilot 1 step  37600  lr=2.12e-03  loss=0.8556  val_acc={1: 1.0, 2: 1.0, 3: 1.0}  elapsed=3193s  PASS  abstain_loss=0.0000  abstain_class_balance=0.000  abstain_head_acc=1.000
[real_seed_r2_1] pilot 1 step  37700  lr=2.11e-03  loss=0.8232  val_acc={1: 1.0, 2: 1.0, 3: 1.0}  elapsed=3202s  PASS  abstain_loss=0.0000  abstain_class_balance=0.000  abstain_head_acc=1.000
[real_seed_r2_1] pilot 1 step  37800  lr=2.11e-03  loss=0.7487  val_acc={1: 1.0, 2: 1.0, 3: 1.0}  elapsed=3211s  PASS  abstain_loss=0.0000  abstain_class_balance=0.000  abstain_head_acc=1.000
[real_seed_r2_1] pilot 1 step  37900  lr=2.10e-03  loss=0.8708  val_acc={1: 1.0, 2: 1.0, 3: 1.0}  elapsed=3219s  PASS  abstain_loss=0.0000  abstain_class_balance=0.000  abstain_head_acc=1.000
[real_seed_r2_1] pilot 1 step  38000  lr=2.10e-03  loss=0.8383  val_acc={1: 1.0, 2: 1.0, 3: 1.0}  elapsed=3228s  PASS  abstain_loss=0.0000  abstain_class_balance=0.000  abstain_head_acc=1.000
[real_seed_r2_1] pilot 1 step  38100  lr=2.10e-03  loss=0.7399  val_acc={1: 1.0, 2: 1.0, 3: 1.0}  elapsed=3235s  PASS  abstain_loss=0.0000  abstain_class_balance=0.000  abstain_head_acc=1.000
[real_seed_r2_1] pilot 1 step  38200  lr=2.09e-03  loss=0.8673  val_acc={1: 1.0, 2: 1.0, 3: 1.0}  elapsed=3244s  PASS  abstain_loss=0.0000  abstain_class_balance=0.000  abstain_head_acc=1.000
[real_seed_r2_1] pilot 1 step  38300  lr=2.09e-03  loss=0.8198  val_acc={1: 1.0, 2: 1.0, 3: 1.0}  elapsed=3252s  PASS  abstain_loss=0.0000  abstain_class_balance=0.000  abstain_head_acc=1.000
[real_seed_r2_1] pilot 1 step  38400  lr=2.08e-03  loss=0.7445  val_acc={1: 1.0, 2: 1.0, 3: 1.0}  elapsed=3260s  PASS  abstain_loss=0.0002  abstain_class_balance=0.000  abstain_head_acc=1.000
[real_seed_r2_1] pilot 1 step  38500  lr=2.08e-03  loss=0.8532  val_acc={1: 1.0, 2: 1.0, 3: 1.0}  elapsed=3268s  PASS  abstain_loss=0.0000  abstain_class_balance=0.000  abstain_head_acc=1.000
[real_seed_r2_1] pilot 1 step  38600  lr=2.07e-03  loss=0.8293  val_acc={1: 1.0, 2: 1.0, 3: 1.0}  elapsed=3277s  PASS  abstain_loss=0.0000  abstain_class_balance=0.000  abstain_head_acc=1.000
[real_seed_r2_1] pilot 1 step  38700  lr=2.07e-03  loss=0.7307  val_acc={1: 1.0, 2: 1.0, 3: 1.0}  elapsed=3286s  PASS  abstain_loss=0.0000  abstain_class_balance=0.000  abstain_head_acc=1.000
[real_seed_r2_1] pilot 1 step  38800  lr=2.07e-03  loss=0.8508  val_acc={1: 1.0, 2: 1.0, 3: 1.0}  elapsed=3295s  PASS  abstain_loss=0.0000  abstain_class_balance=0.000  abstain_head_acc=1.000
[real_seed_r2_1] pilot 1 step  38900  lr=2.06e-03  loss=0.8100  val_acc={1: 1.0, 2: 1.0, 3: 1.0}  elapsed=3304s  PASS  abstain_loss=0.0000  abstain_class_balance=0.000  abstain_head_acc=1.000
[real_seed_r2_1] pilot 1 step  39000  lr=2.06e-03  loss=0.7284  val_acc={1: 1.0, 2: 1.0, 3: 1.0}  elapsed=3312s  PASS  abstain_loss=0.0000  abstain_class_balance=0.000  abstain_head_acc=1.000
[real_seed_r2_1] pilot 1 step  39100  lr=2.05e-03  loss=0.8443  val_acc={1: 1.0, 2: 1.0, 3: 1.0}  elapsed=3320s  PASS  abstain_loss=0.0000  abstain_class_balance=0.000  abstain_head_acc=1.000
[real_seed_r2_1] pilot 1 step  39200  lr=2.05e-03  loss=0.8196  val_acc={1: 1.0, 2: 1.0, 3: 1.0}  elapsed=3327s  PASS  abstain_loss=0.0000  abstain_class_balance=0.000  abstain_head_acc=1.000
[real_seed_r2_1] pilot 1 step  39300  lr=2.05e-03  loss=0.7377  val_acc={1: 1.0, 2: 1.0, 3: 1.0}  elapsed=3335s  PASS  abstain_loss=0.0000  abstain_class_balance=0.000  abstain_head_acc=1.000
[real_seed_r2_1] pilot 1 step  39400  lr=2.04e-03  loss=0.8375  val_acc={1: 1.0, 2: 1.0, 3: 1.0}  elapsed=3343s  PASS  abstain_loss=0.0000  abstain_class_balance=0.000  abstain_head_acc=1.000
[real_seed_r2_1] pilot 1 step  39500  lr=2.04e-03  loss=0.8065  val_acc={1: 1.0, 2: 1.0, 3: 1.0}  elapsed=3354s  PASS  abstain_loss=0.0000  abstain_class_balance=0.000  abstain_head_acc=1.000
[real_seed_r2_1] pilot 1 step  39600  lr=2.03e-03  loss=0.7222  val_acc={1: 1.0, 2: 1.0, 3: 1.0}  elapsed=3365s  PASS  abstain_loss=0.0000  abstain_class_balance=0.000  abstain_head_acc=1.000
[real_seed_r2_1] pilot 1 step  39700  lr=2.03e-03  loss=0.8428  val_acc={1: 1.0, 2: 1.0, 3: 1.0}  elapsed=3373s  PASS  abstain_loss=0.0000  abstain_class_balance=0.000  abstain_head_acc=1.000
[real_seed_r2_1] pilot 1 step  39800  lr=2.02e-03  loss=0.8130  val_acc={1: 1.0, 2: 1.0, 3: 1.0}  elapsed=3381s  PASS  abstain_loss=0.0000  abstain_class_balance=0.000  abstain_head_acc=1.000
[real_seed_r2_1] pilot 1 step  39900  lr=2.02e-03  loss=0.7218  val_acc={1: 1.0, 2: 1.0, 3: 1.0}  elapsed=3389s  PASS  abstain_loss=0.0000  abstain_class_balance=0.000  abstain_head_acc=1.000
[real_seed_r2_1] pilot 1 step  40000  lr=2.02e-03  loss=0.8466  val_acc={1: 1.0, 2: 1.0, 3: 1.0}  elapsed=3397s  PASS  abstain_loss=0.0000  abstain_class_balance=0.000  abstain_head_acc=1.000
[real_seed_r2_1] pilot 1 step  40100  lr=2.01e-03  loss=0.8019  val_acc={1: 1.0, 2: 1.0, 3: 1.0}  elapsed=3405s  PASS  abstain_loss=0.0000  abstain_class_balance=0.000  abstain_head_acc=1.000
[real_seed_r2_1] pilot 1 step  40200  lr=2.01e-03  loss=0.7266  val_acc={1: 1.0, 2: 1.0, 3: 1.0}  elapsed=3414s  PASS  abstain_loss=0.0000  abstain_class_balance=0.000  abstain_head_acc=1.000
[real_seed_r2_1] pilot 1 step  40300  lr=2.00e-03  loss=0.8408  val_acc={1: 1.0, 2: 1.0, 3: 1.0}  elapsed=3423s  PASS  abstain_loss=0.0000  abstain_class_balance=0.000  abstain_head_acc=1.000
[real_seed_r2_1] pilot 1 step  40400  lr=2.00e-03  loss=0.8050  val_acc={1: 1.0, 2: 1.0, 3: 1.0}  elapsed=3431s  PASS  abstain_loss=0.0000  abstain_class_balance=0.000  abstain_head_acc=1.000
[real_seed_r2_1] pilot 1 step  40500  lr=1.99e-03  loss=0.7173  val_acc={1: 1.0, 2: 1.0, 3: 1.0}  elapsed=3440s  PASS  abstain_loss=0.0000  abstain_class_balance=0.000  abstain_head_acc=1.000
[real_seed_r2_1] pilot 1 step  40600  lr=1.99e-03  loss=0.8390  val_acc={1: 1.0, 2: 1.0, 3: 1.0}  elapsed=3448s  PASS  abstain_loss=0.0000  abstain_class_balance=0.000  abstain_head_acc=1.000
[real_seed_r2_1] pilot 1 step  40700  lr=1.99e-03  loss=0.8147  val_acc={1: 1.0, 2: 1.0, 3: 1.0}  elapsed=3456s  PASS  abstain_loss=0.0000  abstain_class_balance=0.000  abstain_head_acc=1.000
[real_seed_r2_1] pilot 1 step  40800  lr=1.98e-03  loss=0.7164  val_acc={1: 1.0, 2: 1.0, 3: 1.0}  elapsed=3465s  PASS  abstain_loss=0.0000  abstain_class_balance=0.000  abstain_head_acc=1.000
[real_seed_r2_1] pilot 1 step  40900  lr=1.98e-03  loss=0.8392  val_acc={1: 1.0, 2: 1.0, 3: 1.0}  elapsed=3473s  PASS  abstain_loss=0.0000  abstain_class_balance=0.000  abstain_head_acc=1.000
[real_seed_r2_1] pilot 1 step  41000  lr=1.97e-03  loss=0.8162  val_acc={1: 1.0, 2: 1.0, 3: 1.0}  elapsed=3481s  PASS  abstain_loss=0.0000  abstain_class_balance=0.000  abstain_head_acc=1.000
[real_seed_r2_1] pilot 1 step  41100  lr=1.97e-03  loss=0.7115  val_acc={1: 1.0, 2: 1.0, 3: 1.0}  elapsed=3488s  PASS  abstain_loss=0.0000  abstain_class_balance=0.000  abstain_head_acc=1.000
[real_seed_r2_1] pilot 1 step  41200  lr=1.96e-03  loss=0.8391  val_acc={1: 1.0, 2: 1.0, 3: 1.0}  elapsed=3499s  PASS  abstain_loss=0.0000  abstain_class_balance=0.000  abstain_head_acc=1.000
[real_seed_r2_1] pilot 1 step  41300  lr=1.96e-03  loss=0.8155  val_acc={1: 1.0, 2: 1.0, 3: 1.0}  elapsed=3510s  PASS  abstain_loss=0.0000  abstain_class_balance=0.000  abstain_head_acc=1.000
[real_seed_r2_1] pilot 1 step  41400  lr=1.95e-03  loss=0.7180  val_acc={1: 1.0, 2: 1.0, 3: 1.0}  elapsed=3522s  PASS  abstain_loss=0.0000  abstain_class_balance=0.000  abstain_head_acc=1.000
[real_seed_r2_1] pilot 1 step  41500  lr=1.95e-03  loss=0.8316  val_acc={1: 1.0, 2: 1.0, 3: 1.0}  elapsed=3534s  PASS  abstain_loss=0.0000  abstain_class_balance=0.000  abstain_head_acc=1.000
[real_seed_r2_1] pilot 1 step  41600  lr=1.95e-03  loss=0.8026  val_acc={1: 1.0, 2: 1.0, 3: 1.0}  elapsed=3541s  PASS  abstain_loss=0.0000  abstain_class_balance=0.000  abstain_head_acc=1.000
[real_seed_r2_1] pilot 1 step  41700  lr=1.94e-03  loss=0.7096  val_acc={1: 1.0, 2: 1.0, 3: 1.0}  elapsed=3550s  PASS  abstain_loss=0.0000  abstain_class_balance=0.000  abstain_head_acc=1.000
[real_seed_r2_1] pilot 1 step  41800  lr=1.94e-03  loss=0.8303  val_acc={1: 1.0, 2: 1.0, 3: 1.0}  elapsed=3558s  PASS  abstain_loss=0.0000  abstain_class_balance=0.000  abstain_head_acc=1.000
[real_seed_r2_1] pilot 1 step  41900  lr=1.93e-03  loss=0.7957  val_acc={1: 1.0, 2: 1.0, 3: 1.0}  elapsed=3567s  PASS  abstain_loss=0.0000  abstain_class_balance=0.000  abstain_head_acc=1.000
[real_seed_r2_1] pilot 1 step  42000  lr=1.93e-03  loss=0.7160  val_acc={1: 1.0, 2: 1.0, 3: 1.0}  elapsed=3575s  PASS  abstain_loss=0.0000  abstain_class_balance=0.000  abstain_head_acc=1.000
[real_seed_r2_1] pilot 1 step  42100  lr=1.92e-03  loss=0.8237  val_acc={1: 1.0, 2: 1.0, 3: 1.0}  elapsed=3584s  PASS  abstain_loss=0.0000  abstain_class_balance=0.000  abstain_head_acc=1.000
[real_seed_r2_1] pilot 1 step  42200  lr=1.92e-03  loss=0.8008  val_acc={1: 1.0, 2: 1.0, 3: 1.0}  elapsed=3591s  PASS  abstain_loss=0.0000  abstain_class_balance=0.000  abstain_head_acc=1.000
[real_seed_r2_1] pilot 1 step  42300  lr=1.92e-03  loss=0.7012  val_acc={1: 1.0, 2: 1.0, 3: 1.0}  elapsed=3599s  PASS  abstain_loss=0.0000  abstain_class_balance=0.000  abstain_head_acc=1.000
[real_seed_r2_1] pilot 1 step  42400  lr=1.91e-03  loss=0.8371  val_acc={1: 1.0, 2: 1.0, 3: 1.0}  elapsed=3607s  PASS  abstain_loss=0.0000  abstain_class_balance=0.000  abstain_head_acc=1.000
[real_seed_r2_1] pilot 1 step  42500  lr=1.91e-03  loss=0.8081  val_acc={1: 1.0, 2: 1.0, 3: 1.0}  elapsed=3615s  PASS  abstain_loss=0.0000  abstain_class_balance=0.000  abstain_head_acc=1.000
[real_seed_r2_1] pilot 1 step  42600  lr=1.90e-03  loss=0.7191  val_acc={1: 1.0, 2: 1.0, 3: 1.0}  elapsed=3625s  PASS  abstain_loss=0.0000  abstain_class_balance=0.000  abstain_head_acc=1.000
[real_seed_r2_1] pilot 1 step  42700  lr=1.90e-03  loss=0.8344  val_acc={1: 1.0, 2: 1.0, 3: 1.0}  elapsed=3633s  PASS  abstain_loss=0.0000  abstain_class_balance=0.000  abstain_head_acc=1.000
[real_seed_r2_1] pilot 1 step  42800  lr=1.89e-03  loss=0.7931  val_acc={1: 1.0, 2: 1.0, 3: 1.0}  elapsed=3640s  PASS  abstain_loss=0.0000  abstain_class_balance=0.000  abstain_head_acc=1.000
[real_seed_r2_1] pilot 1 step  42900  lr=1.89e-03  loss=0.7104  val_acc={1: 1.0, 2: 1.0, 3: 1.0}  elapsed=3649s  PASS  abstain_loss=0.0000  abstain_class_balance=0.000  abstain_head_acc=1.000
[real_seed_r2_1] pilot 1 step  43000  lr=1.88e-03  loss=0.8225  val_acc={1: 1.0, 2: 1.0, 3: 1.0}  elapsed=3657s  PASS  abstain_loss=0.0000  abstain_class_balance=0.000  abstain_head_acc=1.000
[real_seed_r2_1] pilot 1 step  43100  lr=1.88e-03  loss=0.7975  val_acc={1: 1.0, 2: 1.0, 3: 1.0}  elapsed=3665s  PASS  abstain_loss=0.0000  abstain_class_balance=0.000  abstain_head_acc=1.000
[real_seed_r2_1] pilot 1 step  43200  lr=1.88e-03  loss=0.7166  val_acc={1: 1.0, 2: 1.0, 3: 1.0}  elapsed=3674s  PASS  abstain_loss=0.0000  abstain_class_balance=0.000  abstain_head_acc=1.000
[real_seed_r2_1] pilot 1 step  43300  lr=1.87e-03  loss=0.8290  val_acc={1: 1.0, 2: 1.0, 3: 1.0}  elapsed=3686s  PASS  abstain_loss=0.0000  abstain_class_balance=0.000  abstain_head_acc=1.000
[real_seed_r2_1] pilot 1 step  43400  lr=1.87e-03  loss=0.8032  val_acc={1: 1.0, 2: 1.0, 3: 1.0}  elapsed=3694s  PASS  abstain_loss=0.0000  abstain_class_balance=0.000  abstain_head_acc=1.000
[real_seed_r2_1] pilot 1 step  43500  lr=1.86e-03  loss=0.7237  val_acc={1: 1.0, 2: 1.0, 3: 1.0}  elapsed=3702s  PASS  abstain_loss=0.0000  abstain_class_balance=0.000  abstain_head_acc=1.000
[real_seed_r2_1] pilot 1 step  43600  lr=1.86e-03  loss=0.8299  val_acc={1: 1.0, 2: 1.0, 3: 1.0}  elapsed=3710s  PASS  abstain_loss=0.0000  abstain_class_balance=0.000  abstain_head_acc=1.000
[real_seed_r2_1] pilot 1 step  43700  lr=1.85e-03  loss=0.7917  val_acc={1: 1.0, 2: 1.0, 3: 1.0}  elapsed=3719s  PASS  abstain_loss=0.0000  abstain_class_balance=0.000  abstain_head_acc=1.000
[real_seed_r2_1] pilot 1 step  43800  lr=1.85e-03  loss=0.7025  val_acc={1: 1.0, 2: 1.0, 3: 1.0}  elapsed=3728s  PASS  abstain_loss=0.0002  abstain_class_balance=0.000  abstain_head_acc=1.000
[real_seed_r2_1] pilot 1 step  43900  lr=1.84e-03  loss=0.8248  val_acc={1: 1.0, 2: 1.0, 3: 1.0}  elapsed=3736s  PASS  abstain_loss=0.0000  abstain_class_balance=0.000  abstain_head_acc=1.000
[real_seed_r2_1] pilot 1 step  44000  lr=1.84e-03  loss=0.7808  val_acc={1: 1.0, 2: 1.0, 3: 1.0}  elapsed=3744s  PASS  abstain_loss=0.0000  abstain_class_balance=0.000  abstain_head_acc=1.000
[real_seed_r2_1] pilot 1 step  44100  lr=1.84e-03  loss=0.7037  val_acc={1: 1.0, 2: 1.0, 3: 1.0}  elapsed=3754s  PASS  abstain_loss=0.0000  abstain_class_balance=0.000  abstain_head_acc=1.000
[real_seed_r2_1] pilot 1 step  44200  lr=1.83e-03  loss=0.8284  val_acc={1: 1.0, 2: 1.0, 3: 1.0}  elapsed=3763s  PASS  abstain_loss=0.0000  abstain_class_balance=0.000  abstain_head_acc=1.000
[real_seed_r2_1] pilot 1 step  44300  lr=1.83e-03  loss=0.8029  val_acc={1: 1.0, 2: 1.0, 3: 1.0}  elapsed=3771s  PASS  abstain_loss=0.0000  abstain_class_balance=0.000  abstain_head_acc=1.000
[real_seed_r2_1] pilot 1 step  44400  lr=1.82e-03  loss=0.7078  val_acc={1: 1.0, 2: 1.0, 3: 1.0}  elapsed=3779s  PASS  abstain_loss=0.0000  abstain_class_balance=0.000  abstain_head_acc=1.000
[real_seed_r2_1] pilot 1 step  44500  lr=1.82e-03  loss=0.8130  val_acc={1: 1.0, 2: 1.0, 3: 1.0}  elapsed=3787s  PASS  abstain_loss=0.0000  abstain_class_balance=0.000  abstain_head_acc=1.000
[real_seed_r2_1] pilot 1 step  44600  lr=1.81e-03  loss=0.7969  val_acc={1: 1.0, 2: 1.0, 3: 1.0}  elapsed=3795s  PASS  abstain_loss=0.0000  abstain_class_balance=0.000  abstain_head_acc=1.000
[real_seed_r2_1] pilot 1 step  44700  lr=1.81e-03  loss=0.6957  val_acc={1: 1.0, 2: 1.0, 3: 1.0}  elapsed=3804s  PASS  abstain_loss=0.0000  abstain_class_balance=0.000  abstain_head_acc=1.000
[real_seed_r2_1] pilot 1 step  44800  lr=1.80e-03  loss=0.8238  val_acc={1: 1.0, 2: 1.0, 3: 1.0}  elapsed=3812s  PASS  abstain_loss=0.0000  abstain_class_balance=0.000  abstain_head_acc=1.000
[real_seed_r2_1] pilot 1 step  44900  lr=1.80e-03  loss=0.7940  val_acc={1: 1.0, 2: 1.0, 3: 1.0}  elapsed=3822s  PASS  abstain_loss=0.0000  abstain_class_balance=0.000  abstain_head_acc=1.000
[real_seed_r2_1] pilot 1 step  45000  lr=1.80e-03  loss=0.7031  val_acc={1: 1.0, 2: 1.0, 3: 1.0}  elapsed=3834s  PASS  abstain_loss=0.0000  abstain_class_balance=0.000  abstain_head_acc=1.000
[real_seed_r2_1] pilot 1 step  45100  lr=1.79e-03  loss=0.8145  val_acc={1: 1.0, 2: 1.0, 3: 1.0}  elapsed=3842s  PASS  abstain_loss=0.0000  abstain_class_balance=0.000  abstain_head_acc=1.000
[real_seed_r2_1] pilot 1 step  45200  lr=1.79e-03  loss=0.7868  val_acc={1: 1.0, 2: 1.0, 3: 1.0}  elapsed=3851s  PASS  abstain_loss=0.0000  abstain_class_balance=0.000  abstain_head_acc=1.000
[real_seed_r2_1] pilot 1 step  45300  lr=1.78e-03  loss=0.7061  val_acc={1: 1.0, 2: 1.0, 3: 1.0}  elapsed=3860s  PASS  abstain_loss=0.0000  abstain_class_balance=0.000  abstain_head_acc=1.000
[real_seed_r2_1] pilot 1 step  45400  lr=1.78e-03  loss=0.8219  val_acc={1: 1.0, 2: 1.0, 3: 1.0}  elapsed=3868s  PASS  abstain_loss=0.0000  abstain_class_balance=0.000  abstain_head_acc=1.000
[real_seed_r2_1] pilot 1 step  45500  lr=1.77e-03  loss=0.7942  val_acc={1: 1.0, 2: 1.0, 3: 1.0}  elapsed=3876s  PASS  abstain_loss=0.0000  abstain_class_balance=0.000  abstain_head_acc=1.000
[real_seed_r2_1] pilot 1 step  45600  lr=1.77e-03  loss=0.7144  val_acc={1: 1.0, 2: 1.0, 3: 1.0}  elapsed=3885s  PASS  abstain_loss=0.0001  abstain_class_balance=0.000  abstain_head_acc=1.000
[real_seed_r2_1] pilot 1 step  45700  lr=1.76e-03  loss=0.8174  val_acc={1: 1.0, 2: 1.0, 3: 1.0}  elapsed=3894s  PASS  abstain_loss=0.0000  abstain_class_balance=0.000  abstain_head_acc=1.000
[real_seed_r2_1] pilot 1 step  45800  lr=1.76e-03  loss=0.7917  val_acc={1: 1.0, 2: 1.0, 3: 1.0}  elapsed=3902s  PASS  abstain_loss=0.0000  abstain_class_balance=0.000  abstain_head_acc=1.000
[real_seed_r2_1] pilot 1 step  45900  lr=1.76e-03  loss=0.6859  val_acc={1: 1.0, 2: 1.0, 3: 1.0}  elapsed=3909s  PASS  abstain_loss=0.0000  abstain_class_balance=0.000  abstain_head_acc=1.000
[real_seed_r2_1] pilot 1 step  46000  lr=1.75e-03  loss=0.8177  val_acc={1: 1.0, 2: 1.0, 3: 1.0}  elapsed=3917s  PASS  abstain_loss=0.0000  abstain_class_balance=0.000  abstain_head_acc=1.000
[real_seed_r2_1] pilot 1 step  46100  lr=1.75e-03  loss=0.7985  val_acc={1: 1.0, 2: 1.0, 3: 1.0}  elapsed=3924s  PASS  abstain_loss=0.0000  abstain_class_balance=0.000  abstain_head_acc=1.000
[real_seed_r2_1] pilot 1 step  46200  lr=1.74e-03  loss=0.7075  val_acc={1: 1.0, 2: 1.0, 3: 1.0}  elapsed=3932s  PASS  abstain_loss=0.0000  abstain_class_balance=0.000  abstain_head_acc=1.000
[real_seed_r2_1] pilot 1 step  46300  lr=1.74e-03  loss=0.8131  val_acc={1: 1.0, 2: 1.0, 3: 1.0}  elapsed=3941s  PASS  abstain_loss=0.0000  abstain_class_balance=0.000  abstain_head_acc=1.000
[real_seed_r2_1] pilot 1 step  46400  lr=1.73e-03  loss=0.8013  val_acc={1: 1.0, 2: 1.0, 3: 1.0}  elapsed=3949s  PASS  abstain_loss=0.0000  abstain_class_balance=0.000  abstain_head_acc=1.000
[real_seed_r2_1] pilot 1 step  46500  lr=1.73e-03  loss=0.7078  val_acc={1: 1.0, 2: 1.0, 3: 1.0}  elapsed=3957s  PASS  abstain_loss=0.0000  abstain_class_balance=0.000  abstain_head_acc=1.000
[real_seed_r2_1] pilot 1 step  46600  lr=1.72e-03  loss=0.8230  val_acc={1: 1.0, 2: 1.0, 3: 1.0}  elapsed=3966s  PASS  abstain_loss=0.0000  abstain_class_balance=0.000  abstain_head_acc=1.000
[real_seed_r2_1] pilot 1 step  46700  lr=1.72e-03  loss=0.7860  val_acc={1: 1.0, 2: 1.0, 3: 1.0}  elapsed=3974s  PASS  abstain_loss=0.0000  abstain_class_balance=0.000  abstain_head_acc=1.000
[real_seed_r2_1] pilot 1 step  46800  lr=1.71e-03  loss=0.6987  val_acc={1: 1.0, 2: 1.0, 3: 1.0}  elapsed=3983s  PASS  abstain_loss=0.0000  abstain_class_balance=0.000  abstain_head_acc=1.000
[real_seed_r2_1] pilot 1 step  46900  lr=1.71e-03  loss=0.8255  val_acc={1: 1.0, 2: 1.0, 3: 1.0}  elapsed=3991s  PASS  abstain_loss=0.0000  abstain_class_balance=0.000  abstain_head_acc=1.000
[real_seed_r2_1] pilot 1 step  47000  lr=1.71e-03  loss=0.7791  val_acc={1: 1.0, 2: 1.0, 3: 1.0}  elapsed=3999s  PASS  abstain_loss=0.0000  abstain_class_balance=0.000  abstain_head_acc=1.000
[real_seed_r2_1] pilot 1 step  47100  lr=1.70e-03  loss=0.7160  val_acc={1: 1.0, 2: 1.0, 3: 1.0}  elapsed=4007s  PASS  abstain_loss=0.0000  abstain_class_balance=0.000  abstain_head_acc=1.000
[real_seed_r2_1] pilot 1 step  47200  lr=1.70e-03  loss=0.8239  val_acc={1: 1.0, 2: 1.0, 3: 1.0}  elapsed=4015s  PASS  abstain_loss=0.0000  abstain_class_balance=0.000  abstain_head_acc=1.000
[real_seed_r2_1] pilot 1 step  47300  lr=1.69e-03  loss=0.7852  val_acc={1: 1.0, 2: 1.0, 3: 1.0}  elapsed=4024s  PASS  abstain_loss=0.0000  abstain_class_balance=0.000  abstain_head_acc=1.000
[real_seed_r2_1] pilot 1 step  47400  lr=1.69e-03  loss=0.7004  val_acc={1: 1.0, 2: 1.0, 3: 1.0}  elapsed=4032s  PASS  abstain_loss=0.0000  abstain_class_balance=0.000  abstain_head_acc=1.000
[real_seed_r2_1] pilot 1 step  47500  lr=1.68e-03  loss=0.8135  val_acc={1: 1.0, 2: 1.0, 3: 1.0}  elapsed=4043s  PASS  abstain_loss=0.0000  abstain_class_balance=0.000  abstain_head_acc=1.000
[real_seed_r2_1] pilot 1 step  47600  lr=1.68e-03  loss=0.7859  val_acc={1: 1.0, 2: 1.0, 3: 1.0}  elapsed=4050s  PASS  abstain_loss=0.0000  abstain_class_balance=0.000  abstain_head_acc=1.000
[real_seed_r2_1] pilot 1 step  47700  lr=1.67e-03  loss=0.6818  val_acc={1: 1.0, 2: 1.0, 3: 1.0}  elapsed=4058s  PASS  abstain_loss=0.0000  abstain_class_balance=0.000  abstain_head_acc=1.000
[real_seed_r2_1] pilot 1 step  47800  lr=1.67e-03  loss=0.8206  val_acc={1: 1.0, 2: 1.0, 3: 1.0}  elapsed=4066s  PASS  abstain_loss=0.0000  abstain_class_balance=0.000  abstain_head_acc=1.000
[real_seed_r2_1] pilot 1 step  47900  lr=1.67e-03  loss=0.7904  val_acc={1: 1.0, 2: 1.0, 3: 1.0}  elapsed=4075s  PASS  abstain_loss=0.0000  abstain_class_balance=0.000  abstain_head_acc=1.000
[real_seed_r2_1] pilot 1 step  48000  lr=1.66e-03  loss=0.6970  val_acc={1: 1.0, 2: 1.0, 3: 1.0}  elapsed=4083s  PASS  abstain_loss=0.0002  abstain_class_balance=0.000  abstain_head_acc=1.000
[real_seed_r2_1] pilot 1 step  48100  lr=1.66e-03  loss=0.8158  val_acc={1: 1.0, 2: 1.0, 3: 1.0}  elapsed=4091s  PASS  abstain_loss=0.0000  abstain_class_balance=0.000  abstain_head_acc=1.000
[real_seed_r2_1] pilot 1 step  48200  lr=1.65e-03  loss=0.7790  val_acc={1: 1.0, 2: 1.0, 3: 1.0}  elapsed=4098s  PASS  abstain_loss=0.0000  abstain_class_balance=0.000  abstain_head_acc=1.000
[real_seed_r2_1] pilot 1 step  48300  lr=1.65e-03  loss=0.6919  val_acc={1: 1.0, 2: 1.0, 3: 1.0}  elapsed=4106s  PASS  abstain_loss=0.0000  abstain_class_balance=0.000  abstain_head_acc=1.000
[real_seed_r2_1] pilot 1 step  48400  lr=1.64e-03  loss=0.8180  val_acc={1: 1.0, 2: 1.0, 3: 1.0}  elapsed=4114s  PASS  abstain_loss=0.0000  abstain_class_balance=0.000  abstain_head_acc=1.000
[real_seed_r2_1] pilot 1 step  48500  lr=1.64e-03  loss=0.7816  val_acc={1: 1.0, 2: 1.0, 3: 1.0}  elapsed=4123s  PASS  abstain_loss=0.0000  abstain_class_balance=0.000  abstain_head_acc=1.000
[real_seed_r2_1] pilot 1 step  48600  lr=1.63e-03  loss=0.7001  val_acc={1: 1.0, 2: 1.0, 3: 1.0}  elapsed=4130s  PASS  abstain_loss=0.0000  abstain_class_balance=0.000  abstain_head_acc=1.000
[real_seed_r2_1] pilot 1 step  48700  lr=1.63e-03  loss=0.8132  val_acc={1: 1.0, 2: 1.0, 3: 1.0}  elapsed=4139s  PASS  abstain_loss=0.0000  abstain_class_balance=0.000  abstain_head_acc=1.000
[real_seed_r2_1] pilot 1 step  48800  lr=1.62e-03  loss=0.7790  val_acc={1: 1.0, 2: 1.0, 3: 1.0}  elapsed=4147s  PASS  abstain_loss=0.0000  abstain_class_balance=0.000  abstain_head_acc=1.000
[real_seed_r2_1] pilot 1 step  48900  lr=1.62e-03  loss=0.6862  val_acc={1: 1.0, 2: 1.0, 3: 1.0}  elapsed=4155s  PASS  abstain_loss=0.0000  abstain_class_balance=0.000  abstain_head_acc=1.000
[real_seed_r2_1] pilot 1 step  49000  lr=1.62e-03  loss=0.8014  val_acc={1: 1.0, 2: 1.0, 3: 1.0}  elapsed=4164s  PASS  abstain_loss=0.0000  abstain_class_balance=0.000  abstain_head_acc=1.000
[real_seed_r2_1] pilot 1 step  49100  lr=1.61e-03  loss=0.7820  val_acc={1: 1.0, 2: 1.0, 3: 1.0}  elapsed=4172s  PASS  abstain_loss=0.0000  abstain_class_balance=0.000  abstain_head_acc=1.000
[real_seed_r2_1] pilot 1 step  49200  lr=1.61e-03  loss=0.7009  val_acc={1: 1.0, 2: 1.0, 3: 1.0}  elapsed=4180s  PASS  abstain_loss=0.0000  abstain_class_balance=0.000  abstain_head_acc=1.000
[real_seed_r2_1] pilot 1 step  49300  lr=1.60e-03  loss=0.8107  val_acc={1: 1.0, 2: 1.0, 3: 1.0}  elapsed=4190s  PASS  abstain_loss=0.0000  abstain_class_balance=0.000  abstain_head_acc=1.000
[real_seed_r2_1] pilot 1 step  49400  lr=1.60e-03  loss=0.7874  val_acc={1: 1.0, 2: 1.0, 3: 1.0}  elapsed=4202s  PASS  abstain_loss=0.0000  abstain_class_balance=0.000  abstain_head_acc=1.000
[real_seed_r2_1] pilot 1 step  49500  lr=1.59e-03  loss=0.6917  val_acc={1: 1.0, 2: 1.0, 3: 1.0}  elapsed=4211s  PASS  abstain_loss=0.0000  abstain_class_balance=0.000  abstain_head_acc=1.000
[real_seed_r2_1] pilot 1 step  49600  lr=1.59e-03  loss=0.8182  val_acc={1: 1.0, 2: 1.0, 3: 1.0}  elapsed=4220s  PASS  abstain_loss=0.0000  abstain_class_balance=0.000  abstain_head_acc=1.000
[real_seed_r2_1] pilot 1 step  49700  lr=1.58e-03  loss=0.7883  val_acc={1: 1.0, 2: 1.0, 3: 1.0}  elapsed=4228s  PASS  abstain_loss=0.0000  abstain_class_balance=0.000  abstain_head_acc=1.000
[real_seed_r2_1] pilot 1 step  49800  lr=1.58e-03  loss=0.6939  val_acc={1: 1.0, 2: 1.0, 3: 1.0}  elapsed=4236s  PASS  abstain_loss=0.0000  abstain_class_balance=0.000  abstain_head_acc=1.000
[real_seed_r2_1] pilot 1 step  49900  lr=1.57e-03  loss=0.8149  val_acc={1: 1.0, 2: 1.0, 3: 1.0}  elapsed=4244s  PASS  abstain_loss=0.0000  abstain_class_balance=0.000  abstain_head_acc=1.000
[real_seed_r2_1] pilot 1 step  50000  lr=1.57e-03  loss=0.7770  val_acc={1: 1.0, 2: 1.0, 3: 1.0}  elapsed=4251s  PASS  abstain_loss=0.0000  abstain_class_balance=0.000  abstain_head_acc=1.000
[real_seed_r2_1] pilot 1 step  50100  lr=1.57e-03  loss=0.6891  val_acc={1: 1.0, 2: 1.0, 3: 1.0}  elapsed=4261s  PASS  abstain_loss=0.0000  abstain_class_balance=0.000  abstain_head_acc=1.000
[real_seed_r2_1] pilot 1 step  50200  lr=1.56e-03  loss=0.8120  val_acc={1: 1.0, 2: 1.0, 3: 1.0}  elapsed=4268s  PASS  abstain_loss=0.0000  abstain_class_balance=0.000  abstain_head_acc=1.000
[real_seed_r2_1] pilot 1 step  50300  lr=1.56e-03  loss=0.7953  val_acc={1: 1.0, 2: 1.0, 3: 1.0}  elapsed=4276s  PASS  abstain_loss=0.0000  abstain_class_balance=0.000  abstain_head_acc=1.000
[real_seed_r2_1] pilot 1 step  50400  lr=1.55e-03  loss=0.6889  val_acc={1: 1.0, 2: 1.0, 3: 1.0}  elapsed=4284s  PASS  abstain_loss=0.0000  abstain_class_balance=0.000  abstain_head_acc=1.000
[real_seed_r2_1] pilot 1 step  50500  lr=1.55e-03  loss=0.8247  val_acc={1: 1.0, 2: 1.0, 3: 1.0}  elapsed=4293s  PASS  abstain_loss=0.0000  abstain_class_balance=0.000  abstain_head_acc=1.000
[real_seed_r2_1] pilot 1 step  50600  lr=1.54e-03  loss=0.7828  val_acc={1: 1.0, 2: 1.0, 3: 1.0}  elapsed=4301s  PASS  abstain_loss=0.0000  abstain_class_balance=0.000  abstain_head_acc=1.000
[real_seed_r2_1] pilot 1 step  50700  lr=1.54e-03  loss=0.6992  val_acc={1: 1.0, 2: 1.0, 3: 1.0}  elapsed=4310s  PASS  abstain_loss=0.0000  abstain_class_balance=0.000  abstain_head_acc=1.000
[real_seed_r2_1] pilot 1 step  50800  lr=1.53e-03  loss=0.8146  val_acc={1: 1.0, 2: 1.0, 3: 1.0}  elapsed=4317s  PASS  abstain_loss=0.0000  abstain_class_balance=0.000  abstain_head_acc=1.000
[real_seed_r2_1] pilot 1 step  50900  lr=1.53e-03  loss=0.7933  val_acc={1: 1.0, 2: 1.0, 3: 1.0}  elapsed=4324s  PASS  abstain_loss=0.0000  abstain_class_balance=0.000  abstain_head_acc=1.000
[real_seed_r2_1] pilot 1 step  51000  lr=1.52e-03  loss=0.7030  val_acc={1: 1.0, 2: 1.0, 3: 1.0}  elapsed=4332s  PASS  abstain_loss=0.0000  abstain_class_balance=0.000  abstain_head_acc=1.000
[real_seed_r2_1] pilot 1 step  51100  lr=1.52e-03  loss=0.8116  val_acc={1: 1.0, 2: 1.0, 3: 1.0}  elapsed=4344s  PASS  abstain_loss=0.0000  abstain_class_balance=0.000  abstain_head_acc=1.000
[real_seed_r2_1] pilot 1 step  51200  lr=1.52e-03  loss=0.7804  val_acc={1: 1.0, 2: 1.0, 3: 1.0}  elapsed=4352s  PASS  abstain_loss=0.0000  abstain_class_balance=0.000  abstain_head_acc=1.000
[real_seed_r2_1] pilot 1 step  51300  lr=1.51e-03  loss=0.6959  val_acc={1: 1.0, 2: 1.0, 3: 1.0}  elapsed=4361s  PASS  abstain_loss=0.0000  abstain_class_balance=0.000  abstain_head_acc=1.000
[real_seed_r2_1] pilot 1 step  51400  lr=1.51e-03  loss=0.8151  val_acc={1: 1.0, 2: 1.0, 3: 1.0}  elapsed=4370s  PASS  abstain_loss=0.0000  abstain_class_balance=0.000  abstain_head_acc=1.000
[real_seed_r2_1] pilot 1 step  51500  lr=1.50e-03  loss=0.7845  val_acc={1: 1.0, 2: 1.0, 3: 1.0}  elapsed=4379s  PASS  abstain_loss=0.0000  abstain_class_balance=0.000  abstain_head_acc=1.000
[real_seed_r2_1] pilot 1 step  51600  lr=1.50e-03  loss=0.6909  val_acc={1: 1.0, 2: 1.0, 3: 1.0}  elapsed=4388s  PASS  abstain_loss=0.0000  abstain_class_balance=0.000  abstain_head_acc=1.000
[real_seed_r2_1] pilot 1 step  51700  lr=1.49e-03  loss=0.8090  val_acc={1: 1.0, 2: 1.0, 3: 1.0}  elapsed=4395s  PASS  abstain_loss=0.0000  abstain_class_balance=0.000  abstain_head_acc=1.000
[real_seed_r2_1] pilot 1 step  51800  lr=1.49e-03  loss=0.7894  val_acc={1: 1.0, 2: 1.0, 3: 1.0}  elapsed=4404s  PASS  abstain_loss=0.0000  abstain_class_balance=0.000  abstain_head_acc=1.000
[real_seed_r2_1] pilot 1 step  51900  lr=1.48e-03  loss=0.6863  val_acc={1: 1.0, 2: 1.0, 3: 1.0}  elapsed=4411s  PASS  abstain_loss=0.0000  abstain_class_balance=0.000  abstain_head_acc=1.000
[real_seed_r2_1] pilot 1 step  52000  lr=1.48e-03  loss=0.8094  val_acc={1: 1.0, 2: 1.0, 3: 1.0}  elapsed=4419s  PASS  abstain_loss=0.0000  abstain_class_balance=0.000  abstain_head_acc=1.000
[real_seed_r2_1] pilot 1 step  52100  lr=1.47e-03  loss=0.7824  val_acc={1: 1.0, 2: 1.0, 3: 1.0}  elapsed=4428s  PASS  abstain_loss=0.0000  abstain_class_balance=0.000  abstain_head_acc=1.000
[real_seed_r2_1] pilot 1 step  52200  lr=1.47e-03  loss=0.6935  val_acc={1: 1.0, 2: 1.0, 3: 1.0}  elapsed=4436s  PASS  abstain_loss=0.0000  abstain_class_balance=0.000  abstain_head_acc=1.000
[real_seed_r2_1] pilot 1 step  52300  lr=1.46e-03  loss=0.8057  val_acc={1: 1.0, 2: 1.0, 3: 1.0}  elapsed=4444s  PASS  abstain_loss=0.0000  abstain_class_balance=0.000  abstain_head_acc=1.000
[real_seed_r2_1] pilot 1 step  52400  lr=1.46e-03  loss=0.7726  val_acc={1: 1.0, 2: 1.0, 3: 1.0}  elapsed=4452s  PASS  abstain_loss=0.0000  abstain_class_balance=0.000  abstain_head_acc=1.000
[real_seed_r2_1] pilot 1 step  52500  lr=1.46e-03  loss=0.6899  val_acc={1: 1.0, 2: 1.0, 3: 1.0}  elapsed=4461s  PASS  abstain_loss=0.0000  abstain_class_balance=0.000  abstain_head_acc=1.000
[real_seed_r2_1] pilot 1 step  52600  lr=1.45e-03  loss=0.8036  val_acc={1: 1.0, 2: 1.0, 3: 1.0}  elapsed=4469s  PASS  abstain_loss=0.0000  abstain_class_balance=0.000  abstain_head_acc=1.000
[real_seed_r2_1] pilot 1 step  52700  lr=1.45e-03  loss=0.7796  val_acc={1: 1.0, 2: 1.0, 3: 1.0}  elapsed=4478s  PASS  abstain_loss=0.0000  abstain_class_balance=0.000  abstain_head_acc=1.000
[real_seed_r2_1] pilot 1 step  52800  lr=1.44e-03  loss=0.6955  val_acc={1: 1.0, 2: 1.0, 3: 1.0}  elapsed=4485s  PASS  abstain_loss=0.0000  abstain_class_balance=0.000  abstain_head_acc=1.000
[real_seed_r2_1] pilot 1 step  52900  lr=1.44e-03  loss=0.8077  val_acc={1: 1.0, 2: 1.0, 3: 1.0}  elapsed=4494s  PASS  abstain_loss=0.0000  abstain_class_balance=0.000  abstain_head_acc=1.000
[real_seed_r2_1] pilot 1 step  53000  lr=1.43e-03  loss=0.7775  val_acc={1: 1.0, 2: 1.0, 3: 1.0}  elapsed=4504s  PASS  abstain_loss=0.0000  abstain_class_balance=0.000  abstain_head_acc=1.000
[real_seed_r2_1] pilot 1 step  53100  lr=1.43e-03  loss=0.6908  val_acc={1: 1.0, 2: 1.0, 3: 1.0}  elapsed=4512s  PASS  abstain_loss=0.0000  abstain_class_balance=0.000  abstain_head_acc=1.000
[real_seed_r2_1] pilot 1 step  53200  lr=1.42e-03  loss=0.8095  val_acc={1: 1.0, 2: 1.0, 3: 1.0}  elapsed=4520s  PASS  abstain_loss=0.0000  abstain_class_balance=0.000  abstain_head_acc=1.000
[real_seed_r2_1] pilot 1 step  53300  lr=1.42e-03  loss=0.7800  val_acc={1: 1.0, 2: 1.0, 3: 1.0}  elapsed=4529s  PASS  abstain_loss=0.0000  abstain_class_balance=0.000  abstain_head_acc=1.000
[real_seed_r2_1] pilot 1 step  53400  lr=1.41e-03  loss=0.6864  val_acc={1: 1.0, 2: 1.0, 3: 1.0}  elapsed=4537s  PASS  abstain_loss=0.0000  abstain_class_balance=0.000  abstain_head_acc=1.000
[real_seed_r2_1] pilot 1 step  53500  lr=1.41e-03  loss=0.8105  val_acc={1: 1.0, 2: 1.0, 3: 1.0}  elapsed=4545s  PASS  abstain_loss=0.0000  abstain_class_balance=0.000  abstain_head_acc=1.000
[real_seed_r2_1] pilot 1 step  53600  lr=1.41e-03  loss=0.7805  val_acc={1: 1.0, 2: 1.0, 3: 1.0}  elapsed=4554s  PASS  abstain_loss=0.0000  abstain_class_balance=0.000  abstain_head_acc=1.000
[real_seed_r2_1] pilot 1 step  53700  lr=1.40e-03  loss=0.7033  val_acc={1: 1.0, 2: 1.0, 3: 1.0}  elapsed=4561s  PASS  abstain_loss=0.0000  abstain_class_balance=0.000  abstain_head_acc=1.000
[real_seed_r2_1] pilot 1 step  53800  lr=1.40e-03  loss=0.8129  val_acc={1: 1.0, 2: 1.0, 3: 1.0}  elapsed=4569s  PASS  abstain_loss=0.0000  abstain_class_balance=0.000  abstain_head_acc=1.000
[real_seed_r2_1] pilot 1 step  53900  lr=1.39e-03  loss=0.7813  val_acc={1: 1.0, 2: 1.0, 3: 1.0}  elapsed=4576s  PASS  abstain_loss=0.0000  abstain_class_balance=0.000  abstain_head_acc=1.000
[real_seed_r2_1] pilot 1 step  54000  lr=1.39e-03  loss=0.6947  val_acc={1: 1.0, 2: 1.0, 3: 1.0}  elapsed=4584s  PASS  abstain_loss=0.0000  abstain_class_balance=0.000  abstain_head_acc=1.000
[real_seed_r2_1] pilot 1 step  54100  lr=1.38e-03  loss=0.8085  val_acc={1: 1.0, 2: 1.0, 3: 1.0}  elapsed=4593s  PASS  abstain_loss=0.0000  abstain_class_balance=0.000  abstain_head_acc=1.000
[real_seed_r2_1] pilot 1 step  54200  lr=1.38e-03  loss=0.7767  val_acc={1: 1.0, 2: 1.0, 3: 1.0}  elapsed=4601s  PASS  abstain_loss=0.0000  abstain_class_balance=0.000  abstain_head_acc=1.000
[real_seed_r2_1] pilot 1 step  54300  lr=1.37e-03  loss=0.6977  val_acc={1: 1.0, 2: 1.0, 3: 1.0}  elapsed=4610s  PASS  abstain_loss=0.0000  abstain_class_balance=0.000  abstain_head_acc=1.000
[real_seed_r2_1] pilot 1 step  54400  lr=1.37e-03  loss=0.8122  val_acc={1: 1.0, 2: 1.0, 3: 1.0}  elapsed=4618s  PASS  abstain_loss=0.0000  abstain_class_balance=0.000  abstain_head_acc=1.000
[real_seed_r2_1] pilot 1 step  54500  lr=1.36e-03  loss=0.7711  val_acc={1: 1.0, 2: 1.0, 3: 1.0}  elapsed=4627s  PASS  abstain_loss=0.0000  abstain_class_balance=0.000  abstain_head_acc=1.000
[real_seed_r2_1] pilot 1 step  54600  lr=1.36e-03  loss=0.6850  val_acc={1: 1.0, 2: 1.0, 3: 1.0}  elapsed=4636s  PASS  abstain_loss=0.0000  abstain_class_balance=0.000  abstain_head_acc=1.000
[real_seed_r2_1] pilot 1 step  54700  lr=1.36e-03  loss=0.7997  val_acc={1: 1.0, 2: 1.0, 3: 1.0}  elapsed=4644s  PASS  abstain_loss=0.0000  abstain_class_balance=0.000  abstain_head_acc=1.000
[real_seed_r2_1] pilot 1 step  54800  lr=1.35e-03  loss=0.7834  val_acc={1: 1.0, 2: 1.0, 3: 1.0}  elapsed=4652s  PASS  abstain_loss=0.0000  abstain_class_balance=0.000  abstain_head_acc=1.000
[real_seed_r2_1] pilot 1 step  54900  lr=1.35e-03  loss=0.6860  val_acc={1: 1.0, 2: 1.0, 3: 1.0}  elapsed=4660s  PASS  abstain_loss=0.0000  abstain_class_balance=0.000  abstain_head_acc=1.000
[real_seed_r2_1] pilot 1 step  55000  lr=1.34e-03  loss=0.7998  val_acc={1: 1.0, 2: 1.0, 3: 1.0}  elapsed=4668s  PASS  abstain_loss=0.0000  abstain_class_balance=0.000  abstain_head_acc=1.000
[real_seed_r2_1] pilot 1 step  55100  lr=1.34e-03  loss=0.7863  val_acc={1: 1.0, 2: 1.0, 3: 1.0}  elapsed=4676s  PASS  abstain_loss=0.0000  abstain_class_balance=0.000  abstain_head_acc=1.000
[real_seed_r2_1] pilot 1 step  55200  lr=1.33e-03  loss=0.7157  val_acc={1: 1.0, 2: 1.0, 3: 1.0}  elapsed=4685s  PASS  abstain_loss=0.0257  abstain_class_balance=0.000  abstain_head_acc=0.984
[real_seed_r2_1] pilot 1 step  55300  lr=1.33e-03  loss=0.8018  val_acc={1: 1.0, 2: 1.0, 3: 1.0}  elapsed=4695s  PASS  abstain_loss=0.0000  abstain_class_balance=0.000  abstain_head_acc=1.000
[real_seed_r2_1] pilot 1 step  55400  lr=1.32e-03  loss=0.7733  val_acc={1: 1.0, 2: 1.0, 3: 1.0}  elapsed=4703s  PASS  abstain_loss=0.0000  abstain_class_balance=0.000  abstain_head_acc=1.000
[real_seed_r2_1] pilot 1 step  55500  lr=1.32e-03  loss=0.6818  val_acc={1: 1.0, 2: 1.0, 3: 1.0}  elapsed=4711s  PASS  abstain_loss=0.0000  abstain_class_balance=0.000  abstain_head_acc=1.000
[real_seed_r2_1] pilot 1 step  55600  lr=1.32e-03  loss=0.7979  val_acc={1: 1.0, 2: 1.0, 3: 1.0}  elapsed=4718s  PASS  abstain_loss=0.0000  abstain_class_balance=0.000  abstain_head_acc=1.000
[real_seed_r2_1] pilot 1 step  55700  lr=1.31e-03  loss=0.7769  val_acc={1: 1.0, 2: 1.0, 3: 1.0}  elapsed=4731s  PASS  abstain_loss=0.0000  abstain_class_balance=0.000  abstain_head_acc=1.000
[real_seed_r2_1] pilot 1 step  55800  lr=1.31e-03  loss=0.6930  val_acc={1: 1.0, 2: 1.0, 3: 1.0}  elapsed=4739s  PASS  abstain_loss=0.0000  abstain_class_balance=0.000  abstain_head_acc=1.000
[real_seed_r2_1] pilot 1 step  55900  lr=1.30e-03  loss=0.8018  val_acc={1: 1.0, 2: 1.0, 3: 1.0}  elapsed=4747s  PASS  abstain_loss=0.0000  abstain_class_balance=0.000  abstain_head_acc=1.000
[real_seed_r2_1] pilot 1 step  56000  lr=1.30e-03  loss=0.7779  val_acc={1: 1.0, 2: 1.0, 3: 1.0}  elapsed=4757s  PASS  abstain_loss=0.0000  abstain_class_balance=0.000  abstain_head_acc=1.000
[real_seed_r2_1] pilot 1 step  56100  lr=1.29e-03  loss=0.6871  val_acc={1: 1.0, 2: 1.0, 3: 1.0}  elapsed=4765s  PASS  abstain_loss=0.0000  abstain_class_balance=0.000  abstain_head_acc=1.000
[real_seed_r2_1] pilot 1 step  56200  lr=1.29e-03  loss=0.8121  val_acc={1: 1.0, 2: 1.0, 3: 1.0}  elapsed=4774s  PASS  abstain_loss=0.0000  abstain_class_balance=0.000  abstain_head_acc=1.000
[real_seed_r2_1] pilot 1 step  56300  lr=1.28e-03  loss=0.7707  val_acc={1: 1.0, 2: 1.0, 3: 1.0}  elapsed=4783s  PASS  abstain_loss=0.0000  abstain_class_balance=0.000  abstain_head_acc=1.000
[real_seed_r2_1] pilot 1 step  56400  lr=1.28e-03  loss=0.6911  val_acc={1: 1.0, 2: 1.0, 3: 1.0}  elapsed=4791s  PASS  abstain_loss=0.0001  abstain_class_balance=0.000  abstain_head_acc=1.000
[real_seed_r2_1] pilot 1 step  56500  lr=1.27e-03  loss=0.8133  val_acc={1: 1.0, 2: 1.0, 3: 1.0}  elapsed=4799s  PASS  abstain_loss=0.0000  abstain_class_balance=0.000  abstain_head_acc=1.000
[real_seed_r2_1] pilot 1 step  56600  lr=1.27e-03  loss=0.7922  val_acc={1: 1.0, 2: 1.0, 3: 1.0}  elapsed=4808s  PASS  abstain_loss=0.0000  abstain_class_balance=0.000  abstain_head_acc=1.000
[real_seed_r2_1] pilot 1 step  56700  lr=1.27e-03  loss=0.6941  val_acc={1: 1.0, 2: 1.0, 3: 1.0}  elapsed=4816s  PASS  abstain_loss=0.0000  abstain_class_balance=0.000  abstain_head_acc=1.000
[real_seed_r2_1] pilot 1 step  56800  lr=1.26e-03  loss=0.8278  val_acc={1: 1.0, 2: 1.0, 3: 1.0}  elapsed=4823s  PASS  abstain_loss=0.0000  abstain_class_balance=0.000  abstain_head_acc=1.000
[real_seed_r2_1] pilot 1 step  56900  lr=1.26e-03  loss=0.7885  val_acc={1: 1.0, 2: 1.0, 3: 1.0}  elapsed=4832s  PASS  abstain_loss=0.0000  abstain_class_balance=0.000  abstain_head_acc=1.000
[real_seed_r2_1] pilot 1 step  57000  lr=1.25e-03  loss=0.7000  val_acc={1: 1.0, 2: 1.0, 3: 1.0}  elapsed=4841s  PASS  abstain_loss=0.0000  abstain_class_balance=0.000  abstain_head_acc=1.000
[real_seed_r2_1] pilot 1 step  57100  lr=1.25e-03  loss=0.8175  val_acc={1: 1.0, 2: 1.0, 3: 1.0}  elapsed=4849s  PASS  abstain_loss=0.0000  abstain_class_balance=0.000  abstain_head_acc=1.000
[real_seed_r2_1] pilot 1 step  57200  lr=1.24e-03  loss=0.7756  val_acc={1: 1.0, 2: 1.0, 3: 1.0}  elapsed=4857s  PASS  abstain_loss=0.0000  abstain_class_balance=0.000  abstain_head_acc=1.000
[real_seed_r2_1] pilot 1 step  57300  lr=1.24e-03  loss=0.6991  val_acc={1: 1.0, 2: 1.0, 3: 1.0}  elapsed=4866s  PASS  abstain_loss=0.0001  abstain_class_balance=0.000  abstain_head_acc=1.000
[real_seed_r2_1] pilot 1 step  57400  lr=1.23e-03  loss=0.8167  val_acc={1: 1.0, 2: 1.0, 3: 1.0}  elapsed=4875s  PASS  abstain_loss=0.0000  abstain_class_balance=0.000  abstain_head_acc=1.000
[real_seed_r2_1] pilot 1 step  57500  lr=1.23e-03  loss=0.7808  val_acc={1: 1.0, 2: 1.0, 3: 1.0}  elapsed=4884s  PASS  abstain_loss=0.0000  abstain_class_balance=0.000  abstain_head_acc=1.000
[real_seed_r2_1] pilot 1 step  57600  lr=1.23e-03  loss=0.6940  val_acc={1: 1.0, 2: 1.0, 3: 1.0}  elapsed=4892s  PASS  abstain_loss=0.0000  abstain_class_balance=0.000  abstain_head_acc=1.000
[real_seed_r2_1] pilot 1 step  57700  lr=1.22e-03  loss=0.8090  val_acc={1: 1.0, 2: 1.0, 3: 1.0}  elapsed=4901s  PASS  abstain_loss=0.0000  abstain_class_balance=0.000  abstain_head_acc=1.000
[real_seed_r2_1] pilot 1 step  57800  lr=1.22e-03  loss=0.7727  val_acc={1: 1.0, 2: 1.0, 3: 1.0}  elapsed=4910s  PASS  abstain_loss=0.0000  abstain_class_balance=0.000  abstain_head_acc=1.000
[real_seed_r2_1] pilot 1 step  57900  lr=1.21e-03  loss=0.6913  val_acc={1: 1.0, 2: 1.0, 3: 1.0}  elapsed=4919s  PASS  abstain_loss=0.0000  abstain_class_balance=0.000  abstain_head_acc=1.000
[real_seed_r2_1] pilot 1 step  58000  lr=1.21e-03  loss=0.8069  val_acc={1: 1.0, 2: 1.0, 3: 1.0}  elapsed=4929s  PASS  abstain_loss=0.0000  abstain_class_balance=0.000  abstain_head_acc=1.000
[real_seed_r2_1] pilot 1 step  58100  lr=1.20e-03  loss=0.7798  val_acc={1: 1.0, 2: 1.0, 3: 1.0}  elapsed=4937s  PASS  abstain_loss=0.0000  abstain_class_balance=0.000  abstain_head_acc=1.000
[real_seed_r2_1] pilot 1 step  58200  lr=1.20e-03  loss=0.6962  val_acc={1: 1.0, 2: 1.0, 3: 1.0}  elapsed=4946s  PASS  abstain_loss=0.0000  abstain_class_balance=0.000  abstain_head_acc=1.000
[real_seed_r2_1] pilot 1 step  58300  lr=1.19e-03  loss=0.8114  val_acc={1: 1.0, 2: 1.0, 3: 1.0}  elapsed=4954s  PASS  abstain_loss=0.0000  abstain_class_balance=0.000  abstain_head_acc=1.000
[real_seed_r2_1] pilot 1 step  58400  lr=1.19e-03  loss=0.7852  val_acc={1: 1.0, 2: 1.0, 3: 1.0}  elapsed=4962s  PASS  abstain_loss=0.0000  abstain_class_balance=0.000  abstain_head_acc=1.000
[real_seed_r2_1] pilot 1 step  58500  lr=1.19e-03  loss=0.6890  val_acc={1: 1.0, 2: 1.0, 3: 1.0}  elapsed=4971s  PASS  abstain_loss=0.0000  abstain_class_balance=0.000  abstain_head_acc=1.000
[real_seed_r2_1] pilot 1 step  58600  lr=1.18e-03  loss=0.8210  val_acc={1: 1.0, 2: 1.0, 3: 1.0}  elapsed=4980s  PASS  abstain_loss=0.0000  abstain_class_balance=0.000  abstain_head_acc=1.000
[real_seed_r2_1] pilot 1 step  58700  lr=1.18e-03  loss=0.7706  val_acc={1: 1.0, 2: 1.0, 3: 1.0}  elapsed=4989s  PASS  abstain_loss=0.0000  abstain_class_balance=0.000  abstain_head_acc=1.000
[real_seed_r2_1] pilot 1 step  58800  lr=1.17e-03  loss=0.6951  val_acc={1: 1.0, 2: 1.0, 3: 1.0}  elapsed=4997s  PASS  abstain_loss=0.0000  abstain_class_balance=0.000  abstain_head_acc=1.000
[real_seed_r2_1] pilot 1 step  58900  lr=1.17e-03  loss=0.8238  val_acc={1: 1.0, 2: 1.0, 3: 1.0}  elapsed=5007s  PASS  abstain_loss=0.0000  abstain_class_balance=0.000  abstain_head_acc=1.000
[real_seed_r2_1] pilot 1 step  59000  lr=1.16e-03  loss=0.7774  val_acc={1: 1.0, 2: 1.0, 3: 1.0}  elapsed=5015s  PASS  abstain_loss=0.0000  abstain_class_balance=0.000  abstain_head_acc=1.000
[real_seed_r2_1] pilot 1 step  59100  lr=1.16e-03  loss=0.6797  val_acc={1: 1.0, 2: 1.0, 3: 1.0}  elapsed=5024s  PASS  abstain_loss=0.0000  abstain_class_balance=0.000  abstain_head_acc=1.000
[real_seed_r2_1] pilot 1 step  59200  lr=1.15e-03  loss=0.8094  val_acc={1: 1.0, 2: 1.0, 3: 1.0}  elapsed=5032s  PASS  abstain_loss=0.0000  abstain_class_balance=0.000  abstain_head_acc=1.000
[real_seed_r2_1] pilot 1 step  59300  lr=1.15e-03  loss=0.7909  val_acc={1: 1.0, 2: 1.0, 3: 1.0}  elapsed=5041s  PASS  abstain_loss=0.0000  abstain_class_balance=0.000  abstain_head_acc=1.000
[real_seed_r2_1] pilot 1 step  59400  lr=1.15e-03  loss=0.6949  val_acc={1: 1.0, 2: 1.0, 3: 1.0}  elapsed=5049s  PASS  abstain_loss=0.0000  abstain_class_balance=0.000  abstain_head_acc=1.000
[real_seed_r2_1] pilot 1 step  59500  lr=1.14e-03  loss=0.8067  val_acc={1: 1.0, 2: 1.0, 3: 1.0}  elapsed=5058s  PASS  abstain_loss=0.0000  abstain_class_balance=0.000  abstain_head_acc=1.000
[real_seed_r2_1] pilot 1 step  59600  lr=1.14e-03  loss=0.7957  val_acc={1: 1.0, 2: 1.0, 3: 1.0}  elapsed=5066s  PASS  abstain_loss=0.0000  abstain_class_balance=0.000  abstain_head_acc=1.000
[real_seed_r2_1] pilot 1 step  59700  lr=1.13e-03  loss=0.6896  val_acc={1: 1.0, 2: 1.0, 3: 1.0}  elapsed=5074s  PASS  abstain_loss=0.0000  abstain_class_balance=0.000  abstain_head_acc=1.000
[real_seed_r2_1] pilot 1 step  59800  lr=1.13e-03  loss=0.8091  val_acc={1: 1.0, 2: 1.0, 3: 1.0}  elapsed=5081s  PASS  abstain_loss=0.0000  abstain_class_balance=0.000  abstain_head_acc=1.000
[real_seed_r2_1] pilot 1 step  59900  lr=1.12e-03  loss=0.7853  val_acc={1: 1.0, 2: 1.0, 3: 1.0}  elapsed=5089s  PASS  abstain_loss=0.0000  abstain_class_balance=0.000  abstain_head_acc=1.000
[real_seed_r2_1] pilot 1 step  60000  lr=1.12e-03  loss=0.7003  val_acc={1: 1.0, 2: 1.0, 3: 1.0}  elapsed=5098s  PASS  abstain_loss=0.0000  abstain_class_balance=0.000  abstain_head_acc=1.000
[real_seed_r2_1] pilot 1 step  60100  lr=1.11e-03  loss=0.8159  val_acc={1: 1.0, 2: 1.0, 3: 1.0}  elapsed=5105s  PASS  abstain_loss=0.0000  abstain_class_balance=0.000  abstain_head_acc=1.000
[real_seed_r2_1] pilot 1 step  60200  lr=1.11e-03  loss=0.7975  val_acc={1: 1.0, 2: 1.0, 3: 1.0}  elapsed=5114s  PASS  abstain_loss=0.0000  abstain_class_balance=0.000  abstain_head_acc=1.000
[real_seed_r2_1] pilot 1 step  60300  lr=1.11e-03  loss=0.7062  val_acc={1: 1.0, 2: 1.0, 3: 1.0}  elapsed=5122s  PASS  abstain_loss=0.0000  abstain_class_balance=0.000  abstain_head_acc=1.000
[real_seed_r2_1] pilot 1 step  60400  lr=1.10e-03  loss=0.8112  val_acc={1: 1.0, 2: 1.0, 3: 1.0}  elapsed=5131s  PASS  abstain_loss=0.0000  abstain_class_balance=0.000  abstain_head_acc=1.000
[real_seed_r2_1] pilot 1 step  60500  lr=1.10e-03  loss=0.7926  val_acc={1: 1.0, 2: 1.0, 3: 1.0}  elapsed=5138s  PASS  abstain_loss=0.0000  abstain_class_balance=0.000  abstain_head_acc=1.000
[real_seed_r2_1] pilot 1 step  60600  lr=1.09e-03  loss=0.6982  val_acc={1: 1.0, 2: 1.0, 3: 1.0}  elapsed=5147s  PASS  abstain_loss=0.0000  abstain_class_balance=0.000  abstain_head_acc=1.000
[real_seed_r2_1] pilot 1 step  60700  lr=1.09e-03  loss=0.8215  val_acc={1: 1.0, 2: 1.0, 3: 1.0}  elapsed=5155s  PASS  abstain_loss=0.0000  abstain_class_balance=0.000  abstain_head_acc=1.000
[real_seed_r2_1] pilot 1 step  60800  lr=1.08e-03  loss=0.7770  val_acc={1: 1.0, 2: 1.0, 3: 1.0}  elapsed=5163s  PASS  abstain_loss=0.0000  abstain_class_balance=0.000  abstain_head_acc=1.000
[real_seed_r2_1] pilot 1 step  60900  lr=1.08e-03  loss=0.6819  val_acc={1: 1.0, 2: 1.0, 3: 1.0}  elapsed=5171s  PASS  abstain_loss=0.0000  abstain_class_balance=0.000  abstain_head_acc=1.000
[real_seed_r2_1] pilot 1 step  61000  lr=1.08e-03  loss=0.8078  val_acc={1: 1.0, 2: 1.0, 3: 1.0}  elapsed=5180s  PASS  abstain_loss=0.0000  abstain_class_balance=0.000  abstain_head_acc=1.000
[real_seed_r2_1] pilot 1 step  61100  lr=1.07e-03  loss=0.7859  val_acc={1: 1.0, 2: 1.0, 3: 1.0}  elapsed=5188s  PASS  abstain_loss=0.0000  abstain_class_balance=0.000  abstain_head_acc=1.000
[real_seed_r2_1] pilot 1 step  61200  lr=1.07e-03  loss=0.6966  val_acc={1: 1.0, 2: 1.0, 3: 1.0}  elapsed=5196s  PASS  abstain_loss=0.0001  abstain_class_balance=0.000  abstain_head_acc=1.000
[real_seed_r2_1] pilot 1 step  61300  lr=1.06e-03  loss=0.8189  val_acc={1: 1.0, 2: 1.0, 3: 1.0}  elapsed=5205s  PASS  abstain_loss=0.0000  abstain_class_balance=0.000  abstain_head_acc=1.000
[real_seed_r2_1] pilot 1 step  61400  lr=1.06e-03  loss=0.7735  val_acc={1: 1.0, 2: 1.0, 3: 1.0}  elapsed=5213s  PASS  abstain_loss=0.0000  abstain_class_balance=0.000  abstain_head_acc=1.000
[real_seed_r2_1] pilot 1 step  61500  lr=1.05e-03  loss=0.6806  val_acc={1: 1.0, 2: 1.0, 3: 1.0}  elapsed=5221s  PASS  abstain_loss=0.0000  abstain_class_balance=0.000  abstain_head_acc=1.000
[real_seed_r2_1] pilot 1 step  61600  lr=1.05e-03  loss=0.8155  val_acc={1: 1.0, 2: 1.0, 3: 1.0}  elapsed=5229s  PASS  abstain_loss=0.0000  abstain_class_balance=0.000  abstain_head_acc=1.000
[real_seed_r2_1] pilot 1 step  61700  lr=1.04e-03  loss=0.7817  val_acc={1: 1.0, 2: 1.0, 3: 1.0}  elapsed=5237s  PASS  abstain_loss=0.0000  abstain_class_balance=0.000  abstain_head_acc=1.000
[real_seed_r2_1] pilot 1 step  61800  lr=1.04e-03  loss=0.6984  val_acc={1: 1.0, 2: 1.0, 3: 1.0}  elapsed=5245s  PASS  abstain_loss=0.0000  abstain_class_balance=0.000  abstain_head_acc=1.000
[real_seed_r2_1] pilot 1 step  61900  lr=1.04e-03  loss=0.8067  val_acc={1: 1.0, 2: 1.0, 3: 1.0}  elapsed=5252s  PASS  abstain_loss=0.0000  abstain_class_balance=0.000  abstain_head_acc=1.000
[real_seed_r2_1] pilot 1 step  62000  lr=1.03e-03  loss=0.7883  val_acc={1: 1.0, 2: 1.0, 3: 1.0}  elapsed=5261s  PASS  abstain_loss=0.0000  abstain_class_balance=0.000  abstain_head_acc=1.000
[real_seed_r2_1] pilot 1 step  62100  lr=1.03e-03  loss=0.6906  val_acc={1: 1.0, 2: 1.0, 3: 1.0}  elapsed=5271s  PASS  abstain_loss=0.0000  abstain_class_balance=0.000  abstain_head_acc=1.000
[real_seed_r2_1] pilot 1 step  62200  lr=1.02e-03  loss=0.8108  val_acc={1: 1.0, 2: 1.0, 3: 1.0}  elapsed=5283s  PASS  abstain_loss=0.0000  abstain_class_balance=0.000  abstain_head_acc=1.000
[real_seed_r2_1] pilot 1 step  62300  lr=1.02e-03  loss=0.7708  val_acc={1: 1.0, 2: 1.0, 3: 1.0}  elapsed=5294s  PASS  abstain_loss=0.0000  abstain_class_balance=0.000  abstain_head_acc=1.000
[real_seed_r2_1] pilot 1 step  62400  lr=1.01e-03  loss=0.7048  val_acc={1: 1.0, 2: 1.0, 3: 1.0}  elapsed=5302s  PASS  abstain_loss=0.0000  abstain_class_balance=0.000  abstain_head_acc=1.000
[real_seed_r2_1] pilot 1 step  62500  lr=1.01e-03  loss=0.8205  val_acc={1: 1.0, 2: 1.0, 3: 1.0}  elapsed=5310s  PASS  abstain_loss=0.0000  abstain_class_balance=0.000  abstain_head_acc=1.000
[real_seed_r2_1] pilot 1 step  62600  lr=1.01e-03  loss=0.7832  val_acc={1: 1.0, 2: 1.0, 3: 1.0}  elapsed=5319s  PASS  abstain_loss=0.0000  abstain_class_balance=0.000  abstain_head_acc=1.000
[real_seed_r2_1] pilot 1 step  62700  lr=1.00e-03  loss=0.6776  val_acc={1: 1.0, 2: 1.0, 3: 1.0}  elapsed=5328s  PASS  abstain_loss=0.0000  abstain_class_balance=0.000  abstain_head_acc=1.000
[real_seed_r2_1] pilot 1 step  62800  lr=9.98e-04  loss=0.8064  val_acc={1: 1.0, 2: 1.0, 3: 1.0}  elapsed=5336s  PASS  abstain_loss=0.0000  abstain_class_balance=0.000  abstain_head_acc=1.000
[real_seed_r2_1] pilot 1 step  62900  lr=9.93e-04  loss=0.7710  val_acc={1: 1.0, 2: 1.0, 3: 1.0}  elapsed=5345s  PASS  abstain_loss=0.0000  abstain_class_balance=0.000  abstain_head_acc=1.000
[real_seed_r2_1] pilot 1 step  63000  lr=9.89e-04  loss=0.7024  val_acc={1: 1.0, 2: 1.0, 3: 1.0}  elapsed=5353s  PASS  abstain_loss=0.0000  abstain_class_balance=0.000  abstain_head_acc=1.000
[real_seed_r2_1] pilot 1 step  63100  lr=9.85e-04  loss=0.8088  val_acc={1: 1.0, 2: 1.0, 3: 1.0}  elapsed=5364s  PASS  abstain_loss=0.0000  abstain_class_balance=0.000  abstain_head_acc=1.000
[real_seed_r2_1] pilot 1 step  63200  lr=9.81e-04  loss=0.7749  val_acc={1: 1.0, 2: 1.0, 3: 1.0}  elapsed=5372s  PASS  abstain_loss=0.0000  abstain_class_balance=0.000  abstain_head_acc=1.000
[real_seed_r2_1] pilot 1 step  63300  lr=9.76e-04  loss=0.6898  val_acc={1: 1.0, 2: 1.0, 3: 1.0}  elapsed=5380s  PASS  abstain_loss=0.0000  abstain_class_balance=0.000  abstain_head_acc=1.000
[real_seed_r2_1] pilot 1 step  63400  lr=9.72e-04  loss=0.8100  val_acc={1: 1.0, 2: 1.0, 3: 1.0}  elapsed=5389s  PASS  abstain_loss=0.0000  abstain_class_balance=0.000  abstain_head_acc=1.000
[real_seed_r2_1] pilot 1 step  63500  lr=9.68e-04  loss=0.7868  val_acc={1: 1.0, 2: 1.0, 3: 1.0}  elapsed=5397s  PASS  abstain_loss=0.0000  abstain_class_balance=0.000  abstain_head_acc=1.000
[real_seed_r2_1] pilot 1 step  63600  lr=9.64e-04  loss=0.6861  val_acc={1: 1.0, 2: 1.0, 3: 1.0}  elapsed=5406s  PASS  abstain_loss=0.0000  abstain_class_balance=0.000  abstain_head_acc=1.000
[real_seed_r2_1] pilot 1 step  63700  lr=9.59e-04  loss=0.8024  val_acc={1: 1.0, 2: 1.0, 3: 1.0}  elapsed=5414s  PASS  abstain_loss=0.0000  abstain_class_balance=0.000  abstain_head_acc=1.000
[real_seed_r2_1] pilot 1 step  63800  lr=9.55e-04  loss=0.7676  val_acc={1: 1.0, 2: 1.0, 3: 1.0}  elapsed=5423s  PASS  abstain_loss=0.0000  abstain_class_balance=0.000  abstain_head_acc=1.000
[real_seed_r2_1] pilot 1 step  63900  lr=9.51e-04  loss=0.6882  val_acc={1: 1.0, 2: 1.0, 3: 1.0}  elapsed=5431s  PASS  abstain_loss=0.0000  abstain_class_balance=0.000  abstain_head_acc=1.000
[real_seed_r2_1] pilot 1 step  64000  lr=9.47e-04  loss=0.8086  val_acc={1: 1.0, 2: 1.0, 3: 1.0}  elapsed=5439s  PASS  abstain_loss=0.0000  abstain_class_balance=0.000  abstain_head_acc=1.000
[real_seed_r2_1] pilot 1 step  64100  lr=9.43e-04  loss=0.7764  val_acc={1: 1.0, 2: 1.0, 3: 1.0}  elapsed=5448s  PASS  abstain_loss=0.0000  abstain_class_balance=0.000  abstain_head_acc=1.000
[real_seed_r2_1] pilot 1 step  64200  lr=9.38e-04  loss=0.6831  val_acc={1: 1.0, 2: 1.0, 3: 1.0}  elapsed=5456s  PASS  abstain_loss=0.0000  abstain_class_balance=0.000  abstain_head_acc=1.000
[real_seed_r2_1] pilot 1 step  64300  lr=9.34e-04  loss=0.8010  val_acc={1: 1.0, 2: 1.0, 3: 1.0}  elapsed=5464s  PASS  abstain_loss=0.0000  abstain_class_balance=0.000  abstain_head_acc=1.000
[real_seed_r2_1] pilot 1 step  64400  lr=9.30e-04  loss=0.7730  val_acc={1: 1.0, 2: 1.0, 3: 1.0}  elapsed=5473s  PASS  abstain_loss=0.0000  abstain_class_balance=0.000  abstain_head_acc=1.000
[real_seed_r2_1] pilot 1 step  64500  lr=9.26e-04  loss=0.6865  val_acc={1: 1.0, 2: 1.0, 3: 1.0}  elapsed=5481s  PASS  abstain_loss=0.0000  abstain_class_balance=0.000  abstain_head_acc=1.000
[real_seed_r2_1] pilot 1 step  64600  lr=9.22e-04  loss=0.8078  val_acc={1: 1.0, 2: 1.0, 3: 1.0}  elapsed=5489s  PASS  abstain_loss=0.0000  abstain_class_balance=0.000  abstain_head_acc=1.000
[real_seed_r2_1] pilot 1 step  64700  lr=9.17e-04  loss=0.7808  val_acc={1: 1.0, 2: 1.0, 3: 1.0}  elapsed=5501s  PASS  abstain_loss=0.0000  abstain_class_balance=0.000  abstain_head_acc=1.000
[real_seed_r2_1] pilot 1 step  64800  lr=9.13e-04  loss=0.6981  val_acc={1: 1.0, 2: 1.0, 3: 1.0}  elapsed=5513s  PASS  abstain_loss=0.0000  abstain_class_balance=0.000  abstain_head_acc=1.000
[real_seed_r2_1] pilot 1 step  64900  lr=9.09e-04  loss=0.8007  val_acc={1: 1.0, 2: 1.0, 3: 1.0}  elapsed=5522s  PASS  abstain_loss=0.0000  abstain_class_balance=0.000  abstain_head_acc=1.000
[real_seed_r2_1] pilot 1 step  65000  lr=9.05e-04  loss=0.7781  val_acc={1: 1.0, 2: 1.0, 3: 1.0}  elapsed=5530s  PASS  abstain_loss=0.0000  abstain_class_balance=0.000  abstain_head_acc=1.000
[real_seed_r2_1] pilot 1 step  65100  lr=9.01e-04  loss=0.6875  val_acc={1: 1.0, 2: 1.0, 3: 1.0}  elapsed=5539s  PASS  abstain_loss=0.0000  abstain_class_balance=0.000  abstain_head_acc=1.000
[real_seed_r2_1] pilot 1 step  65200  lr=8.97e-04  loss=0.8024  val_acc={1: 1.0, 2: 1.0, 3: 1.0}  elapsed=5547s  PASS  abstain_loss=0.0000  abstain_class_balance=0.000  abstain_head_acc=1.000
[real_seed_r2_1] pilot 1 step  65300  lr=8.92e-04  loss=0.7712  val_acc={1: 1.0, 2: 1.0, 3: 1.0}  elapsed=5556s  PASS  abstain_loss=0.0000  abstain_class_balance=0.000  abstain_head_acc=1.000
[real_seed_r2_1] pilot 1 step  65400  lr=8.88e-04  loss=0.6901  val_acc={1: 1.0, 2: 1.0, 3: 1.0}  elapsed=5563s  PASS  abstain_loss=0.0000  abstain_class_balance=0.000  abstain_head_acc=1.000
[real_seed_r2_1] pilot 1 step  65500  lr=8.84e-04  loss=0.8038  val_acc={1: 1.0, 2: 1.0, 3: 1.0}  elapsed=5572s  PASS  abstain_loss=0.0000  abstain_class_balance=0.000  abstain_head_acc=1.000
[real_seed_r2_1] pilot 1 step  65600  lr=8.80e-04  loss=0.7759  val_acc={1: 1.0, 2: 1.0, 3: 1.0}  elapsed=5581s  PASS  abstain_loss=0.0000  abstain_class_balance=0.000  abstain_head_acc=1.000
[real_seed_r2_1] pilot 1 step  65700  lr=8.76e-04  loss=0.6951  val_acc={1: 1.0, 2: 1.0, 3: 1.0}  elapsed=5590s  PASS  abstain_loss=0.0000  abstain_class_balance=0.000  abstain_head_acc=1.000
[real_seed_r2_1] pilot 1 step  65800  lr=8.72e-04  loss=0.8018  val_acc={1: 1.0, 2: 1.0, 3: 1.0}  elapsed=5600s  PASS  abstain_loss=0.0000  abstain_class_balance=0.000  abstain_head_acc=1.000
[real_seed_r2_1] pilot 1 step  65900  lr=8.68e-04  loss=0.7724  val_acc={1: 1.0, 2: 1.0, 3: 1.0}  elapsed=5608s  PASS  abstain_loss=0.0000  abstain_class_balance=0.000  abstain_head_acc=1.000
[real_seed_r2_1] pilot 1 step  66000  lr=8.64e-04  loss=0.6881  val_acc={1: 1.0, 2: 1.0, 3: 1.0}  elapsed=5616s  PASS  abstain_loss=0.0000  abstain_class_balance=0.000  abstain_head_acc=1.000
[real_seed_r2_1] pilot 1 step  66100  lr=8.60e-04  loss=0.8132  val_acc={1: 1.0, 2: 1.0, 3: 1.0}  elapsed=5623s  PASS  abstain_loss=0.0000  abstain_class_balance=0.000  abstain_head_acc=1.000
[real_seed_r2_1] pilot 1 step  66200  lr=8.55e-04  loss=0.7837  val_acc={1: 1.0, 2: 1.0, 3: 1.0}  elapsed=5630s  PASS  abstain_loss=0.0000  abstain_class_balance=0.000  abstain_head_acc=1.000
[real_seed_r2_1] pilot 1 step  66300  lr=8.51e-04  loss=0.6868  val_acc={1: 1.0, 2: 1.0, 3: 1.0}  elapsed=5638s  PASS  abstain_loss=0.0000  abstain_class_balance=0.000  abstain_head_acc=1.000
[real_seed_r2_1] pilot 1 step  66400  lr=8.47e-04  loss=0.8116  val_acc={1: 1.0, 2: 1.0, 3: 1.0}  elapsed=5646s  PASS  abstain_loss=0.0000  abstain_class_balance=0.000  abstain_head_acc=1.000
[real_seed_r2_1] pilot 1 step  66500  lr=8.43e-04  loss=0.7778  val_acc={1: 1.0, 2: 1.0, 3: 1.0}  elapsed=5656s  PASS  abstain_loss=0.0000  abstain_class_balance=0.000  abstain_head_acc=1.000
[real_seed_r2_1] pilot 1 step  66600  lr=8.39e-04  loss=0.6941  val_acc={1: 1.0, 2: 1.0, 3: 1.0}  elapsed=5664s  PASS  abstain_loss=0.0000  abstain_class_balance=0.000  abstain_head_acc=1.000
[real_seed_r2_1] pilot 1 step  66700  lr=8.35e-04  loss=0.8045  val_acc={1: 1.0, 2: 1.0, 3: 1.0}  elapsed=5671s  PASS  abstain_loss=0.0000  abstain_class_balance=0.000  abstain_head_acc=1.000
[real_seed_r2_1] pilot 1 step  66800  lr=8.31e-04  loss=0.7760  val_acc={1: 1.0, 2: 1.0, 3: 1.0}  elapsed=5679s  PASS  abstain_loss=0.0000  abstain_class_balance=0.000  abstain_head_acc=1.000
[real_seed_r2_1] pilot 1 step  66900  lr=8.27e-04  loss=0.6822  val_acc={1: 1.0, 2: 1.0, 3: 1.0}  elapsed=5688s  PASS  abstain_loss=0.0000  abstain_class_balance=0.000  abstain_head_acc=1.000
[real_seed_r2_1] pilot 1 step  67000  lr=8.23e-04  loss=0.8010  val_acc={1: 1.0, 2: 1.0, 3: 1.0}  elapsed=5697s  PASS  abstain_loss=0.0000  abstain_class_balance=0.000  abstain_head_acc=1.000
[real_seed_r2_1] pilot 1 step  67100  lr=8.19e-04  loss=0.7747  val_acc={1: 1.0, 2: 1.0, 3: 1.0}  elapsed=5705s  PASS  abstain_loss=0.0000  abstain_class_balance=0.000  abstain_head_acc=1.000
[real_seed_r2_1] pilot 1 step  67200  lr=8.15e-04  loss=0.6847  val_acc={1: 1.0, 2: 1.0, 3: 1.0}  elapsed=5714s  PASS  abstain_loss=0.0000  abstain_class_balance=0.000  abstain_head_acc=1.000
[real_seed_r2_1] pilot 1 step  67300  lr=8.11e-04  loss=0.8021  val_acc={1: 1.0, 2: 1.0, 3: 1.0}  elapsed=5723s  PASS  abstain_loss=0.0000  abstain_class_balance=0.000  abstain_head_acc=1.000
[real_seed_r2_1] pilot 1 step  67400  lr=8.07e-04  loss=0.7847  val_acc={1: 1.0, 2: 1.0, 3: 1.0}  elapsed=5733s  PASS  abstain_loss=0.0000  abstain_class_balance=0.000  abstain_head_acc=1.000
[real_seed_r2_1] pilot 1 step  67500  lr=8.03e-04  loss=0.6791  val_acc={1: 1.0, 2: 1.0, 3: 1.0}  elapsed=5743s  PASS  abstain_loss=0.0000  abstain_class_balance=0.000  abstain_head_acc=1.000
[real_seed_r2_1] pilot 1 step  67600  lr=7.99e-04  loss=0.8071  val_acc={1: 1.0, 2: 1.0, 3: 1.0}  elapsed=5752s  PASS  abstain_loss=0.0000  abstain_class_balance=0.000  abstain_head_acc=1.000
[real_seed_r2_1] pilot 1 step  67700  lr=7.95e-04  loss=0.7688  val_acc={1: 1.0, 2: 1.0, 3: 1.0}  elapsed=5759s  PASS  abstain_loss=0.0000  abstain_class_balance=0.000  abstain_head_acc=1.000
[real_seed_r2_1] pilot 1 step  67800  lr=7.91e-04  loss=0.6835  val_acc={1: 1.0, 2: 1.0, 3: 1.0}  elapsed=5768s  PASS  abstain_loss=0.0000  abstain_class_balance=0.000  abstain_head_acc=1.000
[real_seed_r2_1] pilot 1 step  67900  lr=7.87e-04  loss=0.7926  val_acc={1: 1.0, 2: 1.0, 3: 1.0}  elapsed=5776s  PASS  abstain_loss=0.0000  abstain_class_balance=0.000  abstain_head_acc=1.000
[real_seed_r2_1] pilot 1 step  68000  lr=7.83e-04  loss=0.7785  val_acc={1: 1.0, 2: 1.0, 3: 1.0}  elapsed=5784s  PASS  abstain_loss=0.0000  abstain_class_balance=0.000  abstain_head_acc=1.000
[real_seed_r2_1] pilot 1 step  68100  lr=7.79e-04  loss=0.6925  val_acc={1: 1.0, 2: 1.0, 3: 1.0}  elapsed=5793s  PASS  abstain_loss=0.0000  abstain_class_balance=0.000  abstain_head_acc=1.000
[real_seed_r2_1] pilot 1 step  68200  lr=7.75e-04  loss=0.8096  val_acc={1: 1.0, 2: 1.0, 3: 1.0}  elapsed=5801s  PASS  abstain_loss=0.0000  abstain_class_balance=0.000  abstain_head_acc=1.000
[real_seed_r2_1] pilot 1 step  68300  lr=7.71e-04  loss=0.7684  val_acc={1: 1.0, 2: 1.0, 3: 1.0}  elapsed=5809s  PASS  abstain_loss=0.0000  abstain_class_balance=0.000  abstain_head_acc=1.000
[real_seed_r2_1] pilot 1 step  68400  lr=7.67e-04  loss=0.6782  val_acc={1: 1.0, 2: 1.0, 3: 1.0}  elapsed=5817s  PASS  abstain_loss=0.0000  abstain_class_balance=0.000  abstain_head_acc=1.000
[real_seed_r2_1] pilot 1 step  68500  lr=7.63e-04  loss=0.7987  val_acc={1: 1.0, 2: 1.0, 3: 1.0}  elapsed=5824s  PASS  abstain_loss=0.0000  abstain_class_balance=0.000  abstain_head_acc=1.000
[real_seed_r2_1] pilot 1 step  68600  lr=7.59e-04  loss=0.7768  val_acc={1: 1.0, 2: 1.0, 3: 1.0}  elapsed=5833s  PASS  abstain_loss=0.0000  abstain_class_balance=0.000  abstain_head_acc=1.000
[real_seed_r2_1] pilot 1 step  68700  lr=7.55e-04  loss=0.6845  val_acc={1: 1.0, 2: 1.0, 3: 1.0}  elapsed=5842s  PASS  abstain_loss=0.0000  abstain_class_balance=0.000  abstain_head_acc=1.000
[real_seed_r2_1] pilot 1 step  68800  lr=7.52e-04  loss=0.7962  val_acc={1: 1.0, 2: 1.0, 3: 1.0}  elapsed=5850s  PASS  abstain_loss=0.0000  abstain_class_balance=0.000  abstain_head_acc=1.000
[real_seed_r2_1] pilot 1 step  68900  lr=7.48e-04  loss=0.7789  val_acc={1: 1.0, 2: 1.0, 3: 1.0}  elapsed=5858s  PASS  abstain_loss=0.0000  abstain_class_balance=0.000  abstain_head_acc=1.000
[real_seed_r2_1] pilot 1 step  69000  lr=7.44e-04  loss=0.6844  val_acc={1: 1.0, 2: 1.0, 3: 1.0}  elapsed=5868s  PASS  abstain_loss=0.0000  abstain_class_balance=0.000  abstain_head_acc=1.000
[real_seed_r2_1] pilot 1 step  69100  lr=7.40e-04  loss=0.7978  val_acc={1: 1.0, 2: 1.0, 3: 1.0}  elapsed=5878s  PASS  abstain_loss=0.0000  abstain_class_balance=0.000  abstain_head_acc=1.000
[real_seed_r2_1] pilot 1 step  69200  lr=7.36e-04  loss=0.7829  val_acc={1: 1.0, 2: 1.0, 3: 1.0}  elapsed=5888s  PASS  abstain_loss=0.0000  abstain_class_balance=0.000  abstain_head_acc=1.000
[real_seed_r2_1] pilot 1 step  69300  lr=7.32e-04  loss=0.6868  val_acc={1: 1.0, 2: 1.0, 3: 1.0}  elapsed=5897s  PASS  abstain_loss=0.0000  abstain_class_balance=0.000  abstain_head_acc=1.000
[real_seed_r2_1] pilot 1 step  69400  lr=7.28e-04  loss=0.8005  val_acc={1: 1.0, 2: 1.0, 3: 1.0}  elapsed=5905s  PASS  abstain_loss=0.0000  abstain_class_balance=0.000  abstain_head_acc=1.000
[real_seed_r2_1] pilot 1 step  69500  lr=7.24e-04  loss=0.7728  val_acc={1: 1.0, 2: 1.0, 3: 1.0}  elapsed=5914s  PASS  abstain_loss=0.0000  abstain_class_balance=0.000  abstain_head_acc=1.000
[real_seed_r2_1] pilot 1 step  69600  lr=7.21e-04  loss=0.6736  val_acc={1: 1.0, 2: 1.0, 3: 1.0}  elapsed=5921s  PASS  abstain_loss=0.0000  abstain_class_balance=0.000  abstain_head_acc=1.000
[real_seed_r2_1] pilot 1 step  69700  lr=7.17e-04  loss=0.8064  val_acc={1: 1.0, 2: 1.0, 3: 1.0}  elapsed=5929s  PASS  abstain_loss=0.0000  abstain_class_balance=0.000  abstain_head_acc=1.000
[real_seed_r2_1] pilot 1 step  69800  lr=7.13e-04  loss=0.7786  val_acc={1: 1.0, 2: 1.0, 3: 1.0}  elapsed=5937s  PASS  abstain_loss=0.0000  abstain_class_balance=0.000  abstain_head_acc=1.000
[real_seed_r2_1] pilot 1 step  69900  lr=7.09e-04  loss=0.6833  val_acc={1: 1.0, 2: 1.0, 3: 1.0}  elapsed=5945s  PASS  abstain_loss=0.0000  abstain_class_balance=0.000  abstain_head_acc=1.000
[real_seed_r2_1] pilot 1 step  70000  lr=7.05e-04  loss=0.8028  val_acc={1: 1.0, 2: 1.0, 3: 1.0}  elapsed=5953s  PASS  abstain_loss=0.0000  abstain_class_balance=0.000  abstain_head_acc=1.000
[real_seed_r2_1] pilot 1 step  70100  lr=7.01e-04  loss=0.7713  val_acc={1: 1.0, 2: 1.0, 3: 1.0}  elapsed=5962s  PASS  abstain_loss=0.0000  abstain_class_balance=0.000  abstain_head_acc=1.000
[real_seed_r2_1] pilot 1 step  70200  lr=6.98e-04  loss=0.6958  val_acc={1: 1.0, 2: 1.0, 3: 1.0}  elapsed=5971s  PASS  abstain_loss=0.0000  abstain_class_balance=0.000  abstain_head_acc=1.000
[real_seed_r2_1] pilot 1 step  70300  lr=6.94e-04  loss=0.8074  val_acc={1: 1.0, 2: 1.0, 3: 1.0}  elapsed=5980s  PASS  abstain_loss=0.0000  abstain_class_balance=0.000  abstain_head_acc=1.000
[real_seed_r2_1] pilot 1 step  70400  lr=6.90e-04  loss=0.7721  val_acc={1: 1.0, 2: 1.0, 3: 1.0}  elapsed=5988s  PASS  abstain_loss=0.0000  abstain_class_balance=0.000  abstain_head_acc=1.000
[real_seed_r2_1] pilot 1 step  70500  lr=6.86e-04  loss=0.6826  val_acc={1: 1.0, 2: 1.0, 3: 1.0}  elapsed=5996s  PASS  abstain_loss=0.0000  abstain_class_balance=0.000  abstain_head_acc=1.000
[real_seed_r2_1] pilot 1 step  70600  lr=6.82e-04  loss=0.8063  val_acc={1: 1.0, 2: 1.0, 3: 1.0}  elapsed=6004s  PASS  abstain_loss=0.0000  abstain_class_balance=0.000  abstain_head_acc=1.000
[real_seed_r2_1] pilot 1 step  70700  lr=6.79e-04  loss=0.7744  val_acc={1: 1.0, 2: 1.0, 3: 1.0}  elapsed=6013s  PASS  abstain_loss=0.0000  abstain_class_balance=0.000  abstain_head_acc=1.000
[real_seed_r2_1] pilot 1 step  70800  lr=6.75e-04  loss=0.6850  val_acc={1: 1.0, 2: 1.0, 3: 1.0}  elapsed=6024s  PASS  abstain_loss=0.0000  abstain_class_balance=0.000  abstain_head_acc=1.000
[real_seed_r2_1] pilot 1 step  70900  lr=6.71e-04  loss=0.8124  val_acc={1: 1.0, 2: 1.0, 3: 1.0}  elapsed=6034s  PASS  abstain_loss=0.0000  abstain_class_balance=0.000  abstain_head_acc=1.000
[real_seed_r2_1] pilot 1 step  71000  lr=6.67e-04  loss=0.7738  val_acc={1: 1.0, 2: 1.0, 3: 1.0}  elapsed=6042s  PASS  abstain_loss=0.0000  abstain_class_balance=0.000  abstain_head_acc=1.000
[real_seed_r2_1] pilot 1 step  71100  lr=6.64e-04  loss=0.6881  val_acc={1: 1.0, 2: 1.0, 3: 1.0}  elapsed=6051s  PASS  abstain_loss=0.0000  abstain_class_balance=0.000  abstain_head_acc=1.000
[real_seed_r2_1] pilot 1 step  71200  lr=6.60e-04  loss=0.8028  val_acc={1: 1.0, 2: 1.0, 3: 1.0}  elapsed=6060s  PASS  abstain_loss=0.0000  abstain_class_balance=0.000  abstain_head_acc=1.000
[real_seed_r2_1] pilot 1 step  71300  lr=6.56e-04  loss=0.7778  val_acc={1: 1.0, 2: 1.0, 3: 1.0}  elapsed=6067s  PASS  abstain_loss=0.0000  abstain_class_balance=0.000  abstain_head_acc=1.000
[real_seed_r2_1] pilot 1 step  71400  lr=6.52e-04  loss=0.6867  val_acc={1: 1.0, 2: 1.0, 3: 1.0}  elapsed=6076s  PASS  abstain_loss=0.0000  abstain_class_balance=0.000  abstain_head_acc=1.000
[real_seed_r2_1] pilot 1 step  71500  lr=6.49e-04  loss=0.7975  val_acc={1: 1.0, 2: 1.0, 3: 1.0}  elapsed=6084s  PASS  abstain_loss=0.0000  abstain_class_balance=0.000  abstain_head_acc=1.000
[real_seed_r2_1] pilot 1 step  71600  lr=6.45e-04  loss=0.7718  val_acc={1: 1.0, 2: 1.0, 3: 1.0}  elapsed=6093s  PASS  abstain_loss=0.0000  abstain_class_balance=0.000  abstain_head_acc=1.000
[real_seed_r2_1] pilot 1 step  71700  lr=6.41e-04  loss=0.6898  val_acc={1: 1.0, 2: 1.0, 3: 1.0}  elapsed=6101s  PASS  abstain_loss=0.0000  abstain_class_balance=0.000  abstain_head_acc=1.000
[real_seed_r2_1] pilot 1 step  71800  lr=6.38e-04  loss=0.7991  val_acc={1: 1.0, 2: 1.0, 3: 1.0}  elapsed=6110s  PASS  abstain_loss=0.0000  abstain_class_balance=0.000  abstain_head_acc=1.000
[real_seed_r2_1] pilot 1 step  71900  lr=6.34e-04  loss=0.7636  val_acc={1: 1.0, 2: 1.0, 3: 1.0}  elapsed=6119s  PASS  abstain_loss=0.0000  abstain_class_balance=0.000  abstain_head_acc=1.000
[real_seed_r2_1] pilot 1 step  72000  lr=6.30e-04  loss=0.6906  val_acc={1: 1.0, 2: 1.0, 3: 1.0}  elapsed=6128s  PASS  abstain_loss=0.0000  abstain_class_balance=0.000  abstain_head_acc=1.000
[real_seed_r2_1] pilot 1 step  72100  lr=6.27e-04  loss=0.8023  val_acc={1: 1.0, 2: 1.0, 3: 1.0}  elapsed=6136s  PASS  abstain_loss=0.0000  abstain_class_balance=0.000  abstain_head_acc=1.000
[real_seed_r2_1] pilot 1 step  72200  lr=6.23e-04  loss=0.7783  val_acc={1: 1.0, 2: 1.0, 3: 1.0}  elapsed=6144s  PASS  abstain_loss=0.0000  abstain_class_balance=0.000  abstain_head_acc=1.000
[real_seed_r2_1] pilot 1 step  72300  lr=6.19e-04  loss=0.6834  val_acc={1: 1.0, 2: 1.0, 3: 1.0}  elapsed=6152s  PASS  abstain_loss=0.0000  abstain_class_balance=0.000  abstain_head_acc=1.000
[real_seed_r2_1] pilot 1 step  72400  lr=6.16e-04  loss=0.7956  val_acc={1: 1.0, 2: 1.0, 3: 1.0}  elapsed=6160s  PASS  abstain_loss=0.0000  abstain_class_balance=0.000  abstain_head_acc=1.000
[real_seed_r2_1] pilot 1 step  72500  lr=6.12e-04  loss=0.7667  val_acc={1: 1.0, 2: 1.0, 3: 1.0}  elapsed=6169s  PASS  abstain_loss=0.0000  abstain_class_balance=0.000  abstain_head_acc=1.000
[real_seed_r2_1] pilot 1 step  72600  lr=6.09e-04  loss=0.6865  val_acc={1: 1.0, 2: 1.0, 3: 1.0}  elapsed=6181s  PASS  abstain_loss=0.0000  abstain_class_balance=0.000  abstain_head_acc=1.000
[real_seed_r2_1] pilot 1 step  72700  lr=6.05e-04  loss=0.8026  val_acc={1: 1.0, 2: 1.0, 3: 1.0}  elapsed=6188s  PASS  abstain_loss=0.0000  abstain_class_balance=0.000  abstain_head_acc=1.000
[real_seed_r2_1] pilot 1 step  72800  lr=6.01e-04  loss=0.7676  val_acc={1: 1.0, 2: 1.0, 3: 1.0}  elapsed=6196s  PASS  abstain_loss=0.0000  abstain_class_balance=0.000  abstain_head_acc=1.000
[real_seed_r2_1] pilot 1 step  72900  lr=5.98e-04  loss=0.6872  val_acc={1: 1.0, 2: 1.0, 3: 1.0}  elapsed=6204s  PASS  abstain_loss=0.0000  abstain_class_balance=0.000  abstain_head_acc=1.000
[real_seed_r2_1] pilot 1 step  73000  lr=5.94e-04  loss=0.7966  val_acc={1: 1.0, 2: 1.0, 3: 1.0}  elapsed=6214s  PASS  abstain_loss=0.0000  abstain_class_balance=0.000  abstain_head_acc=1.000
[real_seed_r2_1] pilot 1 step  73100  lr=5.91e-04  loss=0.7657  val_acc={1: 1.0, 2: 1.0, 3: 1.0}  elapsed=6222s  PASS  abstain_loss=0.0000  abstain_class_balance=0.000  abstain_head_acc=1.000
[real_seed_r2_1] pilot 1 step  73200  lr=5.87e-04  loss=0.6966  val_acc={1: 1.0, 2: 1.0, 3: 1.0}  elapsed=6230s  PASS  abstain_loss=0.0000  abstain_class_balance=0.000  abstain_head_acc=1.000
[real_seed_r2_1] pilot 1 step  73300  lr=5.84e-04  loss=0.8122  val_acc={1: 1.0, 2: 1.0, 3: 1.0}  elapsed=6239s  PASS  abstain_loss=0.0000  abstain_class_balance=0.000  abstain_head_acc=1.000
[real_seed_r2_1] pilot 1 step  73400  lr=5.80e-04  loss=0.7735  val_acc={1: 1.0, 2: 1.0, 3: 1.0}  elapsed=6247s  PASS  abstain_loss=0.0000  abstain_class_balance=0.000  abstain_head_acc=1.000
[real_seed_r2_1] pilot 1 step  73500  lr=5.76e-04  loss=0.6974  val_acc={1: 1.0, 2: 1.0, 3: 1.0}  elapsed=6256s  PASS  abstain_loss=0.0000  abstain_class_balance=0.000  abstain_head_acc=1.000
[real_seed_r2_1] pilot 1 step  73600  lr=5.73e-04  loss=0.7971  val_acc={1: 1.0, 2: 1.0, 3: 1.0}  elapsed=6264s  PASS  abstain_loss=0.0000  abstain_class_balance=0.000  abstain_head_acc=1.000
[real_seed_r2_1] pilot 1 step  73700  lr=5.69e-04  loss=0.7804  val_acc={1: 1.0, 2: 1.0, 3: 1.0}  elapsed=6273s  PASS  abstain_loss=0.0000  abstain_class_balance=0.000  abstain_head_acc=1.000
[real_seed_r2_1] pilot 1 step  73800  lr=5.66e-04  loss=0.6887  val_acc={1: 1.0, 2: 1.0, 3: 1.0}  elapsed=6282s  PASS  abstain_loss=0.0000  abstain_class_balance=0.000  abstain_head_acc=1.000
[real_seed_r2_1] pilot 1 step  73900  lr=5.62e-04  loss=0.8041  val_acc={1: 1.0, 2: 1.0, 3: 1.0}  elapsed=6290s  PASS  abstain_loss=0.0000  abstain_class_balance=0.000  abstain_head_acc=1.000
[real_seed_r2_1] pilot 1 step  74000  lr=5.59e-04  loss=0.7684  val_acc={1: 1.0, 2: 1.0, 3: 1.0}  elapsed=6297s  PASS  abstain_loss=0.0000  abstain_class_balance=0.000  abstain_head_acc=1.000
[real_seed_r2_1] pilot 1 step  74100  lr=5.55e-04  loss=0.6815  val_acc={1: 1.0, 2: 1.0, 3: 1.0}  elapsed=6306s  PASS  abstain_loss=0.0000  abstain_class_balance=0.000  abstain_head_acc=1.000
[real_seed_r2_1] pilot 1 step  74200  lr=5.52e-04  loss=0.8032  val_acc={1: 1.0, 2: 1.0, 3: 1.0}  elapsed=6313s  PASS  abstain_loss=0.0000  abstain_class_balance=0.000  abstain_head_acc=1.000
[real_seed_r2_1] pilot 1 step  74300  lr=5.48e-04  loss=0.7744  val_acc={1: 1.0, 2: 1.0, 3: 1.0}  elapsed=6321s  PASS  abstain_loss=0.0000  abstain_class_balance=0.000  abstain_head_acc=1.000
[real_seed_r2_1] pilot 1 step  74400  lr=5.45e-04  loss=0.6806  val_acc={1: 1.0, 2: 1.0, 3: 1.0}  elapsed=6329s  PASS  abstain_loss=0.0000  abstain_class_balance=0.000  abstain_head_acc=1.000
[real_seed_r2_1] pilot 1 step  74500  lr=5.42e-04  loss=0.7978  val_acc={1: 1.0, 2: 1.0, 3: 1.0}  elapsed=6338s  PASS  abstain_loss=0.0000  abstain_class_balance=0.000  abstain_head_acc=1.000
[real_seed_r2_1] pilot 1 step  74600  lr=5.38e-04  loss=0.7757  val_acc={1: 1.0, 2: 1.0, 3: 1.0}  elapsed=6346s  PASS  abstain_loss=0.0000  abstain_class_balance=0.000  abstain_head_acc=1.000
[real_seed_r2_1] pilot 1 step  74700  lr=5.35e-04  loss=0.6762  val_acc={1: 1.0, 2: 1.0, 3: 1.0}  elapsed=6354s  PASS  abstain_loss=0.0000  abstain_class_balance=0.000  abstain_head_acc=1.000
[real_seed_r2_1] pilot 1 step  74800  lr=5.31e-04  loss=0.8021  val_acc={1: 1.0, 2: 1.0, 3: 1.0}  elapsed=6361s  PASS  abstain_loss=0.0000  abstain_class_balance=0.000  abstain_head_acc=1.000
[real_seed_r2_1] pilot 1 step  74900  lr=5.28e-04  loss=0.7776  val_acc={1: 1.0, 2: 1.0, 3: 1.0}  elapsed=6369s  PASS  abstain_loss=0.0000  abstain_class_balance=0.000  abstain_head_acc=1.000
[real_seed_r2_1] pilot 1 step  75000  lr=5.25e-04  loss=0.6816  val_acc={1: 1.0, 2: 1.0, 3: 1.0}  elapsed=6378s  PASS  abstain_loss=0.0000  abstain_class_balance=0.000  abstain_head_acc=1.000
[real_seed_r2_1] pilot 1 step  75100  lr=5.21e-04  loss=0.7957  val_acc={1: 1.0, 2: 1.0, 3: 1.0}  elapsed=6386s  PASS  abstain_loss=0.0000  abstain_class_balance=0.000  abstain_head_acc=1.000
[real_seed_r2_1] pilot 1 step  75200  lr=5.18e-04  loss=0.7786  val_acc={1: 1.0, 2: 1.0, 3: 1.0}  elapsed=6394s  PASS  abstain_loss=0.0000  abstain_class_balance=0.000  abstain_head_acc=1.000
[real_seed_r2_1] pilot 1 step  75300  lr=5.14e-04  loss=0.6755  val_acc={1: 1.0, 2: 1.0, 3: 1.0}  elapsed=6402s  PASS  abstain_loss=0.0000  abstain_class_balance=0.000  abstain_head_acc=1.000
[real_seed_r2_1] pilot 1 step  75400  lr=5.11e-04  loss=0.8005  val_acc={1: 1.0, 2: 1.0, 3: 1.0}  elapsed=6413s  PASS  abstain_loss=0.0000  abstain_class_balance=0.000  abstain_head_acc=1.000
[real_seed_r2_1] pilot 1 step  75500  lr=5.08e-04  loss=0.7703  val_acc={1: 1.0, 2: 1.0, 3: 1.0}  elapsed=6422s  PASS  abstain_loss=0.0000  abstain_class_balance=0.000  abstain_head_acc=1.000
[real_seed_r2_1] pilot 1 step  75600  lr=5.04e-04  loss=0.6905  val_acc={1: 1.0, 2: 1.0, 3: 1.0}  elapsed=6432s  PASS  abstain_loss=0.0000  abstain_class_balance=0.000  abstain_head_acc=1.000
[real_seed_r2_1] pilot 1 step  75700  lr=5.01e-04  loss=0.8021  val_acc={1: 1.0, 2: 1.0, 3: 1.0}  elapsed=6440s  PASS  abstain_loss=0.0000  abstain_class_balance=0.000  abstain_head_acc=1.000
[real_seed_r2_1] pilot 1 step  75800  lr=4.98e-04  loss=0.7667  val_acc={1: 1.0, 2: 1.0, 3: 1.0}  elapsed=6447s  PASS  abstain_loss=0.0000  abstain_class_balance=0.000  abstain_head_acc=1.000
[real_seed_r2_1] pilot 1 step  75900  lr=4.94e-04  loss=0.6839  val_acc={1: 1.0, 2: 1.0, 3: 1.0}  elapsed=6455s  PASS  abstain_loss=0.0000  abstain_class_balance=0.000  abstain_head_acc=1.000
[real_seed_r2_1] pilot 1 step  76000  lr=4.91e-04  loss=0.7968  val_acc={1: 1.0, 2: 1.0, 3: 1.0}  elapsed=6465s  PASS  abstain_loss=0.0000  abstain_class_balance=0.000  abstain_head_acc=1.000
[real_seed_r2_1] pilot 1 step  76100  lr=4.88e-04  loss=0.7662  val_acc={1: 1.0, 2: 1.0, 3: 1.0}  elapsed=6474s  PASS  abstain_loss=0.0000  abstain_class_balance=0.000  abstain_head_acc=1.000
[real_seed_r2_1] pilot 1 step  76200  lr=4.84e-04  loss=0.6842  val_acc={1: 1.0, 2: 1.0, 3: 1.0}  elapsed=6483s  PASS  abstain_loss=0.0000  abstain_class_balance=0.000  abstain_head_acc=1.000
[real_seed_r2_1] pilot 1 step  76300  lr=4.81e-04  loss=0.7916  val_acc={1: 1.0, 2: 1.0, 3: 1.0}  elapsed=6491s  PASS  abstain_loss=0.0000  abstain_class_balance=0.000  abstain_head_acc=1.000
[real_seed_r2_1] pilot 1 step  76400  lr=4.78e-04  loss=0.7668  val_acc={1: 1.0, 2: 1.0, 3: 1.0}  elapsed=6499s  PASS  abstain_loss=0.0000  abstain_class_balance=0.000  abstain_head_acc=1.000
[real_seed_r2_1] pilot 1 step  76500  lr=4.75e-04  loss=0.6885  val_acc={1: 1.0, 2: 1.0, 3: 1.0}  elapsed=6507s  PASS  abstain_loss=0.0000  abstain_class_balance=0.000  abstain_head_acc=1.000
[real_seed_r2_1] pilot 1 step  76600  lr=4.71e-04  loss=0.8094  val_acc={1: 1.0, 2: 1.0, 3: 1.0}  elapsed=6520s  PASS  abstain_loss=0.0000  abstain_class_balance=0.000  abstain_head_acc=1.000
[real_seed_r2_1] pilot 1 step  76700  lr=4.68e-04  loss=0.7700  val_acc={1: 1.0, 2: 1.0, 3: 1.0}  elapsed=6532s  PASS  abstain_loss=0.0000  abstain_class_balance=0.000  abstain_head_acc=1.000
[real_seed_r2_1] pilot 1 step  76800  lr=4.65e-04  loss=0.6808  val_acc={1: 1.0, 2: 1.0, 3: 1.0}  elapsed=6544s  PASS  abstain_loss=0.0000  abstain_class_balance=0.000  abstain_head_acc=1.000
[real_seed_r2_1] pilot 1 step  76900  lr=4.62e-04  loss=0.7979  val_acc={1: 1.0, 2: 1.0, 3: 1.0}  elapsed=6552s  PASS  abstain_loss=0.0000  abstain_class_balance=0.000  abstain_head_acc=1.000
[real_seed_r2_1] pilot 1 step  77000  lr=4.59e-04  loss=0.7722  val_acc={1: 1.0, 2: 1.0, 3: 1.0}  elapsed=6561s  PASS  abstain_loss=0.0000  abstain_class_balance=0.000  abstain_head_acc=1.000
[real_seed_r2_1] pilot 1 step  77100  lr=4.55e-04  loss=0.6835  val_acc={1: 1.0, 2: 1.0, 3: 1.0}  elapsed=6573s  PASS  abstain_loss=0.0000  abstain_class_balance=0.000  abstain_head_acc=1.000
[real_seed_r2_1] pilot 1 step  77200  lr=4.52e-04  loss=0.7939  val_acc={1: 1.0, 2: 1.0, 3: 1.0}  elapsed=6581s  PASS  abstain_loss=0.0000  abstain_class_balance=0.000  abstain_head_acc=1.000
[real_seed_r2_1] pilot 1 step  77300  lr=4.49e-04  loss=0.7756  val_acc={1: 1.0, 2: 1.0, 3: 1.0}  elapsed=6589s  PASS  abstain_loss=0.0000  abstain_class_balance=0.000  abstain_head_acc=1.000
[real_seed_r2_1] pilot 1 step  77400  lr=4.46e-04  loss=0.6922  val_acc={1: 1.0, 2: 1.0, 3: 1.0}  elapsed=6597s  PASS  abstain_loss=0.0000  abstain_class_balance=0.000  abstain_head_acc=1.000
[real_seed_r2_1] pilot 1 step  77500  lr=4.43e-04  loss=0.7970  val_acc={1: 1.0, 2: 1.0, 3: 1.0}  elapsed=6605s  PASS  abstain_loss=0.0000  abstain_class_balance=0.000  abstain_head_acc=1.000
[real_seed_r2_1] pilot 1 step  77600  lr=4.39e-04  loss=0.7672  val_acc={1: 1.0, 2: 1.0, 3: 1.0}  elapsed=6615s  PASS  abstain_loss=0.0000  abstain_class_balance=0.000  abstain_head_acc=1.000
[real_seed_r2_1] pilot 1 step  77700  lr=4.36e-04  loss=0.6919  val_acc={1: 1.0, 2: 1.0, 3: 1.0}  elapsed=6623s  PASS  abstain_loss=0.0000  abstain_class_balance=0.000  abstain_head_acc=1.000
[real_seed_r2_1] pilot 1 step  77800  lr=4.33e-04  loss=0.8001  val_acc={1: 1.0, 2: 1.0, 3: 1.0}  elapsed=6631s  PASS  abstain_loss=0.0000  abstain_class_balance=0.000  abstain_head_acc=1.000
[real_seed_r2_1] pilot 1 step  77900  lr=4.30e-04  loss=0.7792  val_acc={1: 1.0, 2: 1.0, 3: 1.0}  elapsed=6639s  PASS  abstain_loss=0.0000  abstain_class_balance=0.000  abstain_head_acc=1.000
[real_seed_r2_1] pilot 1 step  78000  lr=4.27e-04  loss=0.6836  val_acc={1: 1.0, 2: 1.0, 3: 1.0}  elapsed=6648s  PASS  abstain_loss=0.0000  abstain_class_balance=0.000  abstain_head_acc=1.000
[real_seed_r2_1] pilot 1 step  78100  lr=4.24e-04  loss=0.7875  val_acc={1: 1.0, 2: 1.0, 3: 1.0}  elapsed=6657s  PASS  abstain_loss=0.0000  abstain_class_balance=0.000  abstain_head_acc=1.000
[real_seed_r2_1] pilot 1 step  78200  lr=4.21e-04  loss=0.7674  val_acc={1: 1.0, 2: 1.0, 3: 1.0}  elapsed=6666s  PASS  abstain_loss=0.0000  abstain_class_balance=0.000  abstain_head_acc=1.000
[real_seed_r2_1] pilot 1 step  78300  lr=4.18e-04  loss=0.6763  val_acc={1: 1.0, 2: 1.0, 3: 1.0}  elapsed=6674s  PASS  abstain_loss=0.0000  abstain_class_balance=0.000  abstain_head_acc=1.000
[real_seed_r2_1] pilot 1 step  78400  lr=4.15e-04  loss=0.8007  val_acc={1: 1.0, 2: 1.0, 3: 1.0}  elapsed=6681s  PASS  abstain_loss=0.0000  abstain_class_balance=0.000  abstain_head_acc=1.000
[real_seed_r2_1] pilot 1 step  78500  lr=4.12e-04  loss=0.7746  val_acc={1: 1.0, 2: 1.0, 3: 1.0}  elapsed=6690s  PASS  abstain_loss=0.0000  abstain_class_balance=0.000  abstain_head_acc=1.000
[real_seed_r2_1] pilot 1 step  78600  lr=4.09e-04  loss=0.6732  val_acc={1: 1.0, 2: 1.0, 3: 1.0}  elapsed=6699s  PASS  abstain_loss=0.0000  abstain_class_balance=0.000  abstain_head_acc=1.000
[real_seed_r2_1] pilot 1 step  78700  lr=4.06e-04  loss=0.7947  val_acc={1: 1.0, 2: 1.0, 3: 1.0}  elapsed=6707s  PASS  abstain_loss=0.0000  abstain_class_balance=0.000  abstain_head_acc=1.000
[real_seed_r2_1] pilot 1 step  78800  lr=4.03e-04  loss=0.7647  val_acc={1: 1.0, 2: 1.0, 3: 1.0}  elapsed=6715s  PASS  abstain_loss=0.0000  abstain_class_balance=0.000  abstain_head_acc=1.000
[real_seed_r2_1] pilot 1 step  78900  lr=4.00e-04  loss=0.6921  val_acc={1: 1.0, 2: 1.0, 3: 1.0}  elapsed=6724s  PASS  abstain_loss=0.0000  abstain_class_balance=0.000  abstain_head_acc=1.000
[real_seed_r2_1] pilot 1 step  79000  lr=3.97e-04  loss=0.7961  val_acc={1: 1.0, 2: 1.0, 3: 1.0}  elapsed=6735s  PASS  abstain_loss=0.0000  abstain_class_balance=0.000  abstain_head_acc=1.000
[real_seed_r2_1] pilot 1 step  79100  lr=3.94e-04  loss=0.7692  val_acc={1: 1.0, 2: 1.0, 3: 1.0}  elapsed=6745s  PASS  abstain_loss=0.0000  abstain_class_balance=0.000  abstain_head_acc=1.000
[real_seed_r2_1] pilot 1 step  79200  lr=3.91e-04  loss=0.6778  val_acc={1: 1.0, 2: 1.0, 3: 1.0}  elapsed=6753s  PASS  abstain_loss=0.0000  abstain_class_balance=0.000  abstain_head_acc=1.000
[real_seed_r2_1] pilot 1 step  79300  lr=3.88e-04  loss=0.8032  val_acc={1: 1.0, 2: 1.0, 3: 1.0}  elapsed=6762s  PASS  abstain_loss=0.0000  abstain_class_balance=0.000  abstain_head_acc=1.000
[real_seed_r2_1] pilot 1 step  79400  lr=3.85e-04  loss=0.7690  val_acc={1: 1.0, 2: 1.0, 3: 1.0}  elapsed=6771s  PASS  abstain_loss=0.0000  abstain_class_balance=0.000  abstain_head_acc=1.000
[real_seed_r2_1] pilot 1 step  79500  lr=3.82e-04  loss=0.6804  val_acc={1: 1.0, 2: 1.0, 3: 1.0}  elapsed=6778s  PASS  abstain_loss=0.0000  abstain_class_balance=0.000  abstain_head_acc=1.000
[real_seed_r2_1] pilot 1 step  79600  lr=3.79e-04  loss=0.8086  val_acc={1: 1.0, 2: 1.0, 3: 1.0}  elapsed=6787s  PASS  abstain_loss=0.0000  abstain_class_balance=0.000  abstain_head_acc=1.000
[real_seed_r2_1] pilot 1 step  79700  lr=3.76e-04  loss=0.7668  val_acc={1: 1.0, 2: 1.0, 3: 1.0}  elapsed=6796s  PASS  abstain_loss=0.0000  abstain_class_balance=0.000  abstain_head_acc=1.000
[real_seed_r2_1] pilot 1 step  79800  lr=3.73e-04  loss=0.6908  val_acc={1: 1.0, 2: 1.0, 3: 1.0}  elapsed=6805s  PASS  abstain_loss=0.0000  abstain_class_balance=0.000  abstain_head_acc=1.000
[real_seed_r2_1] pilot 1 step  79900  lr=3.70e-04  loss=0.8060  val_acc={1: 1.0, 2: 1.0, 3: 1.0}  elapsed=6812s  PASS  abstain_loss=0.0000  abstain_class_balance=0.000  abstain_head_acc=1.000
[real_seed_r2_1] pilot 1 step  80000  lr=3.67e-04  loss=0.7697  val_acc={1: 1.0, 2: 1.0, 3: 1.0}  elapsed=6820s  PASS  abstain_loss=0.0000  abstain_class_balance=0.000  abstain_head_acc=1.000
[real_seed_r2_1] pilot 1 step  80100  lr=3.64e-04  loss=0.6873  val_acc={1: 1.0, 2: 1.0, 3: 1.0}  elapsed=6827s  PASS  abstain_loss=0.0000  abstain_class_balance=0.000  abstain_head_acc=1.000
[real_seed_r2_1] pilot 1 step  80200  lr=3.61e-04  loss=0.7940  val_acc={1: 1.0, 2: 1.0, 3: 1.0}  elapsed=6835s  PASS  abstain_loss=0.0000  abstain_class_balance=0.000  abstain_head_acc=1.000
[real_seed_r2_1] pilot 1 step  80300  lr=3.58e-04  loss=0.7668  val_acc={1: 1.0, 2: 1.0, 3: 1.0}  elapsed=6843s  PASS  abstain_loss=0.0000  abstain_class_balance=0.000  abstain_head_acc=1.000
[real_seed_r2_1] pilot 1 step  80400  lr=3.56e-04  loss=0.6909  val_acc={1: 1.0, 2: 1.0, 3: 1.0}  elapsed=6854s  PASS  abstain_loss=0.0000  abstain_class_balance=0.000  abstain_head_acc=1.000
[real_seed_r2_1] pilot 1 step  80500  lr=3.53e-04  loss=0.7924  val_acc={1: 1.0, 2: 1.0, 3: 1.0}  elapsed=6862s  PASS  abstain_loss=0.0000  abstain_class_balance=0.000  abstain_head_acc=1.000
[real_seed_r2_1] pilot 1 step  80600  lr=3.50e-04  loss=0.7723  val_acc={1: 1.0, 2: 1.0, 3: 1.0}  elapsed=6869s  PASS  abstain_loss=0.0000  abstain_class_balance=0.000  abstain_head_acc=1.000
[real_seed_r2_1] pilot 1 step  80700  lr=3.47e-04  loss=0.6976  val_acc={1: 1.0, 2: 1.0, 3: 1.0}  elapsed=6877s  PASS  abstain_loss=0.0000  abstain_class_balance=0.000  abstain_head_acc=1.000
[real_seed_r2_1] pilot 1 step  80800  lr=3.44e-04  loss=0.7974  val_acc={1: 1.0, 2: 1.0, 3: 1.0}  elapsed=6886s  PASS  abstain_loss=0.0000  abstain_class_balance=0.000  abstain_head_acc=1.000
[real_seed_r2_1] pilot 1 step  80900  lr=3.42e-04  loss=0.7650  val_acc={1: 1.0, 2: 1.0, 3: 1.0}  elapsed=6893s  PASS  abstain_loss=0.0000  abstain_class_balance=0.000  abstain_head_acc=1.000
[real_seed_r2_1] pilot 1 step  81000  lr=3.39e-04  loss=0.6717  val_acc={1: 1.0, 2: 1.0, 3: 1.0}  elapsed=6901s  PASS  abstain_loss=0.0000  abstain_class_balance=0.000  abstain_head_acc=1.000
[real_seed_r2_1] pilot 1 step  81100  lr=3.36e-04  loss=0.7892  val_acc={1: 1.0, 2: 1.0, 3: 1.0}  elapsed=6909s  PASS  abstain_loss=0.0000  abstain_class_balance=0.000  abstain_head_acc=1.000
[real_seed_r2_1] pilot 1 step  81200  lr=3.33e-04  loss=0.7712  val_acc={1: 1.0, 2: 1.0, 3: 1.0}  elapsed=6918s  PASS  abstain_loss=0.0000  abstain_class_balance=0.000  abstain_head_acc=1.000
[real_seed_r2_1] pilot 1 step  81300  lr=3.30e-04  loss=0.6777  val_acc={1: 1.0, 2: 1.0, 3: 1.0}  elapsed=6926s  PASS  abstain_loss=0.0000  abstain_class_balance=0.000  abstain_head_acc=1.000
[real_seed_r2_1] pilot 1 step  81400  lr=3.28e-04  loss=0.7998  val_acc={1: 1.0, 2: 1.0, 3: 1.0}  elapsed=6936s  PASS  abstain_loss=0.0000  abstain_class_balance=0.000  abstain_head_acc=1.000
[real_seed_r2_1] pilot 1 step  81500  lr=3.25e-04  loss=0.7734  val_acc={1: 1.0, 2: 1.0, 3: 1.0}  elapsed=6948s  PASS  abstain_loss=0.0000  abstain_class_balance=0.000  abstain_head_acc=1.000
[real_seed_r2_1] pilot 1 step  81600  lr=3.22e-04  loss=0.6766  val_acc={1: 1.0, 2: 1.0, 3: 1.0}  elapsed=6956s  PASS  abstain_loss=0.0000  abstain_class_balance=0.000  abstain_head_acc=1.000
[real_seed_r2_1] pilot 1 step  81700  lr=3.20e-04  loss=0.7945  val_acc={1: 1.0, 2: 1.0, 3: 1.0}  elapsed=6965s  PASS  abstain_loss=0.0000  abstain_class_balance=0.000  abstain_head_acc=1.000
[real_seed_r2_1] pilot 1 step  81800  lr=3.17e-04  loss=0.7669  val_acc={1: 1.0, 2: 1.0, 3: 1.0}  elapsed=6973s  PASS  abstain_loss=0.0000  abstain_class_balance=0.000  abstain_head_acc=1.000
[real_seed_r2_1] pilot 1 step  81900  lr=3.14e-04  loss=0.6929  val_acc={1: 1.0, 2: 1.0, 3: 1.0}  elapsed=6982s  PASS  abstain_loss=0.0004  abstain_class_balance=0.000  abstain_head_acc=1.000
[real_seed_r2_1] pilot 1 step  82000  lr=3.11e-04  loss=0.7927  val_acc={1: 1.0, 2: 1.0, 3: 1.0}  elapsed=6990s  PASS  abstain_loss=0.0000  abstain_class_balance=0.000  abstain_head_acc=1.000
[real_seed_r2_1] pilot 1 step  82100  lr=3.09e-04  loss=0.7739  val_acc={1: 1.0, 2: 1.0, 3: 1.0}  elapsed=7000s  PASS  abstain_loss=0.0000  abstain_class_balance=0.000  abstain_head_acc=1.000
[real_seed_r2_1] pilot 1 step  82200  lr=3.06e-04  loss=0.6778  val_acc={1: 1.0, 2: 1.0, 3: 1.0}  elapsed=7007s  PASS  abstain_loss=0.0000  abstain_class_balance=0.000  abstain_head_acc=1.000
[real_seed_r2_1] pilot 1 step  82300  lr=3.04e-04  loss=0.7944  val_acc={1: 1.0, 2: 1.0, 3: 1.0}  elapsed=7016s  PASS  abstain_loss=0.0000  abstain_class_balance=0.000  abstain_head_acc=1.000
[real_seed_r2_1] pilot 1 step  82400  lr=3.01e-04  loss=0.7681  val_acc={1: 1.0, 2: 1.0, 3: 1.0}  elapsed=7025s  PASS  abstain_loss=0.0000  abstain_class_balance=0.000  abstain_head_acc=1.000
[real_seed_r2_1] pilot 1 step  82500  lr=2.98e-04  loss=0.6803  val_acc={1: 1.0, 2: 1.0, 3: 1.0}  elapsed=7033s  PASS  abstain_loss=0.0000  abstain_class_balance=0.000  abstain_head_acc=1.000
[real_seed_r2_1] pilot 1 step  82600  lr=2.96e-04  loss=0.7861  val_acc={1: 1.0, 2: 1.0, 3: 1.0}  elapsed=7042s  PASS  abstain_loss=0.0000  abstain_class_balance=0.000  abstain_head_acc=1.000
[real_seed_r2_1] pilot 1 step  82700  lr=2.93e-04  loss=0.7722  val_acc={1: 1.0, 2: 1.0, 3: 1.0}  elapsed=7050s  PASS  abstain_loss=0.0000  abstain_class_balance=0.000  abstain_head_acc=1.000
[real_seed_r2_1] pilot 1 step  82800  lr=2.90e-04  loss=0.6815  val_acc={1: 1.0, 2: 1.0, 3: 1.0}  elapsed=7058s  PASS  abstain_loss=0.0000  abstain_class_balance=0.000  abstain_head_acc=1.000
[real_seed_r2_1] pilot 1 step  82900  lr=2.88e-04  loss=0.7985  val_acc={1: 1.0, 2: 1.0, 3: 1.0}  elapsed=7068s  PASS  abstain_loss=0.0000  abstain_class_balance=0.000  abstain_head_acc=1.000
[real_seed_r2_1] pilot 1 step  83000  lr=2.85e-04  loss=0.7699  val_acc={1: 1.0, 2: 1.0, 3: 1.0}  elapsed=7078s  PASS  abstain_loss=0.0000  abstain_class_balance=0.000  abstain_head_acc=1.000
[real_seed_r2_1] pilot 1 step  83100  lr=2.83e-04  loss=0.6784  val_acc={1: 1.0, 2: 1.0, 3: 1.0}  elapsed=7086s  PASS  abstain_loss=0.0000  abstain_class_balance=0.000  abstain_head_acc=1.000
[real_seed_r2_1] pilot 1 step  83200  lr=2.80e-04  loss=0.7934  val_acc={1: 1.0, 2: 1.0, 3: 1.0}  elapsed=7095s  PASS  abstain_loss=0.0000  abstain_class_balance=0.000  abstain_head_acc=1.000
[real_seed_r2_1] pilot 1 step  83300  lr=2.78e-04  loss=0.7684  val_acc={1: 1.0, 2: 1.0, 3: 1.0}  elapsed=7104s  PASS  abstain_loss=0.0000  abstain_class_balance=0.000  abstain_head_acc=1.000
[real_seed_r2_1] pilot 1 step  83400  lr=2.75e-04  loss=0.6647  val_acc={1: 1.0, 2: 1.0, 3: 1.0}  elapsed=7111s  PASS  abstain_loss=0.0000  abstain_class_balance=0.000  abstain_head_acc=1.000
[real_seed_r2_1] pilot 1 step  83500  lr=2.73e-04  loss=0.7981  val_acc={1: 1.0, 2: 1.0, 3: 1.0}  elapsed=7119s  PASS  abstain_loss=0.0000  abstain_class_balance=0.000  abstain_head_acc=1.000
[real_seed_r2_1] pilot 1 step  83600  lr=2.70e-04  loss=0.7702  val_acc={1: 1.0, 2: 1.0, 3: 1.0}  elapsed=7127s  PASS  abstain_loss=0.0000  abstain_class_balance=0.000  abstain_head_acc=1.000
[real_seed_r2_1] pilot 1 step  83700  lr=2.68e-04  loss=0.6849  val_acc={1: 1.0, 2: 1.0, 3: 1.0}  elapsed=7138s  PASS  abstain_loss=0.0000  abstain_class_balance=0.000  abstain_head_acc=1.000
[real_seed_r2_1] pilot 1 step  83800  lr=2.65e-04  loss=0.7943  val_acc={1: 1.0, 2: 1.0, 3: 1.0}  elapsed=7151s  PASS  abstain_loss=0.0000  abstain_class_balance=0.000  abstain_head_acc=1.000
[real_seed_r2_1] pilot 1 step  83900  lr=2.63e-04  loss=0.7686  val_acc={1: 1.0, 2: 1.0, 3: 1.0}  elapsed=7157s  PASS  abstain_loss=0.0000  abstain_class_balance=0.000  abstain_head_acc=1.000
[real_seed_r2_1] pilot 1 step  84000  lr=2.60e-04  loss=0.6822  val_acc={1: 1.0, 2: 1.0, 3: 1.0}  elapsed=7166s  PASS  abstain_loss=0.0000  abstain_class_balance=0.000  abstain_head_acc=1.000
[real_seed_r2_1] pilot 1 step  84100  lr=2.58e-04  loss=0.7914  val_acc={1: 1.0, 2: 1.0, 3: 1.0}  elapsed=7173s  PASS  abstain_loss=0.0000  abstain_class_balance=0.000  abstain_head_acc=1.000
[real_seed_r2_1] pilot 1 step  84200  lr=2.56e-04  loss=0.7647  val_acc={1: 1.0, 2: 1.0, 3: 1.0}  elapsed=7180s  PASS  abstain_loss=0.0000  abstain_class_balance=0.000  abstain_head_acc=1.000
[real_seed_r2_1] pilot 1 step  84300  lr=2.53e-04  loss=0.6765  val_acc={1: 1.0, 2: 1.0, 3: 1.0}  elapsed=7190s  PASS  abstain_loss=0.0000  abstain_class_balance=0.000  abstain_head_acc=1.000
[real_seed_r2_1] pilot 1 step  84400  lr=2.51e-04  loss=0.8081  val_acc={1: 1.0, 2: 1.0, 3: 1.0}  elapsed=7198s  PASS  abstain_loss=0.0000  abstain_class_balance=0.000  abstain_head_acc=1.000
[real_seed_r2_1] pilot 1 step  84500  lr=2.48e-04  loss=0.7697  val_acc={1: 1.0, 2: 1.0, 3: 1.0}  elapsed=7207s  PASS  abstain_loss=0.0000  abstain_class_balance=0.000  abstain_head_acc=1.000
[real_seed_r2_1] pilot 1 step  84600  lr=2.46e-04  loss=0.6800  val_acc={1: 1.0, 2: 1.0, 3: 1.0}  elapsed=7216s  PASS  abstain_loss=0.0000  abstain_class_balance=0.000  abstain_head_acc=1.000
[real_seed_r2_1] pilot 1 step  84700  lr=2.44e-04  loss=0.7934  val_acc={1: 1.0, 2: 1.0, 3: 1.0}  elapsed=7224s  PASS  abstain_loss=0.0000  abstain_class_balance=0.000  abstain_head_acc=1.000
[real_seed_r2_1] pilot 1 step  84800  lr=2.41e-04  loss=0.7647  val_acc={1: 1.0, 2: 1.0, 3: 1.0}  elapsed=7234s  PASS  abstain_loss=0.0000  abstain_class_balance=0.000  abstain_head_acc=1.000
[real_seed_r2_1] pilot 1 step  84900  lr=2.39e-04  loss=0.6763  val_acc={1: 1.0, 2: 1.0, 3: 1.0}  elapsed=7247s  PASS  abstain_loss=0.0000  abstain_class_balance=0.000  abstain_head_acc=1.000
[real_seed_r2_1] pilot 1 step  85000  lr=2.37e-04  loss=0.8002  val_acc={1: 1.0, 2: 1.0, 3: 1.0}  elapsed=7255s  PASS  abstain_loss=0.0000  abstain_class_balance=0.000  abstain_head_acc=1.000
[real_seed_r2_1] pilot 1 step  85100  lr=2.34e-04  loss=0.7705  val_acc={1: 1.0, 2: 1.0, 3: 1.0}  elapsed=7262s  PASS  abstain_loss=0.0000  abstain_class_balance=0.000  abstain_head_acc=1.000
[real_seed_r2_1] pilot 1 step  85200  lr=2.32e-04  loss=0.6679  val_acc={1: 1.0, 2: 1.0, 3: 1.0}  elapsed=7271s  PASS  abstain_loss=0.0000  abstain_class_balance=0.000  abstain_head_acc=1.000
[real_seed_r2_1] pilot 1 step  85300  lr=2.30e-04  loss=0.7908  val_acc={1: 1.0, 2: 1.0, 3: 1.0}  elapsed=7278s  PASS  abstain_loss=0.0000  abstain_class_balance=0.000  abstain_head_acc=1.000
[real_seed_r2_1] pilot 1 step  85400  lr=2.27e-04  loss=0.7694  val_acc={1: 1.0, 2: 1.0, 3: 1.0}  elapsed=7286s  PASS  abstain_loss=0.0000  abstain_class_balance=0.000  abstain_head_acc=1.000
[real_seed_r2_1] pilot 1 step  85500  lr=2.25e-04  loss=0.6865  val_acc={1: 1.0, 2: 1.0, 3: 1.0}  elapsed=7298s  PASS  abstain_loss=0.0000  abstain_class_balance=0.000  abstain_head_acc=1.000
[real_seed_r2_1] pilot 1 step  85600  lr=2.23e-04  loss=0.7988  val_acc={1: 1.0, 2: 1.0, 3: 1.0}  elapsed=7307s  PASS  abstain_loss=0.0000  abstain_class_balance=0.000  abstain_head_acc=1.000
[real_seed_r2_1] pilot 1 step  85700  lr=2.21e-04  loss=0.7615  val_acc={1: 1.0, 2: 1.0, 3: 1.0}  elapsed=7317s  PASS  abstain_loss=0.0000  abstain_class_balance=0.000  abstain_head_acc=1.000
[real_seed_r2_1] pilot 1 step  85800  lr=2.18e-04  loss=0.6779  val_acc={1: 1.0, 2: 1.0, 3: 1.0}  elapsed=7326s  PASS  abstain_loss=0.0000  abstain_class_balance=0.000  abstain_head_acc=1.000
[real_seed_r2_1] pilot 1 step  85900  lr=2.16e-04  loss=0.7871  val_acc={1: 1.0, 2: 1.0, 3: 1.0}  elapsed=7335s  PASS  abstain_loss=0.0000  abstain_class_balance=0.000  abstain_head_acc=1.000
[real_seed_r2_1] pilot 1 step  86000  lr=2.14e-04  loss=0.7659  val_acc={1: 1.0, 2: 1.0, 3: 1.0}  elapsed=7343s  PASS  abstain_loss=0.0000  abstain_class_balance=0.000  abstain_head_acc=1.000
[real_seed_r2_1] pilot 1 step  86100  lr=2.12e-04  loss=0.6800  val_acc={1: 1.0, 2: 1.0, 3: 1.0}  elapsed=7351s  PASS  abstain_loss=0.0000  abstain_class_balance=0.000  abstain_head_acc=1.000
[real_seed_r2_1] pilot 1 step  86200  lr=2.10e-04  loss=0.8028  val_acc={1: 1.0, 2: 1.0, 3: 1.0}  elapsed=7360s  PASS  abstain_loss=0.0000  abstain_class_balance=0.000  abstain_head_acc=1.000
[real_seed_r2_1] pilot 1 step  86300  lr=2.08e-04  loss=0.7652  val_acc={1: 1.0, 2: 1.0, 3: 1.0}  elapsed=7370s  PASS  abstain_loss=0.0000  abstain_class_balance=0.000  abstain_head_acc=1.000
[real_seed_r2_1] pilot 1 step  86400  lr=2.05e-04  loss=0.6769  val_acc={1: 1.0, 2: 1.0, 3: 1.0}  elapsed=7381s  PASS  abstain_loss=0.0000  abstain_class_balance=0.000  abstain_head_acc=1.000
[real_seed_r2_1] pilot 1 step  86500  lr=2.03e-04  loss=0.7845  val_acc={1: 1.0, 2: 1.0, 3: 1.0}  elapsed=7390s  PASS  abstain_loss=0.0000  abstain_class_balance=0.000  abstain_head_acc=1.000
[real_seed_r2_1] pilot 1 step  86600  lr=2.01e-04  loss=0.7757  val_acc={1: 1.0, 2: 1.0, 3: 1.0}  elapsed=7399s  PASS  abstain_loss=0.0000  abstain_class_balance=0.000  abstain_head_acc=1.000
[real_seed_r2_1] pilot 1 step  86700  lr=1.99e-04  loss=0.6906  val_acc={1: 1.0, 2: 1.0, 3: 1.0}  elapsed=7406s  PASS  abstain_loss=0.0000  abstain_class_balance=0.000  abstain_head_acc=1.000
[real_seed_r2_1] pilot 1 step  86800  lr=1.97e-04  loss=0.7907  val_acc={1: 1.0, 2: 1.0, 3: 1.0}  elapsed=7414s  PASS  abstain_loss=0.0000  abstain_class_balance=0.000  abstain_head_acc=1.000
[real_seed_r2_1] pilot 1 step  86900  lr=1.95e-04  loss=0.7656  val_acc={1: 1.0, 2: 1.0, 3: 1.0}  elapsed=7422s  PASS  abstain_loss=0.0000  abstain_class_balance=0.000  abstain_head_acc=1.000
[real_seed_r2_1] pilot 1 step  87000  lr=1.93e-04  loss=0.6818  val_acc={1: 1.0, 2: 1.0, 3: 1.0}  elapsed=7431s  PASS  abstain_loss=0.0000  abstain_class_balance=0.000  abstain_head_acc=1.000
[real_seed_r2_1] pilot 1 step  87100  lr=1.91e-04  loss=0.7988  val_acc={1: 1.0, 2: 1.0, 3: 1.0}  elapsed=7440s  PASS  abstain_loss=0.0000  abstain_class_balance=0.000  abstain_head_acc=1.000
[real_seed_r2_1] pilot 1 step  87200  lr=1.89e-04  loss=0.7659  val_acc={1: 1.0, 2: 1.0, 3: 1.0}  elapsed=7447s  PASS  abstain_loss=0.0000  abstain_class_balance=0.000  abstain_head_acc=1.000
[real_seed_r2_1] pilot 1 step  87300  lr=1.87e-04  loss=0.6740  val_acc={1: 1.0, 2: 1.0, 3: 1.0}  elapsed=7456s  PASS  abstain_loss=0.0000  abstain_class_balance=0.000  abstain_head_acc=1.000
[real_seed_r2_1] pilot 1 step  87400  lr=1.84e-04  loss=0.7952  val_acc={1: 1.0, 2: 1.0, 3: 1.0}  elapsed=7464s  PASS  abstain_loss=0.0000  abstain_class_balance=0.000  abstain_head_acc=1.000
[real_seed_r2_1] pilot 1 step  87500  lr=1.82e-04  loss=0.7707  val_acc={1: 1.0, 2: 1.0, 3: 1.0}  elapsed=7473s  PASS  abstain_loss=0.0000  abstain_class_balance=0.000  abstain_head_acc=1.000
[real_seed_r2_1] pilot 1 step  87600  lr=1.80e-04  loss=0.6895  val_acc={1: 1.0, 2: 1.0, 3: 1.0}  elapsed=7482s  PASS  abstain_loss=0.0000  abstain_class_balance=0.000  abstain_head_acc=1.000
[real_seed_r2_1] pilot 1 step  87700  lr=1.78e-04  loss=0.8041  val_acc={1: 1.0, 2: 1.0, 3: 1.0}  elapsed=7491s  PASS  abstain_loss=0.0000  abstain_class_balance=0.000  abstain_head_acc=1.000
[real_seed_r2_1] pilot 1 step  87800  lr=1.76e-04  loss=0.7725  val_acc={1: 1.0, 2: 1.0, 3: 1.0}  elapsed=7499s  PASS  abstain_loss=0.0000  abstain_class_balance=0.000  abstain_head_acc=1.000
[real_seed_r2_1] pilot 1 step  87900  lr=1.75e-04  loss=0.6871  val_acc={1: 1.0, 2: 1.0, 3: 1.0}  elapsed=7507s  PASS  abstain_loss=0.0000  abstain_class_balance=0.000  abstain_head_acc=1.000
[real_seed_r2_1] pilot 1 step  88000  lr=1.73e-04  loss=0.7910  val_acc={1: 1.0, 2: 1.0, 3: 1.0}  elapsed=7515s  PASS  abstain_loss=0.0000  abstain_class_balance=0.000  abstain_head_acc=1.000
[real_seed_r2_1] pilot 1 step  88100  lr=1.71e-04  loss=0.7740  val_acc={1: 1.0, 2: 1.0, 3: 1.0}  elapsed=7523s  PASS  abstain_loss=0.0000  abstain_class_balance=0.000  abstain_head_acc=1.000
[real_seed_r2_1] pilot 1 step  88200  lr=1.69e-04  loss=0.6733  val_acc={1: 1.0, 2: 1.0, 3: 1.0}  elapsed=7532s  PASS  abstain_loss=0.0000  abstain_class_balance=0.000  abstain_head_acc=1.000
[real_seed_r2_1] pilot 1 step  88300  lr=1.67e-04  loss=0.7913  val_acc={1: 1.0, 2: 1.0, 3: 1.0}  elapsed=7539s  PASS  abstain_loss=0.0000  abstain_class_balance=0.000  abstain_head_acc=1.000
[real_seed_r2_1] pilot 1 step  88400  lr=1.65e-04  loss=0.7655  val_acc={1: 1.0, 2: 1.0, 3: 1.0}  elapsed=7549s  PASS  abstain_loss=0.0000  abstain_class_balance=0.000  abstain_head_acc=1.000
[real_seed_r2_1] pilot 1 step  88500  lr=1.63e-04  loss=0.6710  val_acc={1: 1.0, 2: 1.0, 3: 1.0}  elapsed=7558s  PASS  abstain_loss=0.0000  abstain_class_balance=0.000  abstain_head_acc=1.000
[real_seed_r2_1] pilot 1 step  88600  lr=1.61e-04  loss=0.7938  val_acc={1: 1.0, 2: 1.0, 3: 1.0}  elapsed=7567s  PASS  abstain_loss=0.0000  abstain_class_balance=0.000  abstain_head_acc=1.000
[real_seed_r2_1] pilot 1 step  88700  lr=1.59e-04  loss=0.7819  val_acc={1: 1.0, 2: 1.0, 3: 1.0}  elapsed=7576s  PASS  abstain_loss=0.0000  abstain_class_balance=0.000  abstain_head_acc=1.000
[real_seed_r2_1] pilot 1 step  88800  lr=1.57e-04  loss=0.6791  val_acc={1: 1.0, 2: 1.0, 3: 1.0}  elapsed=7584s  PASS  abstain_loss=0.0000  abstain_class_balance=0.000  abstain_head_acc=1.000
[real_seed_r2_1] pilot 1 step  88900  lr=1.56e-04  loss=0.7894  val_acc={1: 1.0, 2: 1.0, 3: 1.0}  elapsed=7593s  PASS  abstain_loss=0.0000  abstain_class_balance=0.000  abstain_head_acc=1.000
[real_seed_r2_1] pilot 1 step  89000  lr=1.54e-04  loss=0.7669  val_acc={1: 1.0, 2: 1.0, 3: 1.0}  elapsed=7601s  PASS  abstain_loss=0.0000  abstain_class_balance=0.000  abstain_head_acc=1.000
[real_seed_r2_1] pilot 1 step  89100  lr=1.52e-04  loss=0.6728  val_acc={1: 1.0, 2: 1.0, 3: 1.0}  elapsed=7611s  PASS  abstain_loss=0.0000  abstain_class_balance=0.000  abstain_head_acc=1.000
[real_seed_r2_1] pilot 1 step  89200  lr=1.50e-04  loss=0.7964  val_acc={1: 1.0, 2: 1.0, 3: 1.0}  elapsed=7618s  PASS  abstain_loss=0.0000  abstain_class_balance=0.000  abstain_head_acc=1.000
[real_seed_r2_1] pilot 1 step  89300  lr=1.48e-04  loss=0.7666  val_acc={1: 1.0, 2: 1.0, 3: 1.0}  elapsed=7627s  PASS  abstain_loss=0.0000  abstain_class_balance=0.000  abstain_head_acc=1.000
[real_seed_r2_1] pilot 1 step  89400  lr=1.47e-04  loss=0.6733  val_acc={1: 1.0, 2: 1.0, 3: 1.0}  elapsed=7635s  PASS  abstain_loss=0.0000  abstain_class_balance=0.000  abstain_head_acc=1.000
[real_seed_r2_1] pilot 1 step  89500  lr=1.45e-04  loss=0.7986  val_acc={1: 1.0, 2: 1.0, 3: 1.0}  elapsed=7643s  PASS  abstain_loss=0.0000  abstain_class_balance=0.000  abstain_head_acc=1.000
[real_seed_r2_1] pilot 1 step  89600  lr=1.43e-04  loss=0.7622  val_acc={1: 1.0, 2: 1.0, 3: 1.0}  elapsed=7651s  PASS  abstain_loss=0.0000  abstain_class_balance=0.000  abstain_head_acc=1.000
[real_seed_r2_1] pilot 1 step  89700  lr=1.41e-04  loss=0.6776  val_acc={1: 1.0, 2: 1.0, 3: 1.0}  elapsed=7661s  PASS  abstain_loss=0.0000  abstain_class_balance=0.000  abstain_head_acc=1.000
[real_seed_r2_1] pilot 1 step  89800  lr=1.40e-04  loss=0.7974  val_acc={1: 1.0, 2: 1.0, 3: 1.0}  elapsed=7669s  PASS  abstain_loss=0.0000  abstain_class_balance=0.000  abstain_head_acc=1.000
[real_seed_r2_1] pilot 1 step  89900  lr=1.38e-04  loss=0.7672  val_acc={1: 1.0, 2: 1.0, 3: 1.0}  elapsed=7677s  PASS  abstain_loss=0.0000  abstain_class_balance=0.000  abstain_head_acc=1.000
[real_seed_r2_1] pilot 1 step  90000  lr=1.36e-04  loss=0.6941  val_acc={1: 1.0, 2: 1.0, 3: 1.0}  elapsed=7684s  PASS  abstain_loss=0.0000  abstain_class_balance=0.000  abstain_head_acc=1.000
[real_seed_r2_1] pilot 1 step  90100  lr=1.34e-04  loss=0.8078  val_acc={1: 1.0, 2: 1.0, 3: 1.0}  elapsed=7694s  PASS  abstain_loss=0.0000  abstain_class_balance=0.000  abstain_head_acc=1.000
[real_seed_r2_1] pilot 1 step  90200  lr=1.33e-04  loss=0.7635  val_acc={1: 1.0, 2: 1.0, 3: 1.0}  elapsed=7702s  PASS  abstain_loss=0.0000  abstain_class_balance=0.000  abstain_head_acc=1.000
[real_seed_r2_1] pilot 1 step  90300  lr=1.31e-04  loss=0.6735  val_acc={1: 1.0, 2: 1.0, 3: 1.0}  elapsed=7712s  PASS  abstain_loss=0.0000  abstain_class_balance=0.000  abstain_head_acc=1.000
[real_seed_r2_1] pilot 1 step  90400  lr=1.30e-04  loss=0.8008  val_acc={1: 1.0, 2: 1.0, 3: 1.0}  elapsed=7720s  PASS  abstain_loss=0.0000  abstain_class_balance=0.000  abstain_head_acc=1.000
[real_seed_r2_1] pilot 1 step  90500  lr=1.28e-04  loss=0.7679  val_acc={1: 1.0, 2: 1.0, 3: 1.0}  elapsed=7727s  PASS  abstain_loss=0.0000  abstain_class_balance=0.000  abstain_head_acc=1.000
[real_seed_r2_1] pilot 1 step  90600  lr=1.26e-04  loss=0.6894  val_acc={1: 1.0, 2: 1.0, 3: 1.0}  elapsed=7737s  PASS  abstain_loss=0.0000  abstain_class_balance=0.000  abstain_head_acc=1.000
[real_seed_r2_1] pilot 1 step  90700  lr=1.25e-04  loss=0.7995  val_acc={1: 1.0, 2: 1.0, 3: 1.0}  elapsed=7744s  PASS  abstain_loss=0.0000  abstain_class_balance=0.000  abstain_head_acc=1.000
[real_seed_r2_1] pilot 1 step  90800  lr=1.23e-04  loss=0.7701  val_acc={1: 1.0, 2: 1.0, 3: 1.0}  elapsed=7754s  PASS  abstain_loss=0.0000  abstain_class_balance=0.000  abstain_head_acc=1.000
[real_seed_r2_1] pilot 1 step  90900  lr=1.21e-04  loss=0.6883  val_acc={1: 1.0, 2: 1.0, 3: 1.0}  elapsed=7764s  PASS  abstain_loss=0.0000  abstain_class_balance=0.000  abstain_head_acc=1.000
[real_seed_r2_1] pilot 1 step  91000  lr=1.20e-04  loss=0.8019  val_acc={1: 1.0, 2: 1.0, 3: 1.0}  elapsed=7772s  PASS  abstain_loss=0.0000  abstain_class_balance=0.000  abstain_head_acc=1.000
[real_seed_r2_1] pilot 1 step  91100  lr=1.18e-04  loss=0.7637  val_acc={1: 1.0, 2: 1.0, 3: 1.0}  elapsed=7782s  PASS  abstain_loss=0.0000  abstain_class_balance=0.000  abstain_head_acc=1.000
[real_seed_r2_1] pilot 1 step  91200  lr=1.17e-04  loss=0.6836  val_acc={1: 1.0, 2: 1.0, 3: 1.0}  elapsed=7791s  PASS  abstain_loss=0.0000  abstain_class_balance=0.000  abstain_head_acc=1.000
[real_seed_r2_1] pilot 1 step  91300  lr=1.15e-04  loss=0.7856  val_acc={1: 1.0, 2: 1.0, 3: 1.0}  elapsed=7799s  PASS  abstain_loss=0.0000  abstain_class_balance=0.000  abstain_head_acc=1.000
[real_seed_r2_1] pilot 1 step  91400  lr=1.14e-04  loss=0.7678  val_acc={1: 1.0, 2: 1.0, 3: 1.0}  elapsed=7807s  PASS  abstain_loss=0.0000  abstain_class_balance=0.000  abstain_head_acc=1.000
[real_seed_r2_1] pilot 1 step  91500  lr=1.12e-04  loss=0.6763  val_acc={1: 1.0, 2: 1.0, 3: 1.0}  elapsed=7814s  PASS  abstain_loss=0.0000  abstain_class_balance=0.000  abstain_head_acc=1.000
[real_seed_r2_1] pilot 1 step  91600  lr=1.11e-04  loss=0.8036  val_acc={1: 1.0, 2: 1.0, 3: 1.0}  elapsed=7825s  PASS  abstain_loss=0.0000  abstain_class_balance=0.000  abstain_head_acc=1.000
[real_seed_r2_1] pilot 1 step  91700  lr=1.09e-04  loss=0.7659  val_acc={1: 1.0, 2: 1.0, 3: 1.0}  elapsed=7833s  PASS  abstain_loss=0.0000  abstain_class_balance=0.000  abstain_head_acc=1.000
[real_seed_r2_1] pilot 1 step  91800  lr=1.08e-04  loss=0.6856  val_acc={1: 1.0, 2: 1.0, 3: 1.0}  elapsed=7841s  PASS  abstain_loss=0.0000  abstain_class_balance=0.000  abstain_head_acc=1.000
[real_seed_r2_1] pilot 1 step  91900  lr=1.06e-04  loss=0.7997  val_acc={1: 1.0, 2: 1.0, 3: 1.0}  elapsed=7849s  PASS  abstain_loss=0.0000  abstain_class_balance=0.000  abstain_head_acc=1.000
[real_seed_r2_1] pilot 1 step  92000  lr=1.05e-04  loss=0.7669  val_acc={1: 1.0, 2: 1.0, 3: 1.0}  elapsed=7857s  PASS  abstain_loss=0.0000  abstain_class_balance=0.000  abstain_head_acc=1.000
[real_seed_r2_1] pilot 1 step  92100  lr=1.04e-04  loss=0.6804  val_acc={1: 1.0, 2: 1.0, 3: 1.0}  elapsed=7866s  PASS  abstain_loss=0.0000  abstain_class_balance=0.000  abstain_head_acc=1.000
[real_seed_r2_1] pilot 1 step  92200  lr=1.02e-04  loss=0.7939  val_acc={1: 1.0, 2: 1.0, 3: 1.0}  elapsed=7875s  PASS  abstain_loss=0.0000  abstain_class_balance=0.000  abstain_head_acc=1.000
[real_seed_r2_1] pilot 1 step  92300  lr=1.01e-04  loss=0.7693  val_acc={1: 1.0, 2: 1.0, 3: 1.0}  elapsed=7884s  PASS  abstain_loss=0.0000  abstain_class_balance=0.000  abstain_head_acc=1.000
[real_seed_r2_1] pilot 1 step  92400  lr=9.93e-05  loss=0.6878  val_acc={1: 1.0, 2: 1.0, 3: 1.0}  elapsed=7893s  PASS  abstain_loss=0.0000  abstain_class_balance=0.000  abstain_head_acc=1.000
[real_seed_r2_1] pilot 1 step  92500  lr=9.80e-05  loss=0.7954  val_acc={1: 1.0, 2: 1.0, 3: 1.0}  elapsed=7901s  PASS  abstain_loss=0.0000  abstain_class_balance=0.000  abstain_head_acc=1.000
[real_seed_r2_1] pilot 1 step  92600  lr=9.66e-05  loss=0.7594  val_acc={1: 1.0, 2: 1.0, 3: 1.0}  elapsed=7909s  PASS  abstain_loss=0.0000  abstain_class_balance=0.000  abstain_head_acc=1.000
[real_seed_r2_1] pilot 1 step  92700  lr=9.53e-05  loss=0.6929  val_acc={1: 1.0, 2: 1.0, 3: 1.0}  elapsed=7917s  PASS  abstain_loss=0.0000  abstain_class_balance=0.000  abstain_head_acc=1.000
[real_seed_r2_1] pilot 1 step  92800  lr=9.39e-05  loss=0.7964  val_acc={1: 1.0, 2: 1.0, 3: 1.0}  elapsed=7924s  PASS  abstain_loss=0.0000  abstain_class_balance=0.000  abstain_head_acc=1.000
[real_seed_r2_1] pilot 1 step  92900  lr=9.26e-05  loss=0.7692  val_acc={1: 1.0, 2: 1.0, 3: 1.0}  elapsed=7933s  PASS  abstain_loss=0.0000  abstain_class_balance=0.000  abstain_head_acc=1.000
[real_seed_r2_1] pilot 1 step  93000  lr=9.13e-05  loss=0.6804  val_acc={1: 1.0, 2: 1.0, 3: 1.0}  elapsed=7942s  PASS  abstain_loss=0.0000  abstain_class_balance=0.000  abstain_head_acc=1.000
[real_seed_r2_1] pilot 1 step  93100  lr=9.00e-05  loss=0.7900  val_acc={1: 1.0, 2: 1.0, 3: 1.0}  elapsed=7951s  PASS  abstain_loss=0.0000  abstain_class_balance=0.000  abstain_head_acc=1.000
[real_seed_r2_1] pilot 1 step  93200  lr=8.88e-05  loss=0.7715  val_acc={1: 1.0, 2: 1.0, 3: 1.0}  elapsed=7959s  PASS  abstain_loss=0.0000  abstain_class_balance=0.000  abstain_head_acc=1.000
[real_seed_r2_1] pilot 1 step  93300  lr=8.75e-05  loss=0.6738  val_acc={1: 1.0, 2: 1.0, 3: 1.0}  elapsed=7967s  PASS  abstain_loss=0.0000  abstain_class_balance=0.000  abstain_head_acc=1.000
[real_seed_r2_1] pilot 1 step  93400  lr=8.62e-05  loss=0.7972  val_acc={1: 1.0, 2: 1.0, 3: 1.0}  elapsed=7977s  PASS  abstain_loss=0.0000  abstain_class_balance=0.000  abstain_head_acc=1.000
[real_seed_r2_1] pilot 1 step  93500  lr=8.50e-05  loss=0.7661  val_acc={1: 1.0, 2: 1.0, 3: 1.0}  elapsed=7987s  PASS  abstain_loss=0.0000  abstain_class_balance=0.000  abstain_head_acc=1.000
[real_seed_r2_1] pilot 1 step  93600  lr=8.38e-05  loss=0.6835  val_acc={1: 1.0, 2: 1.0, 3: 1.0}  elapsed=7994s  PASS  abstain_loss=0.0000  abstain_class_balance=0.000  abstain_head_acc=1.000
[real_seed_r2_1] pilot 1 step  93700  lr=8.26e-05  loss=0.7937  val_acc={1: 1.0, 2: 1.0, 3: 1.0}  elapsed=8002s  PASS  abstain_loss=0.0000  abstain_class_balance=0.000  abstain_head_acc=1.000
[real_seed_r2_1] pilot 1 step  93800  lr=8.14e-05  loss=0.7598  val_acc={1: 1.0, 2: 1.0, 3: 1.0}  elapsed=8011s  PASS  abstain_loss=0.0000  abstain_class_balance=0.000  abstain_head_acc=1.000
[real_seed_r2_1] pilot 1 step  93900  lr=8.02e-05  loss=0.6866  val_acc={1: 1.0, 2: 1.0, 3: 1.0}  elapsed=8019s  PASS  abstain_loss=0.0000  abstain_class_balance=0.000  abstain_head_acc=1.000
[real_seed_r2_1] pilot 1 step  94000  lr=7.90e-05  loss=0.7942  val_acc={1: 1.0, 2: 1.0, 3: 1.0}  elapsed=8027s  PASS  abstain_loss=0.0000  abstain_class_balance=0.000  abstain_head_acc=1.000
[real_seed_r2_1] pilot 1 step  94100  lr=7.79e-05  loss=0.7655  val_acc={1: 1.0, 2: 1.0, 3: 1.0}  elapsed=8034s  PASS  abstain_loss=0.0000  abstain_class_balance=0.000  abstain_head_acc=1.000
[real_seed_r2_1] pilot 1 step  94200  lr=7.67e-05  loss=0.6741  val_acc={1: 1.0, 2: 1.0, 3: 1.0}  elapsed=8042s  PASS  abstain_loss=0.0000  abstain_class_balance=0.000  abstain_head_acc=1.000
[real_seed_r2_1] pilot 1 step  94300  lr=7.56e-05  loss=0.7937  val_acc={1: 1.0, 2: 1.0, 3: 1.0}  elapsed=8050s  PASS  abstain_loss=0.0000  abstain_class_balance=0.000  abstain_head_acc=1.000
[real_seed_r2_1] pilot 1 step  94400  lr=7.45e-05  loss=0.7672  val_acc={1: 1.0, 2: 1.0, 3: 1.0}  elapsed=8058s  PASS  abstain_loss=0.0000  abstain_class_balance=0.000  abstain_head_acc=1.000
[real_seed_r2_1] pilot 1 step  94500  lr=7.34e-05  loss=0.6781  val_acc={1: 1.0, 2: 1.0, 3: 1.0}  elapsed=8068s  PASS  abstain_loss=0.0000  abstain_class_balance=0.000  abstain_head_acc=1.000
[real_seed_r2_1] pilot 1 step  94600  lr=7.23e-05  loss=0.7974  val_acc={1: 1.0, 2: 1.0, 3: 1.0}  elapsed=8076s  PASS  abstain_loss=0.0000  abstain_class_balance=0.000  abstain_head_acc=1.000
[real_seed_r2_1] pilot 1 step  94700  lr=7.12e-05  loss=0.7670  val_acc={1: 1.0, 2: 1.0, 3: 1.0}  elapsed=8085s  PASS  abstain_loss=0.0000  abstain_class_balance=0.000  abstain_head_acc=1.000
[real_seed_r2_1] pilot 1 step  94800  lr=7.02e-05  loss=0.6782  val_acc={1: 1.0, 2: 1.0, 3: 1.0}  elapsed=8092s  PASS  abstain_loss=0.0000  abstain_class_balance=0.000  abstain_head_acc=1.000
[real_seed_r2_1] pilot 1 step  94900  lr=6.91e-05  loss=0.7942  val_acc={1: 1.0, 2: 1.0, 3: 1.0}  elapsed=8101s  PASS  abstain_loss=0.0000  abstain_class_balance=0.000  abstain_head_acc=1.000
[real_seed_r2_1] pilot 1 step  95000  lr=6.81e-05  loss=0.7721  val_acc={1: 1.0, 2: 1.0, 3: 1.0}  elapsed=8110s  PASS  abstain_loss=0.0000  abstain_class_balance=0.000  abstain_head_acc=1.000
[real_seed_r2_1] pilot 1 step  95100  lr=6.71e-05  loss=0.6822  val_acc={1: 1.0, 2: 1.0, 3: 1.0}  elapsed=8120s  PASS  abstain_loss=0.0000  abstain_class_balance=0.000  abstain_head_acc=1.000
[real_seed_r2_1] pilot 1 step  95200  lr=6.61e-05  loss=0.7916  val_acc={1: 1.0, 2: 1.0, 3: 1.0}  elapsed=8128s  PASS  abstain_loss=0.0000  abstain_class_balance=0.000  abstain_head_acc=1.000
[real_seed_r2_1] pilot 1 step  95300  lr=6.51e-05  loss=0.7716  val_acc={1: 1.0, 2: 1.0, 3: 1.0}  elapsed=8135s  PASS  abstain_loss=0.0000  abstain_class_balance=0.000  abstain_head_acc=1.000
[real_seed_r2_1] pilot 1 step  95400  lr=6.41e-05  loss=0.6891  val_acc={1: 1.0, 2: 1.0, 3: 1.0}  elapsed=8145s  PASS  abstain_loss=0.0000  abstain_class_balance=0.000  abstain_head_acc=1.000
[real_seed_r2_1] pilot 1 step  95500  lr=6.31e-05  loss=0.7966  val_acc={1: 1.0, 2: 1.0, 3: 1.0}  elapsed=8154s  PASS  abstain_loss=0.0000  abstain_class_balance=0.000  abstain_head_acc=1.000
[real_seed_r2_1] pilot 1 step  95600  lr=6.22e-05  loss=0.7665  val_acc={1: 1.0, 2: 1.0, 3: 1.0}  elapsed=8163s  PASS  abstain_loss=0.0000  abstain_class_balance=0.000  abstain_head_acc=1.000
[real_seed_r2_1] pilot 1 step  95700  lr=6.13e-05  loss=0.6690  val_acc={1: 1.0, 2: 1.0, 3: 1.0}  elapsed=8171s  PASS  abstain_loss=0.0000  abstain_class_balance=0.000  abstain_head_acc=1.000
[real_seed_r2_1] pilot 1 step  95800  lr=6.03e-05  loss=0.7892  val_acc={1: 1.0, 2: 1.0, 3: 1.0}  elapsed=8180s  PASS  abstain_loss=0.0000  abstain_class_balance=0.000  abstain_head_acc=1.000
[real_seed_r2_1] pilot 1 step  95900  lr=5.94e-05  loss=0.7638  val_acc={1: 1.0, 2: 1.0, 3: 1.0}  elapsed=8188s  PASS  abstain_loss=0.0000  abstain_class_balance=0.000  abstain_head_acc=1.000
[real_seed_r2_1] pilot 1 step  96000  lr=5.85e-05  loss=0.6823  val_acc={1: 1.0, 2: 1.0, 3: 1.0}  elapsed=8197s  PASS  abstain_loss=0.0000  abstain_class_balance=0.000  abstain_head_acc=1.000
[real_seed_r2_1] pilot 1 step  96100  lr=5.77e-05  loss=0.7989  val_acc={1: 1.0, 2: 1.0, 3: 1.0}  elapsed=8204s  PASS  abstain_loss=0.0000  abstain_class_balance=0.000  abstain_head_acc=1.000
[real_seed_r2_1] pilot 1 step  96200  lr=5.68e-05  loss=0.7714  val_acc={1: 1.0, 2: 1.0, 3: 1.0}  elapsed=8212s  PASS  abstain_loss=0.0000  abstain_class_balance=0.000  abstain_head_acc=1.000
[real_seed_r2_1] pilot 1 step  96300  lr=5.59e-05  loss=0.6875  val_acc={1: 1.0, 2: 1.0, 3: 1.0}  elapsed=8221s  PASS  abstain_loss=0.0000  abstain_class_balance=0.000  abstain_head_acc=1.000
[real_seed_r2_1] pilot 1 step  96400  lr=5.51e-05  loss=0.8038  val_acc={1: 1.0, 2: 1.0, 3: 1.0}  elapsed=8229s  PASS  abstain_loss=0.0000  abstain_class_balance=0.000  abstain_head_acc=1.000
[real_seed_r2_1] pilot 1 step  96500  lr=5.43e-05  loss=0.7730  val_acc={1: 1.0, 2: 1.0, 3: 1.0}  elapsed=8237s  PASS  abstain_loss=0.0000  abstain_class_balance=0.000  abstain_head_acc=1.000
[real_seed_r2_1] pilot 1 step  96600  lr=5.34e-05  loss=0.6837  val_acc={1: 1.0, 2: 1.0, 3: 1.0}  elapsed=8245s  PASS  abstain_loss=0.0000  abstain_class_balance=0.000  abstain_head_acc=1.000
[real_seed_r2_1] pilot 1 step  96700  lr=5.26e-05  loss=0.7948  val_acc={1: 1.0, 2: 1.0, 3: 1.0}  elapsed=8253s  PASS  abstain_loss=0.0000  abstain_class_balance=0.000  abstain_head_acc=1.000
[real_seed_r2_1] pilot 1 step  96800  lr=5.19e-05  loss=0.7698  val_acc={1: 1.0, 2: 1.0, 3: 1.0}  elapsed=8265s  PASS  abstain_loss=0.0000  abstain_class_balance=0.000  abstain_head_acc=1.000
[real_seed_r2_1] pilot 1 step  96900  lr=5.11e-05  loss=0.6887  val_acc={1: 1.0, 2: 1.0, 3: 1.0}  elapsed=8274s  PASS  abstain_loss=0.0000  abstain_class_balance=0.000  abstain_head_acc=1.000
[real_seed_r2_1] pilot 1 step  97000  lr=5.03e-05  loss=0.8008  val_acc={1: 1.0, 2: 1.0, 3: 1.0}  elapsed=8283s  PASS  abstain_loss=0.0000  abstain_class_balance=0.000  abstain_head_acc=1.000
[real_seed_r2_1] pilot 1 step  97100  lr=4.96e-05  loss=0.7640  val_acc={1: 1.0, 2: 1.0, 3: 1.0}  elapsed=8292s  PASS  abstain_loss=0.0000  abstain_class_balance=0.000  abstain_head_acc=1.000
[real_seed_r2_1] pilot 1 step  97200  lr=4.89e-05  loss=0.6696  val_acc={1: 1.0, 2: 1.0, 3: 1.0}  elapsed=8299s  PASS  abstain_loss=0.0000  abstain_class_balance=0.000  abstain_head_acc=1.000
[real_seed_r2_1] pilot 1 step  97300  lr=4.81e-05  loss=0.7942  val_acc={1: 1.0, 2: 1.0, 3: 1.0}  elapsed=8307s  PASS  abstain_loss=0.0000  abstain_class_balance=0.000  abstain_head_acc=1.000
[real_seed_r2_1] pilot 1 step  97400  lr=4.74e-05  loss=0.7689  val_acc={1: 1.0, 2: 1.0, 3: 1.0}  elapsed=8316s  PASS  abstain_loss=0.0000  abstain_class_balance=0.000  abstain_head_acc=1.000
[real_seed_r2_1] pilot 1 step  97500  lr=4.67e-05  loss=0.6778  val_acc={1: 1.0, 2: 1.0, 3: 1.0}  elapsed=8324s  PASS  abstain_loss=0.0000  abstain_class_balance=0.000  abstain_head_acc=1.000
[real_seed_r2_1] pilot 1 step  97600  lr=4.61e-05  loss=0.7967  val_acc={1: 1.0, 2: 1.0, 3: 1.0}  elapsed=8332s  PASS  abstain_loss=0.0000  abstain_class_balance=0.000  abstain_head_acc=1.000
[real_seed_r2_1] pilot 1 step  97700  lr=4.54e-05  loss=0.7632  val_acc={1: 1.0, 2: 1.0, 3: 1.0}  elapsed=8340s  PASS  abstain_loss=0.0000  abstain_class_balance=0.000  abstain_head_acc=1.000
[real_seed_r2_1] pilot 1 step  97800  lr=4.48e-05  loss=0.6744  val_acc={1: 1.0, 2: 1.0, 3: 1.0}  elapsed=8349s  PASS  abstain_loss=0.0000  abstain_class_balance=0.000  abstain_head_acc=1.000
[real_seed_r2_1] pilot 1 step  97900  lr=4.41e-05  loss=0.7984  val_acc={1: 1.0, 2: 1.0, 3: 1.0}  elapsed=8356s  PASS  abstain_loss=0.0000  abstain_class_balance=0.000  abstain_head_acc=1.000
[real_seed_r2_1] pilot 1 step  98000  lr=4.35e-05  loss=0.7621  val_acc={1: 1.0, 2: 1.0, 3: 1.0}  elapsed=8364s  PASS  abstain_loss=0.0000  abstain_class_balance=0.000  abstain_head_acc=1.000
[real_seed_r2_1] pilot 1 step  98100  lr=4.29e-05  loss=0.6763  val_acc={1: 1.0, 2: 1.0, 3: 1.0}  elapsed=8374s  PASS  abstain_loss=0.0000  abstain_class_balance=0.000  abstain_head_acc=1.000
[real_seed_r2_1] pilot 1 step  98200  lr=4.23e-05  loss=0.7951  val_acc={1: 1.0, 2: 1.0, 3: 1.0}  elapsed=8382s  PASS  abstain_loss=0.0000  abstain_class_balance=0.000  abstain_head_acc=1.000
[real_seed_r2_1] pilot 1 step  98300  lr=4.17e-05  loss=0.7592  val_acc={1: 1.0, 2: 1.0, 3: 1.0}  elapsed=8393s  PASS  abstain_loss=0.0000  abstain_class_balance=0.000  abstain_head_acc=1.000
[real_seed_r2_1] pilot 1 step  98400  lr=4.12e-05  loss=0.6743  val_acc={1: 1.0, 2: 1.0, 3: 1.0}  elapsed=8403s  PASS  abstain_loss=0.0000  abstain_class_balance=0.000  abstain_head_acc=1.000
[real_seed_r2_1] pilot 1 step  98500  lr=4.06e-05  loss=0.8023  val_acc={1: 1.0, 2: 1.0, 3: 1.0}  elapsed=8412s  PASS  abstain_loss=0.0000  abstain_class_balance=0.000  abstain_head_acc=1.000
[real_seed_r2_1] pilot 1 step  98600  lr=4.01e-05  loss=0.7671  val_acc={1: 1.0, 2: 1.0, 3: 1.0}  elapsed=8419s  PASS  abstain_loss=0.0000  abstain_class_balance=0.000  abstain_head_acc=1.000
[real_seed_r2_1] pilot 1 step  98700  lr=3.96e-05  loss=0.6686  val_acc={1: 1.0, 2: 1.0, 3: 1.0}  elapsed=8428s  PASS  abstain_loss=0.0000  abstain_class_balance=0.000  abstain_head_acc=1.000
[real_seed_r2_1] pilot 1 step  98800  lr=3.90e-05  loss=0.7926  val_acc={1: 1.0, 2: 1.0, 3: 1.0}  elapsed=8436s  PASS  abstain_loss=0.0000  abstain_class_balance=0.000  abstain_head_acc=1.000
[real_seed_r2_1] pilot 1 step  98900  lr=3.86e-05  loss=0.7605  val_acc={1: 1.0, 2: 1.0, 3: 1.0}  elapsed=8445s  PASS  abstain_loss=0.0000  abstain_class_balance=0.000  abstain_head_acc=1.000
[real_seed_r2_1] pilot 1 step  99000  lr=3.81e-05  loss=0.6840  val_acc={1: 1.0, 2: 1.0, 3: 1.0}  elapsed=8453s  PASS  abstain_loss=0.0000  abstain_class_balance=0.000  abstain_head_acc=1.000
[real_seed_r2_1] pilot 1 step  99100  lr=3.76e-05  loss=0.7992  val_acc={1: 1.0, 2: 1.0, 3: 1.0}  elapsed=8462s  PASS  abstain_loss=0.0000  abstain_class_balance=0.000  abstain_head_acc=1.000
[real_seed_r2_1] pilot 1 step  99200  lr=3.72e-05  loss=0.7669  val_acc={1: 1.0, 2: 1.0, 3: 1.0}  elapsed=8469s  PASS  abstain_loss=0.0000  abstain_class_balance=0.000  abstain_head_acc=1.000
[real_seed_r2_1] pilot 1 step  99300  lr=3.67e-05  loss=0.6738  val_acc={1: 1.0, 2: 1.0, 3: 1.0}  elapsed=8478s  PASS  abstain_loss=0.0000  abstain_class_balance=0.000  abstain_head_acc=1.000
[real_seed_r2_1] pilot 1 step  99400  lr=3.63e-05  loss=0.7938  val_acc={1: 1.0, 2: 1.0, 3: 1.0}  elapsed=8487s  PASS  abstain_loss=0.0000  abstain_class_balance=0.000  abstain_head_acc=1.000
[real_seed_r2_1] pilot 1 step  99500  lr=3.59e-05  loss=0.7629  val_acc={1: 1.0, 2: 1.0, 3: 1.0}  elapsed=8495s  PASS  abstain_loss=0.0000  abstain_class_balance=0.000  abstain_head_acc=1.000
[real_seed_r2_1] pilot 1 step  99600  lr=3.55e-05  loss=0.6791  val_acc={1: 1.0, 2: 1.0, 3: 1.0}  elapsed=8505s  PASS  abstain_loss=0.0000  abstain_class_balance=0.000  abstain_head_acc=1.000
[real_seed_r2_1] pilot 1 step  99700  lr=3.51e-05  loss=0.8024  val_acc={1: 1.0, 2: 1.0, 3: 1.0}  elapsed=8513s  PASS  abstain_loss=0.0000  abstain_class_balance=0.000  abstain_head_acc=1.000
[real_seed_r2_1] pilot 1 step  99800  lr=3.47e-05  loss=0.7601  val_acc={1: 1.0, 2: 1.0, 3: 1.0}  elapsed=8522s  PASS  abstain_loss=0.0000  abstain_class_balance=0.000  abstain_head_acc=1.000
[real_seed_r2_1] pilot 1 step  99900  lr=3.44e-05  loss=0.6751  val_acc={1: 1.0, 2: 1.0, 3: 1.0}  elapsed=8531s  PASS  abstain_loss=0.0000  abstain_class_balance=0.000  abstain_head_acc=1.000
[real_seed_r2_1] pilot 1 step 100000  lr=3.40e-05  loss=0.7948  val_acc={1: 1.0, 2: 1.0, 3: 1.0}  elapsed=8539s  PASS  abstain_loss=0.0000  abstain_class_balance=0.000  abstain_head_acc=1.000
[real_seed_r2_1] pilot 1 step 100100  lr=3.37e-05  loss=0.7738  val_acc={1: 1.0, 2: 1.0, 3: 1.0}  elapsed=8546s  PASS  abstain_loss=0.0000  abstain_class_balance=0.000  abstain_head_acc=1.000
[real_seed_r2_1] pilot 1 step 100200  lr=3.34e-05  loss=0.6768  val_acc={1: 1.0, 2: 1.0, 3: 1.0}  elapsed=8553s  PASS  abstain_loss=0.0000  abstain_class_balance=0.000  abstain_head_acc=1.000
[real_seed_r2_1] pilot 1 step 100300  lr=3.31e-05  loss=0.7930  val_acc={1: 1.0, 2: 1.0, 3: 1.0}  elapsed=8565s  PASS  abstain_loss=0.0000  abstain_class_balance=0.000  abstain_head_acc=1.000
[real_seed_r2_1] pilot 1 step 100400  lr=3.28e-05  loss=0.7631  val_acc={1: 1.0, 2: 1.0, 3: 1.0}  elapsed=8573s  PASS  abstain_loss=0.0000  abstain_class_balance=0.000  abstain_head_acc=1.000
[real_seed_r2_1] pilot 1 step 100500  lr=3.25e-05  loss=0.6711  val_acc={1: 1.0, 2: 1.0, 3: 1.0}  elapsed=8580s  PASS  abstain_loss=0.0000  abstain_class_balance=0.000  abstain_head_acc=1.000
[real_seed_r2_1] pilot 1 step 100600  lr=3.23e-05  loss=0.7944  val_acc={1: 1.0, 2: 1.0, 3: 1.0}  elapsed=8589s  PASS  abstain_loss=0.0000  abstain_class_balance=0.000  abstain_head_acc=1.000
[real_seed_r2_1] pilot 1 step 100700  lr=3.20e-05  loss=0.7637  val_acc={1: 1.0, 2: 1.0, 3: 1.0}  elapsed=8598s  PASS  abstain_loss=0.0000  abstain_class_balance=0.000  abstain_head_acc=1.000
[real_seed_r2_1] pilot 1 step 100800  lr=3.18e-05  loss=0.6681  val_acc={1: 1.0, 2: 1.0, 3: 1.0}  elapsed=8606s  PASS  abstain_loss=0.0000  abstain_class_balance=0.000  abstain_head_acc=1.000
[real_seed_r2_1] pilot 1 step 100900  lr=3.16e-05  loss=0.8006  val_acc={1: 1.0, 2: 1.0, 3: 1.0}  elapsed=8613s  PASS  abstain_loss=0.0000  abstain_class_balance=0.000  abstain_head_acc=1.000
[real_seed_r2_1] pilot 1 step 101000  lr=3.14e-05  loss=0.7711  val_acc={1: 1.0, 2: 1.0, 3: 1.0}  elapsed=8622s  PASS  abstain_loss=0.0000  abstain_class_balance=0.000  abstain_head_acc=1.000
[real_seed_r2_1] pilot 1 step 101100  lr=3.12e-05  loss=0.6727  val_acc={1: 1.0, 2: 1.0, 3: 1.0}  elapsed=8631s  PASS  abstain_loss=0.0000  abstain_class_balance=0.000  abstain_head_acc=1.000
[real_seed_r2_1] pilot 1 step 101200  lr=3.10e-05  loss=0.7937  val_acc={1: 1.0, 2: 1.0, 3: 1.0}  elapsed=8639s  PASS  abstain_loss=0.0000  abstain_class_balance=0.000  abstain_head_acc=1.000
[real_seed_r2_1] pilot 1 step 101300  lr=3.08e-05  loss=0.7681  val_acc={1: 1.0, 2: 1.0, 3: 1.0}  elapsed=8648s  PASS  abstain_loss=0.0000  abstain_class_balance=0.000  abstain_head_acc=1.000
[real_seed_r2_1] pilot 1 step 101400  lr=3.07e-05  loss=0.6670  val_acc={1: 1.0, 2: 1.0, 3: 1.0}  elapsed=8656s  PASS  abstain_loss=0.0000  abstain_class_balance=0.000  abstain_head_acc=1.000
[real_seed_r2_1] pilot 1 step 101500  lr=3.06e-05  loss=0.7992  val_acc={1: 1.0, 2: 1.0, 3: 1.0}  elapsed=8664s  PASS  abstain_loss=0.0000  abstain_class_balance=0.000  abstain_head_acc=1.000
[real_seed_r2_1] pilot 1 step 101600  lr=3.04e-05  loss=0.7769  val_acc={1: 1.0, 2: 1.0, 3: 1.0}  elapsed=8673s  PASS  abstain_loss=0.0000  abstain_class_balance=0.000  abstain_head_acc=1.000
[real_seed_r2_1] pilot 1 step 101700  lr=3.03e-05  loss=0.6779  val_acc={1: 1.0, 2: 1.0, 3: 1.0}  elapsed=8681s  PASS  abstain_loss=0.0000  abstain_class_balance=0.000  abstain_head_acc=1.000
[real_seed_r2_1] pilot 1 step 101800  lr=3.03e-05  loss=0.7923  val_acc={1: 1.0, 2: 1.0, 3: 1.0}  elapsed=8689s  PASS  abstain_loss=0.0000  abstain_class_balance=0.000  abstain_head_acc=1.000
[real_seed_r2_1] pilot 1 step 101900  lr=3.02e-05  loss=0.7672  val_acc={1: 1.0, 2: 1.0, 3: 1.0}  elapsed=8697s  PASS  abstain_loss=0.0000  abstain_class_balance=0.000  abstain_head_acc=1.000
[real_seed_r2_1] pilot 1 step 102000  lr=3.01e-05  loss=0.6802  val_acc={1: 1.0, 2: 1.0, 3: 1.0}  elapsed=8706s  PASS  abstain_loss=0.0000  abstain_class_balance=0.000  abstain_head_acc=1.000
[real_seed_r2_1] pilot 1 step 102100  lr=3.01e-05  loss=0.7963  val_acc={1: 1.0, 2: 1.0, 3: 1.0}  elapsed=8714s  PASS  abstain_loss=0.0000  abstain_class_balance=0.000  abstain_head_acc=1.000
[real_seed_r2_1] pilot 1 step 102200  lr=3.00e-05  loss=0.7675  val_acc={1: 1.0, 2: 1.0, 3: 1.0}  elapsed=8722s  PASS  abstain_loss=0.0000  abstain_class_balance=0.000  abstain_head_acc=1.000
[real_seed_r2_1] pilot 1 step 102300  lr=3.00e-05  loss=0.6849  val_acc={1: 1.0, 2: 1.0, 3: 1.0}  elapsed=8731s  PASS  abstain_loss=0.0000  abstain_class_balance=0.000  abstain_head_acc=1.000
[real_seed_r2_1] pilot 1 step 102399  lr=3.00e-05  loss=0.7670  val_acc={1: 1.0, 2: 1.0, 3: 1.0}  elapsed=8738s  PASS  abstain_loss=0.0000  abstain_class_balance=0.000  abstain_head_acc=1.000
[real_seed_r2_1] pilot 1 stable from step 3000 onward (terminal check at 102399)
[real_seed_r2_1] pilot 1 causal_PR=26.343  query_PR=27.824
RESULT real_seed=1 regime=2 s_star=3000 causal_PR=26.3433 query_PR=27.8237
