[real_seed2] === real seed 2, Regime 1 (arms=('A', 'D')), rank=36, budget=102400 steps ===
[real_seed2] === pilot 2 start, rank=36, params=67625, cosine LR 0.003->3e-05 over 102400 steps, no early stopping ===
[real_seed2] pilot 2 step      0  lr=3.00e-03  loss=7.6590  val_acc={1: 0.086, 2: 0.0, 3: 0.0}  elapsed=2s  
[real_seed2] pilot 2 step    100  lr=3.00e-03  loss=3.1370  val_acc={1: 1.0, 2: 0.898, 3: 0.703}  elapsed=12s  
[real_seed2] pilot 2 step    200  lr=3.00e-03  loss=1.3171  val_acc={1: 1.0, 2: 0.719, 3: 0.773}  elapsed=20s  
[real_seed2] pilot 2 step    300  lr=3.00e-03  loss=0.8572  val_acc={1: 1.0, 2: 0.75, 3: 0.75}  elapsed=28s  
[real_seed2] pilot 2 step    400  lr=3.00e-03  loss=1.7517  val_acc={1: 1.0, 2: 0.703, 3: 0.633}  elapsed=36s  
[real_seed2] pilot 2 step    500  lr=3.00e-03  loss=1.0657  val_acc={1: 1.0, 2: 0.734, 3: 0.648}  elapsed=43s  
[real_seed2] pilot 2 step    600  lr=3.00e-03  loss=0.7941  val_acc={1: 1.0, 2: 0.727, 3: 0.594}  elapsed=50s  
[real_seed2] pilot 2 step    700  lr=3.00e-03  loss=1.3844  val_acc={1: 1.0, 2: 0.727, 3: 0.609}  elapsed=58s  
[real_seed2] pilot 2 step    800  lr=3.00e-03  loss=0.9643  val_acc={1: 1.0, 2: 0.695, 3: 0.539}  elapsed=66s  
[real_seed2] pilot 2 step    900  lr=3.00e-03  loss=0.7612  val_acc={1: 1.0, 2: 0.688, 3: 0.578}  elapsed=76s  
[real_seed2] pilot 2 step   1000  lr=3.00e-03  loss=1.1593  val_acc={1: 1.0, 2: 0.711, 3: 0.523}  elapsed=84s  
[real_seed2] pilot 2 step   1100  lr=3.00e-03  loss=0.9147  val_acc={1: 1.0, 2: 0.68, 3: 0.531}  elapsed=92s  
[real_seed2] pilot 2 step   1200  lr=3.00e-03  loss=0.7528  val_acc={1: 1.0, 2: 0.641, 3: 0.562}  elapsed=101s  
[real_seed2] pilot 2 step   1300  lr=3.00e-03  loss=1.0375  val_acc={1: 1.0, 2: 0.648, 3: 0.562}  elapsed=109s  
[real_seed2] pilot 2 step   1400  lr=3.00e-03  loss=0.8704  val_acc={1: 1.0, 2: 0.602, 3: 0.531}  elapsed=118s  
[real_seed2] pilot 2 step   1500  lr=3.00e-03  loss=0.7622  val_acc={1: 1.0, 2: 0.648, 3: 0.523}  elapsed=126s  
[real_seed2] pilot 2 step   1600  lr=3.00e-03  loss=0.9794  val_acc={1: 1.0, 2: 0.68, 3: 0.531}  elapsed=134s  
[real_seed2] pilot 2 step   1700  lr=3.00e-03  loss=0.8698  val_acc={1: 1.0, 2: 0.633, 3: 0.523}  elapsed=144s  
[real_seed2] pilot 2 step   1800  lr=3.00e-03  loss=0.7492  val_acc={1: 1.0, 2: 0.648, 3: 0.5}  elapsed=154s  
[real_seed2] pilot 2 step   1900  lr=3.00e-03  loss=0.9545  val_acc={1: 1.0, 2: 0.695, 3: 0.484}  elapsed=161s  
[real_seed2] pilot 2 step   2000  lr=3.00e-03  loss=0.8627  val_acc={1: 1.0, 2: 0.719, 3: 0.469}  elapsed=173s  
[real_seed2] pilot 2 step   2100  lr=3.00e-03  loss=0.7471  val_acc={1: 1.0, 2: 0.641, 3: 0.469}  elapsed=181s  
[real_seed2] pilot 2 step   2200  lr=3.00e-03  loss=0.9300  val_acc={1: 1.0, 2: 0.734, 3: 0.531}  elapsed=190s  
[real_seed2] pilot 2 step   2300  lr=3.00e-03  loss=0.8592  val_acc={1: 1.0, 2: 0.719, 3: 0.477}  elapsed=198s  
[real_seed2] pilot 2 step   2400  lr=3.00e-03  loss=0.7326  val_acc={1: 1.0, 2: 0.703, 3: 0.492}  elapsed=206s  
[real_seed2] pilot 2 step   2500  lr=3.00e-03  loss=0.9211  val_acc={1: 1.0, 2: 0.695, 3: 0.547}  elapsed=216s  
[real_seed2] pilot 2 step   2600  lr=3.00e-03  loss=0.8491  val_acc={1: 1.0, 2: 0.711, 3: 0.562}  elapsed=224s  
[real_seed2] pilot 2 step   2700  lr=2.99e-03  loss=0.7299  val_acc={1: 1.0, 2: 0.68, 3: 0.523}  elapsed=232s  
[real_seed2] pilot 2 step   2800  lr=2.99e-03  loss=0.9062  val_acc={1: 1.0, 2: 0.719, 3: 0.539}  elapsed=238s  
[real_seed2] pilot 2 step   2900  lr=2.99e-03  loss=0.8351  val_acc={1: 1.0, 2: 0.742, 3: 0.516}  elapsed=247s  
[real_seed2] pilot 2 step   3000  lr=2.99e-03  loss=0.7407  val_acc={1: 1.0, 2: 0.672, 3: 0.492}  elapsed=256s  
[real_seed2] pilot 2 step   3100  lr=2.99e-03  loss=0.8811  val_acc={1: 1.0, 2: 0.766, 3: 0.539}  elapsed=264s  
[real_seed2] pilot 2 step   3200  lr=2.99e-03  loss=0.8338  val_acc={1: 1.0, 2: 0.711, 3: 0.508}  elapsed=271s  
[real_seed2] pilot 2 step   3300  lr=2.99e-03  loss=0.7424  val_acc={1: 1.0, 2: 0.703, 3: 0.555}  elapsed=278s  
[real_seed2] pilot 2 step   3400  lr=2.99e-03  loss=0.8798  val_acc={1: 1.0, 2: 0.727, 3: 0.492}  elapsed=287s  
[real_seed2] pilot 2 step   3500  lr=2.99e-03  loss=0.8372  val_acc={1: 1.0, 2: 0.711, 3: 0.492}  elapsed=295s  
[real_seed2] pilot 2 step   3600  lr=2.99e-03  loss=0.7458  val_acc={1: 1.0, 2: 0.742, 3: 0.562}  elapsed=303s  
[real_seed2] pilot 2 step   3700  lr=2.99e-03  loss=0.8977  val_acc={1: 1.0, 2: 0.781, 3: 0.617}  elapsed=311s  
[real_seed2] pilot 2 step   3800  lr=2.99e-03  loss=0.8252  val_acc={1: 1.0, 2: 0.797, 3: 0.602}  elapsed=319s  
[real_seed2] pilot 2 step   3900  lr=2.99e-03  loss=0.7399  val_acc={1: 1.0, 2: 0.75, 3: 0.594}  elapsed=326s  
[real_seed2] pilot 2 step   4000  lr=2.99e-03  loss=0.8753  val_acc={1: 1.0, 2: 0.805, 3: 0.625}  elapsed=334s  
[real_seed2] pilot 2 step   4100  lr=2.99e-03  loss=0.8294  val_acc={1: 1.0, 2: 0.805, 3: 0.586}  elapsed=341s  
[real_seed2] pilot 2 step   4200  lr=2.99e-03  loss=0.7333  val_acc={1: 1.0, 2: 0.742, 3: 0.594}  elapsed=349s  
[real_seed2] pilot 2 step   4300  lr=2.99e-03  loss=0.8719  val_acc={1: 1.0, 2: 0.852, 3: 0.57}  elapsed=359s  
[real_seed2] pilot 2 step   4400  lr=2.99e-03  loss=0.8346  val_acc={1: 1.0, 2: 0.82, 3: 0.648}  elapsed=369s  
[real_seed2] pilot 2 step   4500  lr=2.99e-03  loss=0.7459  val_acc={1: 1.0, 2: 0.805, 3: 0.602}  elapsed=377s  
[real_seed2] pilot 2 step   4600  lr=2.99e-03  loss=0.8702  val_acc={1: 1.0, 2: 0.82, 3: 0.711}  elapsed=384s  
[real_seed2] pilot 2 step   4700  lr=2.98e-03  loss=0.8392  val_acc={1: 1.0, 2: 0.836, 3: 0.703}  elapsed=391s  
[real_seed2] pilot 2 step   4800  lr=2.98e-03  loss=0.7416  val_acc={1: 1.0, 2: 0.789, 3: 0.695}  elapsed=401s  
[real_seed2] pilot 2 step   4900  lr=2.98e-03  loss=0.8594  val_acc={1: 1.0, 2: 0.828, 3: 0.648}  elapsed=409s  
[real_seed2] pilot 2 step   5000  lr=2.98e-03  loss=0.8457  val_acc={1: 1.0, 2: 0.898, 3: 0.711}  elapsed=417s  
[real_seed2] pilot 2 step   5100  lr=2.98e-03  loss=0.7285  val_acc={1: 1.0, 2: 0.828, 3: 0.672}  elapsed=425s  
[real_seed2] pilot 2 step   5200  lr=2.98e-03  loss=0.8593  val_acc={1: 1.0, 2: 0.852, 3: 0.727}  elapsed=434s  
[real_seed2] pilot 2 step   5300  lr=2.98e-03  loss=0.8321  val_acc={1: 1.0, 2: 0.883, 3: 0.742}  elapsed=442s  
[real_seed2] pilot 2 step   5400  lr=2.98e-03  loss=0.7355  val_acc={1: 1.0, 2: 0.844, 3: 0.75}  elapsed=450s  
[real_seed2] pilot 2 step   5500  lr=2.98e-03  loss=0.8755  val_acc={1: 1.0, 2: 0.836, 3: 0.727}  elapsed=460s  
[real_seed2] pilot 2 step   5600  lr=2.98e-03  loss=0.8349  val_acc={1: 1.0, 2: 0.969, 3: 0.805}  elapsed=467s  
[real_seed2] pilot 2 step   5700  lr=2.98e-03  loss=0.7367  val_acc={1: 1.0, 2: 0.891, 3: 0.727}  elapsed=476s  
[real_seed2] pilot 2 step   5800  lr=2.98e-03  loss=0.8576  val_acc={1: 1.0, 2: 0.852, 3: 0.75}  elapsed=484s  
[real_seed2] pilot 2 step   5900  lr=2.98e-03  loss=0.8302  val_acc={1: 1.0, 2: 0.914, 3: 0.758}  elapsed=492s  
[real_seed2] pilot 2 step   6000  lr=2.97e-03  loss=0.7481  val_acc={1: 1.0, 2: 0.844, 3: 0.711}  elapsed=500s  
[real_seed2] pilot 2 step   6100  lr=2.97e-03  loss=0.8584  val_acc={1: 1.0, 2: 0.875, 3: 0.766}  elapsed=508s  
[real_seed2] pilot 2 step   6200  lr=2.97e-03  loss=0.8326  val_acc={1: 1.0, 2: 0.891, 3: 0.75}  elapsed=516s  
[real_seed2] pilot 2 step   6300  lr=2.97e-03  loss=0.7337  val_acc={1: 1.0, 2: 0.859, 3: 0.758}  elapsed=524s  
[real_seed2] pilot 2 step   6400  lr=2.97e-03  loss=0.8439  val_acc={1: 1.0, 2: 0.867, 3: 0.789}  elapsed=532s  
[real_seed2] pilot 2 step   6500  lr=2.97e-03  loss=0.8139  val_acc={1: 1.0, 2: 0.914, 3: 0.82}  elapsed=541s  
[real_seed2] pilot 2 step   6600  lr=2.97e-03  loss=0.7336  val_acc={1: 1.0, 2: 0.922, 3: 0.82}  elapsed=549s  
[real_seed2] pilot 2 step   6700  lr=2.97e-03  loss=0.8580  val_acc={1: 1.0, 2: 0.898, 3: 0.836}  elapsed=557s  
[real_seed2] pilot 2 step   6800  lr=2.97e-03  loss=0.8237  val_acc={1: 1.0, 2: 0.945, 3: 0.859}  elapsed=564s  
[real_seed2] pilot 2 step   6900  lr=2.97e-03  loss=0.7375  val_acc={1: 1.0, 2: 0.938, 3: 0.82}  elapsed=572s  
[real_seed2] pilot 2 step   7000  lr=2.97e-03  loss=0.8561  val_acc={1: 1.0, 2: 0.93, 3: 0.875}  elapsed=580s  
[real_seed2] pilot 2 step   7100  lr=2.96e-03  loss=0.8267  val_acc={1: 1.0, 2: 0.953, 3: 0.867}  elapsed=589s  
[real_seed2] pilot 2 step   7200  lr=2.96e-03  loss=0.7373  val_acc={1: 1.0, 2: 0.898, 3: 0.844}  elapsed=595s  
[real_seed2] pilot 2 step   7300  lr=2.96e-03  loss=0.8630  val_acc={1: 1.0, 2: 0.938, 3: 0.875}  elapsed=604s  
[real_seed2] pilot 2 step   7400  lr=2.96e-03  loss=0.8253  val_acc={1: 1.0, 2: 0.938, 3: 0.914}  elapsed=613s  
[real_seed2] pilot 2 step   7500  lr=2.96e-03  loss=0.7350  val_acc={1: 1.0, 2: 0.961, 3: 0.906}  elapsed=621s  
[real_seed2] pilot 2 step   7600  lr=2.96e-03  loss=0.8612  val_acc={1: 1.0, 2: 0.953, 3: 0.883}  elapsed=630s  
[real_seed2] pilot 2 step   7700  lr=2.96e-03  loss=0.8262  val_acc={1: 1.0, 2: 0.977, 3: 0.969}  elapsed=637s  PASS
[real_seed2] pilot 2 step   7800  lr=2.96e-03  loss=0.7294  val_acc={1: 1.0, 2: 0.945, 3: 0.883}  elapsed=646s  
[real_seed2] pilot 2 step   7900  lr=2.96e-03  loss=0.8549  val_acc={1: 1.0, 2: 0.938, 3: 0.906}  elapsed=654s  
[real_seed2] pilot 2 step   8000  lr=2.96e-03  loss=0.8252  val_acc={1: 1.0, 2: 1.0, 3: 0.922}  elapsed=662s  
[real_seed2] pilot 2 step   8100  lr=2.95e-03  loss=0.7307  val_acc={1: 1.0, 2: 0.969, 3: 0.93}  elapsed=669s  
[real_seed2] pilot 2 step   8200  lr=2.95e-03  loss=0.8572  val_acc={1: 1.0, 2: 0.961, 3: 0.93}  elapsed=678s  
[real_seed2] pilot 2 step   8300  lr=2.95e-03  loss=0.8114  val_acc={1: 1.0, 2: 0.93, 3: 0.945}  elapsed=686s  
[real_seed2] pilot 2 step   8400  lr=2.95e-03  loss=0.7399  val_acc={1: 1.0, 2: 0.969, 3: 0.922}  elapsed=693s  
[real_seed2] pilot 2 step   8500  lr=2.95e-03  loss=0.8565  val_acc={1: 1.0, 2: 0.938, 3: 0.953}  elapsed=704s  
[real_seed2] pilot 2 step   8600  lr=2.95e-03  loss=0.8103  val_acc={1: 1.0, 2: 0.977, 3: 0.984}  elapsed=712s  PASS
[real_seed2] pilot 2 step   8700  lr=2.95e-03  loss=0.7382  val_acc={1: 1.0, 2: 0.961, 3: 0.945}  elapsed=721s  
[real_seed2] pilot 2 step   8800  lr=2.95e-03  loss=0.8583  val_acc={1: 1.0, 2: 0.961, 3: 0.969}  elapsed=731s  PASS
[real_seed2] pilot 2 step   8900  lr=2.94e-03  loss=0.8284  val_acc={1: 1.0, 2: 0.984, 3: 0.984}  elapsed=742s  PASS
[real_seed2] pilot 2 step   9000  lr=2.94e-03  loss=0.7329  val_acc={1: 1.0, 2: 0.953, 3: 0.984}  elapsed=751s  PASS
[real_seed2] pilot 2 step   9100  lr=2.94e-03  loss=0.8550  val_acc={1: 1.0, 2: 0.969, 3: 0.977}  elapsed=759s  PASS
[real_seed2] pilot 2 step   9200  lr=2.94e-03  loss=0.8265  val_acc={1: 1.0, 2: 0.969, 3: 0.961}  elapsed=767s  PASS
[real_seed2] pilot 2 step   9300  lr=2.94e-03  loss=0.7364  val_acc={1: 1.0, 2: 0.953, 3: 0.953}  elapsed=776s  PASS
[real_seed2] pilot 2 step   9400  lr=2.94e-03  loss=0.8473  val_acc={1: 1.0, 2: 0.945, 3: 0.977}  elapsed=784s  
[real_seed2] pilot 2 step   9500  lr=2.94e-03  loss=0.8195  val_acc={1: 1.0, 2: 0.984, 3: 0.984}  elapsed=795s  PASS
[real_seed2] pilot 2 step   9600  lr=2.94e-03  loss=0.7237  val_acc={1: 1.0, 2: 0.961, 3: 0.953}  elapsed=803s  PASS
[real_seed2] pilot 2 step   9700  lr=2.93e-03  loss=0.8590  val_acc={1: 1.0, 2: 0.992, 3: 0.945}  elapsed=811s  
[real_seed2] pilot 2 step   9800  lr=2.93e-03  loss=0.8156  val_acc={1: 1.0, 2: 0.984, 3: 1.0}  elapsed=819s  PASS
[real_seed2] pilot 2 step   9900  lr=2.93e-03  loss=0.7345  val_acc={1: 1.0, 2: 0.977, 3: 0.961}  elapsed=826s  PASS
[real_seed2] pilot 2 step  10000  lr=2.93e-03  loss=0.8585  val_acc={1: 1.0, 2: 0.977, 3: 0.969}  elapsed=835s  PASS
[real_seed2] pilot 2 step  10100  lr=2.93e-03  loss=0.8288  val_acc={1: 1.0, 2: 0.984, 3: 0.984}  elapsed=842s  PASS
[real_seed2] pilot 2 step  10200  lr=2.93e-03  loss=0.7294  val_acc={1: 1.0, 2: 0.992, 3: 0.953}  elapsed=852s  PASS
[real_seed2] pilot 2 step  10300  lr=2.93e-03  loss=0.8565  val_acc={1: 1.0, 2: 0.984, 3: 0.977}  elapsed=860s  PASS
[real_seed2] pilot 2 step  10400  lr=2.93e-03  loss=0.8241  val_acc={1: 1.0, 2: 0.992, 3: 0.977}  elapsed=869s  PASS
[real_seed2] pilot 2 step  10500  lr=2.92e-03  loss=0.7377  val_acc={1: 1.0, 2: 0.984, 3: 0.969}  elapsed=877s  PASS
[real_seed2] pilot 2 step  10600  lr=2.92e-03  loss=0.8570  val_acc={1: 1.0, 2: 0.984, 3: 0.953}  elapsed=885s  PASS
[real_seed2] pilot 2 step  10700  lr=2.92e-03  loss=0.8203  val_acc={1: 1.0, 2: 1.0, 3: 0.992}  elapsed=895s  PASS
[real_seed2] pilot 2 step  10800  lr=2.92e-03  loss=0.7256  val_acc={1: 1.0, 2: 0.984, 3: 0.977}  elapsed=903s  PASS
[real_seed2] pilot 2 step  10900  lr=2.92e-03  loss=0.8502  val_acc={1: 1.0, 2: 0.977, 3: 0.945}  elapsed=911s  
[real_seed2] pilot 2 step  11000  lr=2.92e-03  loss=0.8256  val_acc={1: 1.0, 2: 0.977, 3: 0.977}  elapsed=919s  PASS
[real_seed2] pilot 2 step  11100  lr=2.91e-03  loss=0.7273  val_acc={1: 1.0, 2: 0.961, 3: 0.961}  elapsed=928s  PASS
[real_seed2] pilot 2 step  11200  lr=2.91e-03  loss=0.8490  val_acc={1: 1.0, 2: 0.953, 3: 0.953}  elapsed=936s  PASS
[real_seed2] pilot 2 step  11300  lr=2.91e-03  loss=0.8259  val_acc={1: 1.0, 2: 0.992, 3: 0.969}  elapsed=945s  PASS
[real_seed2] pilot 2 step  11400  lr=2.91e-03  loss=0.7303  val_acc={1: 1.0, 2: 0.938, 3: 0.922}  elapsed=955s  
[real_seed2] pilot 2 step  11500  lr=2.91e-03  loss=0.8555  val_acc={1: 1.0, 2: 0.953, 3: 0.953}  elapsed=967s  PASS
[real_seed2] pilot 2 step  11600  lr=2.91e-03  loss=0.8205  val_acc={1: 1.0, 2: 0.992, 3: 0.977}  elapsed=975s  PASS
[real_seed2] pilot 2 step  11700  lr=2.91e-03  loss=0.7381  val_acc={1: 1.0, 2: 0.984, 3: 0.977}  elapsed=984s  PASS
[real_seed2] pilot 2 step  11800  lr=2.90e-03  loss=0.8471  val_acc={1: 1.0, 2: 0.906, 3: 0.953}  elapsed=992s  
[real_seed2] pilot 2 step  11900  lr=2.90e-03  loss=0.8170  val_acc={1: 1.0, 2: 0.992, 3: 0.977}  elapsed=999s  PASS
[real_seed2] pilot 2 step  12000  lr=2.90e-03  loss=0.7444  val_acc={1: 1.0, 2: 0.922, 3: 0.914}  elapsed=1007s  
[real_seed2] pilot 2 step  12100  lr=2.90e-03  loss=0.8570  val_acc={1: 1.0, 2: 0.961, 3: 0.938}  elapsed=1015s  
[real_seed2] pilot 2 step  12200  lr=2.90e-03  loss=0.8159  val_acc={1: 1.0, 2: 0.977, 3: 0.93}  elapsed=1023s  
[real_seed2] pilot 2 step  12300  lr=2.90e-03  loss=0.7351  val_acc={1: 1.0, 2: 0.945, 3: 0.938}  elapsed=1031s  
[real_seed2] pilot 2 step  12400  lr=2.89e-03  loss=0.8474  val_acc={1: 1.0, 2: 0.977, 3: 0.984}  elapsed=1039s  PASS
[real_seed2] pilot 2 step  12500  lr=2.89e-03  loss=0.8180  val_acc={1: 1.0, 2: 1.0, 3: 0.984}  elapsed=1047s  PASS
[real_seed2] pilot 2 step  12600  lr=2.89e-03  loss=0.7438  val_acc={1: 1.0, 2: 0.945, 3: 0.977}  elapsed=1055s  
[real_seed2] pilot 2 step  12700  lr=2.89e-03  loss=0.8451  val_acc={1: 1.0, 2: 0.977, 3: 0.914}  elapsed=1063s  
[real_seed2] pilot 2 step  12800  lr=2.89e-03  loss=0.8258  val_acc={1: 1.0, 2: 0.984, 3: 0.938}  elapsed=1069s  
[real_seed2] pilot 2 step  12900  lr=2.89e-03  loss=0.7226  val_acc={1: 1.0, 2: 0.945, 3: 0.93}  elapsed=1078s  
[real_seed2] pilot 2 step  13000  lr=2.88e-03  loss=0.8426  val_acc={1: 1.0, 2: 0.977, 3: 0.945}  elapsed=1087s  
[real_seed2] pilot 2 step  13100  lr=2.88e-03  loss=0.8192  val_acc={1: 1.0, 2: 0.977, 3: 0.938}  elapsed=1096s  
[real_seed2] pilot 2 step  13200  lr=2.88e-03  loss=0.7220  val_acc={1: 1.0, 2: 0.938, 3: 0.953}  elapsed=1105s  
[real_seed2] pilot 2 step  13300  lr=2.88e-03  loss=0.8489  val_acc={1: 1.0, 2: 0.969, 3: 0.945}  elapsed=1113s  
[real_seed2] pilot 2 step  13400  lr=2.88e-03  loss=0.8224  val_acc={1: 1.0, 2: 0.961, 3: 0.945}  elapsed=1122s  
[real_seed2] pilot 2 step  13500  lr=2.87e-03  loss=0.7268  val_acc={1: 1.0, 2: 0.953, 3: 0.922}  elapsed=1128s  
[real_seed2] pilot 2 step  13600  lr=2.87e-03  loss=0.8507  val_acc={1: 1.0, 2: 0.953, 3: 0.922}  elapsed=1139s  
[real_seed2] pilot 2 step  13700  lr=2.87e-03  loss=0.8216  val_acc={1: 1.0, 2: 0.93, 3: 0.938}  elapsed=1147s  
[real_seed2] pilot 2 step  13800  lr=2.87e-03  loss=0.7179  val_acc={1: 1.0, 2: 0.961, 3: 0.938}  elapsed=1155s  
[real_seed2] pilot 2 step  13900  lr=2.87e-03  loss=0.8436  val_acc={1: 1.0, 2: 0.961, 3: 0.93}  elapsed=1163s  
[real_seed2] pilot 2 step  14000  lr=2.87e-03  loss=0.8140  val_acc={1: 1.0, 2: 0.992, 3: 0.93}  elapsed=1171s  
[real_seed2] pilot 2 step  14100  lr=2.86e-03  loss=0.7373  val_acc={1: 1.0, 2: 0.961, 3: 0.93}  elapsed=1181s  
[real_seed2] pilot 2 step  14200  lr=2.86e-03  loss=0.8450  val_acc={1: 1.0, 2: 0.969, 3: 0.922}  elapsed=1188s  
[real_seed2] pilot 2 step  14300  lr=2.86e-03  loss=0.8224  val_acc={1: 1.0, 2: 0.969, 3: 0.914}  elapsed=1197s  
[real_seed2] pilot 2 step  14400  lr=2.86e-03  loss=0.7281  val_acc={1: 1.0, 2: 0.969, 3: 0.922}  elapsed=1205s  
[real_seed2] pilot 2 step  14500  lr=2.86e-03  loss=0.8434  val_acc={1: 1.0, 2: 0.938, 3: 0.945}  elapsed=1213s  
[real_seed2] pilot 2 step  14600  lr=2.85e-03  loss=0.8217  val_acc={1: 1.0, 2: 0.969, 3: 0.969}  elapsed=1222s  PASS
[real_seed2] pilot 2 step  14700  lr=2.85e-03  loss=0.7294  val_acc={1: 1.0, 2: 0.984, 3: 0.977}  elapsed=1231s  PASS
[real_seed2] pilot 2 step  14800  lr=2.85e-03  loss=0.8446  val_acc={1: 1.0, 2: 0.992, 3: 0.961}  elapsed=1239s  PASS
[real_seed2] pilot 2 step  14900  lr=2.85e-03  loss=0.8198  val_acc={1: 1.0, 2: 0.984, 3: 0.969}  elapsed=1246s  PASS
[real_seed2] pilot 2 step  15000  lr=2.85e-03  loss=0.7260  val_acc={1: 1.0, 2: 0.977, 3: 0.961}  elapsed=1253s  PASS
[real_seed2] pilot 2 step  15100  lr=2.84e-03  loss=0.8454  val_acc={1: 1.0, 2: 0.969, 3: 0.961}  elapsed=1261s  PASS
[real_seed2] pilot 2 step  15200  lr=2.84e-03  loss=0.8183  val_acc={1: 1.0, 2: 0.977, 3: 0.977}  elapsed=1269s  PASS
[real_seed2] pilot 2 step  15300  lr=2.84e-03  loss=0.7360  val_acc={1: 1.0, 2: 0.969, 3: 0.977}  elapsed=1278s  PASS
[real_seed2] pilot 2 step  15400  lr=2.84e-03  loss=0.8426  val_acc={1: 1.0, 2: 0.969, 3: 0.953}  elapsed=1286s  PASS
[real_seed2] pilot 2 step  15500  lr=2.84e-03  loss=0.8159  val_acc={1: 1.0, 2: 0.977, 3: 0.977}  elapsed=1295s  PASS
[real_seed2] pilot 2 step  15600  lr=2.83e-03  loss=0.7182  val_acc={1: 1.0, 2: 0.977, 3: 0.977}  elapsed=1303s  PASS
[real_seed2] pilot 2 step  15700  lr=2.83e-03  loss=0.8341  val_acc={1: 1.0, 2: 0.969, 3: 0.914}  elapsed=1311s  
[real_seed2] pilot 2 step  15800  lr=2.83e-03  loss=0.8147  val_acc={1: 1.0, 2: 0.992, 3: 0.977}  elapsed=1318s  PASS
[real_seed2] pilot 2 step  15900  lr=2.83e-03  loss=0.7193  val_acc={1: 1.0, 2: 0.992, 3: 0.977}  elapsed=1327s  PASS
[real_seed2] pilot 2 step  16000  lr=2.82e-03  loss=0.8484  val_acc={1: 1.0, 2: 0.961, 3: 0.93}  elapsed=1335s  
[real_seed2] pilot 2 step  16100  lr=2.82e-03  loss=0.8232  val_acc={1: 1.0, 2: 0.969, 3: 0.961}  elapsed=1344s  PASS
[real_seed2] pilot 2 step  16200  lr=2.82e-03  loss=0.7310  val_acc={1: 1.0, 2: 0.984, 3: 0.969}  elapsed=1352s  PASS
[real_seed2] pilot 2 step  16300  lr=2.82e-03  loss=0.8502  val_acc={1: 1.0, 2: 0.969, 3: 0.977}  elapsed=1362s  PASS
[real_seed2] pilot 2 step  16400  lr=2.82e-03  loss=0.8081  val_acc={1: 1.0, 2: 0.984, 3: 0.977}  elapsed=1373s  PASS
[real_seed2] pilot 2 step  16500  lr=2.81e-03  loss=0.7379  val_acc={1: 1.0, 2: 0.953, 3: 0.969}  elapsed=1381s  PASS
[real_seed2] pilot 2 step  16600  lr=2.81e-03  loss=0.8460  val_acc={1: 1.0, 2: 0.961, 3: 0.953}  elapsed=1389s  PASS
[real_seed2] pilot 2 step  16700  lr=2.81e-03  loss=0.8206  val_acc={1: 1.0, 2: 0.969, 3: 0.961}  elapsed=1397s  PASS
[real_seed2] pilot 2 step  16800  lr=2.81e-03  loss=0.7324  val_acc={1: 1.0, 2: 0.961, 3: 0.961}  elapsed=1406s  PASS
[real_seed2] pilot 2 step  16900  lr=2.80e-03  loss=0.8581  val_acc={1: 1.0, 2: 0.953, 3: 0.953}  elapsed=1413s  PASS
[real_seed2] pilot 2 step  17000  lr=2.80e-03  loss=0.8294  val_acc={1: 1.0, 2: 0.992, 3: 0.984}  elapsed=1422s  PASS
[real_seed2] pilot 2 step  17100  lr=2.80e-03  loss=0.7337  val_acc={1: 1.0, 2: 0.961, 3: 0.961}  elapsed=1430s  PASS
[real_seed2] pilot 2 step  17200  lr=2.80e-03  loss=0.8518  val_acc={1: 1.0, 2: 0.953, 3: 0.938}  elapsed=1441s  
[real_seed2] pilot 2 step  17300  lr=2.80e-03  loss=0.8142  val_acc={1: 1.0, 2: 0.969, 3: 0.977}  elapsed=1449s  PASS
[real_seed2] pilot 2 step  17400  lr=2.79e-03  loss=0.7313  val_acc={1: 1.0, 2: 0.977, 3: 0.953}  elapsed=1458s  PASS
[real_seed2] pilot 2 step  17500  lr=2.79e-03  loss=0.8424  val_acc={1: 1.0, 2: 0.969, 3: 0.961}  elapsed=1466s  PASS
[real_seed2] pilot 2 step  17600  lr=2.79e-03  loss=0.8170  val_acc={1: 1.0, 2: 0.961, 3: 0.977}  elapsed=1474s  PASS
[real_seed2] pilot 2 step  17700  lr=2.79e-03  loss=0.7300  val_acc={1: 1.0, 2: 0.977, 3: 0.984}  elapsed=1482s  PASS
[real_seed2] pilot 2 step  17800  lr=2.78e-03  loss=0.8385  val_acc={1: 1.0, 2: 0.969, 3: 0.938}  elapsed=1489s  
[real_seed2] pilot 2 step  17900  lr=2.78e-03  loss=0.8174  val_acc={1: 1.0, 2: 0.969, 3: 0.953}  elapsed=1498s  PASS
[real_seed2] pilot 2 step  18000  lr=2.78e-03  loss=0.7358  val_acc={1: 1.0, 2: 0.969, 3: 0.969}  elapsed=1507s  PASS
[real_seed2] pilot 2 step  18100  lr=2.78e-03  loss=0.8466  val_acc={1: 1.0, 2: 0.953, 3: 0.898}  elapsed=1515s  
[real_seed2] pilot 2 step  18200  lr=2.77e-03  loss=0.8095  val_acc={1: 1.0, 2: 0.953, 3: 0.922}  elapsed=1527s  
[real_seed2] pilot 2 step  18300  lr=2.77e-03  loss=0.7318  val_acc={1: 1.0, 2: 0.961, 3: 0.922}  elapsed=1534s  
[real_seed2] pilot 2 step  18400  lr=2.77e-03  loss=0.8497  val_acc={1: 1.0, 2: 0.969, 3: 0.93}  elapsed=1542s  
[real_seed2] pilot 2 step  18500  lr=2.77e-03  loss=0.8178  val_acc={1: 1.0, 2: 0.961, 3: 0.93}  elapsed=1550s  
[real_seed2] pilot 2 step  18600  lr=2.76e-03  loss=0.7280  val_acc={1: 1.0, 2: 0.969, 3: 0.953}  elapsed=1559s  PASS
[real_seed2] pilot 2 step  18700  lr=2.76e-03  loss=0.8554  val_acc={1: 1.0, 2: 0.961, 3: 0.945}  elapsed=1566s  
[real_seed2] pilot 2 step  18800  lr=2.76e-03  loss=0.8123  val_acc={1: 1.0, 2: 0.977, 3: 0.945}  elapsed=1575s  
[real_seed2] pilot 2 step  18900  lr=2.76e-03  loss=0.7359  val_acc={1: 1.0, 2: 0.961, 3: 0.938}  elapsed=1582s  
[real_seed2] pilot 2 step  19000  lr=2.75e-03  loss=0.8436  val_acc={1: 1.0, 2: 0.953, 3: 0.977}  elapsed=1591s  PASS
[real_seed2] pilot 2 step  19100  lr=2.75e-03  loss=0.8158  val_acc={1: 1.0, 2: 0.984, 3: 0.984}  elapsed=1599s  PASS
[real_seed2] pilot 2 step  19200  lr=2.75e-03  loss=0.7231  val_acc={1: 1.0, 2: 0.969, 3: 0.969}  elapsed=1607s  PASS
[real_seed2] pilot 2 step  19300  lr=2.75e-03  loss=0.8441  val_acc={1: 1.0, 2: 0.969, 3: 0.961}  elapsed=1617s  PASS
[real_seed2] pilot 2 step  19400  lr=2.74e-03  loss=0.8137  val_acc={1: 1.0, 2: 0.969, 3: 0.953}  elapsed=1624s  PASS
[real_seed2] pilot 2 step  19500  lr=2.74e-03  loss=0.7313  val_acc={1: 1.0, 2: 0.961, 3: 0.953}  elapsed=1632s  PASS
[real_seed2] pilot 2 step  19600  lr=2.74e-03  loss=0.8498  val_acc={1: 1.0, 2: 0.977, 3: 0.953}  elapsed=1639s  PASS
[real_seed2] pilot 2 step  19700  lr=2.74e-03  loss=0.8291  val_acc={1: 1.0, 2: 0.977, 3: 0.945}  elapsed=1647s  
[real_seed2] pilot 2 step  19800  lr=2.73e-03  loss=0.7281  val_acc={1: 1.0, 2: 0.961, 3: 0.977}  elapsed=1657s  PASS
[real_seed2] pilot 2 step  19900  lr=2.73e-03  loss=0.8526  val_acc={1: 1.0, 2: 0.961, 3: 0.945}  elapsed=1666s  
[real_seed2] pilot 2 step  20000  lr=2.73e-03  loss=0.8142  val_acc={1: 1.0, 2: 0.961, 3: 0.969}  elapsed=1675s  PASS
[real_seed2] pilot 2 step  20100  lr=2.73e-03  loss=0.7309  val_acc={1: 1.0, 2: 0.969, 3: 0.953}  elapsed=1682s  PASS
[real_seed2] pilot 2 step  20200  lr=2.72e-03  loss=0.8454  val_acc={1: 1.0, 2: 0.961, 3: 0.953}  elapsed=1691s  PASS
[real_seed2] pilot 2 step  20300  lr=2.72e-03  loss=0.8109  val_acc={1: 1.0, 2: 0.953, 3: 0.938}  elapsed=1700s  
[real_seed2] pilot 2 step  20400  lr=2.72e-03  loss=0.7292  val_acc={1: 1.0, 2: 0.93, 3: 0.93}  elapsed=1708s  
[real_seed2] pilot 2 step  20500  lr=2.72e-03  loss=0.8373  val_acc={1: 1.0, 2: 0.984, 3: 0.945}  elapsed=1717s  
[real_seed2] pilot 2 step  20600  lr=2.71e-03  loss=0.8256  val_acc={1: 1.0, 2: 0.961, 3: 0.945}  elapsed=1725s  
[real_seed2] pilot 2 step  20700  lr=2.71e-03  loss=0.7307  val_acc={1: 1.0, 2: 0.961, 3: 0.961}  elapsed=1733s  PASS
[real_seed2] pilot 2 step  20800  lr=2.71e-03  loss=0.8377  val_acc={1: 1.0, 2: 0.961, 3: 0.93}  elapsed=1741s  
[real_seed2] pilot 2 step  20900  lr=2.71e-03  loss=0.8067  val_acc={1: 1.0, 2: 0.961, 3: 0.922}  elapsed=1749s  
[real_seed2] pilot 2 step  21000  lr=2.70e-03  loss=0.7256  val_acc={1: 1.0, 2: 0.953, 3: 0.945}  elapsed=1757s  
[real_seed2] pilot 2 step  21100  lr=2.70e-03  loss=0.8473  val_acc={1: 1.0, 2: 0.945, 3: 0.914}  elapsed=1765s  
[real_seed2] pilot 2 step  21200  lr=2.70e-03  loss=0.8165  val_acc={1: 1.0, 2: 0.961, 3: 0.961}  elapsed=1776s  PASS
[real_seed2] pilot 2 step  21300  lr=2.69e-03  loss=0.7266  val_acc={1: 1.0, 2: 0.984, 3: 0.977}  elapsed=1785s  PASS
[real_seed2] pilot 2 step  21400  lr=2.69e-03  loss=0.8423  val_acc={1: 1.0, 2: 0.984, 3: 0.984}  elapsed=1796s  PASS
[real_seed2] pilot 2 step  21500  lr=2.69e-03  loss=0.8114  val_acc={1: 1.0, 2: 0.969, 3: 0.945}  elapsed=1808s  
[real_seed2] pilot 2 step  21600  lr=2.69e-03  loss=0.7385  val_acc={1: 1.0, 2: 0.969, 3: 0.953}  elapsed=1817s  PASS
[real_seed2] pilot 2 step  21700  lr=2.68e-03  loss=0.8438  val_acc={1: 1.0, 2: 0.977, 3: 0.953}  elapsed=1824s  PASS
[real_seed2] pilot 2 step  21800  lr=2.68e-03  loss=0.8289  val_acc={1: 1.0, 2: 0.969, 3: 0.961}  elapsed=1834s  PASS
[real_seed2] pilot 2 step  21900  lr=2.68e-03  loss=0.7243  val_acc={1: 1.0, 2: 0.977, 3: 0.953}  elapsed=1846s  PASS
[real_seed2] pilot 2 step  22000  lr=2.67e-03  loss=0.8413  val_acc={1: 1.0, 2: 0.969, 3: 0.961}  elapsed=1854s  PASS
[real_seed2] pilot 2 step  22100  lr=2.67e-03  loss=0.8096  val_acc={1: 1.0, 2: 0.977, 3: 0.945}  elapsed=1863s  
[real_seed2] pilot 2 step  22200  lr=2.67e-03  loss=0.7237  val_acc={1: 1.0, 2: 0.977, 3: 0.914}  elapsed=1870s  
[real_seed2] pilot 2 step  22300  lr=2.67e-03  loss=0.8479  val_acc={1: 1.0, 2: 0.977, 3: 0.961}  elapsed=1878s  PASS
[real_seed2] pilot 2 step  22400  lr=2.66e-03  loss=0.8260  val_acc={1: 1.0, 2: 0.984, 3: 0.977}  elapsed=1885s  PASS
[real_seed2] pilot 2 step  22500  lr=2.66e-03  loss=0.7266  val_acc={1: 1.0, 2: 0.961, 3: 0.945}  elapsed=1893s  
[real_seed2] pilot 2 step  22600  lr=2.66e-03  loss=0.8449  val_acc={1: 1.0, 2: 0.969, 3: 0.953}  elapsed=1902s  PASS
[real_seed2] pilot 2 step  22700  lr=2.65e-03  loss=0.8170  val_acc={1: 1.0, 2: 0.984, 3: 0.953}  elapsed=1909s  PASS
[real_seed2] pilot 2 step  22800  lr=2.65e-03  loss=0.7301  val_acc={1: 1.0, 2: 0.977, 3: 0.945}  elapsed=1918s  
[real_seed2] pilot 2 step  22900  lr=2.65e-03  loss=0.8332  val_acc={1: 1.0, 2: 0.984, 3: 0.977}  elapsed=1925s  PASS
[real_seed2] pilot 2 step  23000  lr=2.65e-03  loss=0.8171  val_acc={1: 1.0, 2: 0.977, 3: 0.961}  elapsed=1934s  PASS
[real_seed2] pilot 2 step  23100  lr=2.64e-03  loss=0.7294  val_acc={1: 1.0, 2: 0.984, 3: 0.977}  elapsed=1941s  PASS
[real_seed2] pilot 2 step  23200  lr=2.64e-03  loss=0.8462  val_acc={1: 1.0, 2: 0.984, 3: 0.984}  elapsed=1950s  PASS
[real_seed2] pilot 2 step  23300  lr=2.64e-03  loss=0.8205  val_acc={1: 1.0, 2: 0.984, 3: 0.984}  elapsed=1958s  PASS
[real_seed2] pilot 2 step  23400  lr=2.63e-03  loss=0.7224  val_acc={1: 1.0, 2: 0.984, 3: 0.984}  elapsed=1967s  PASS
[real_seed2] pilot 2 step  23500  lr=2.63e-03  loss=0.8501  val_acc={1: 1.0, 2: 0.984, 3: 0.977}  elapsed=1975s  PASS
[real_seed2] pilot 2 step  23600  lr=2.63e-03  loss=0.8129  val_acc={1: 1.0, 2: 0.977, 3: 0.977}  elapsed=1983s  PASS
[real_seed2] pilot 2 step  23700  lr=2.62e-03  loss=0.7245  val_acc={1: 1.0, 2: 0.977, 3: 0.969}  elapsed=1991s  PASS
[real_seed2] pilot 2 step  23800  lr=2.62e-03  loss=0.8432  val_acc={1: 1.0, 2: 0.984, 3: 0.984}  elapsed=2000s  PASS
[real_seed2] pilot 2 step  23900  lr=2.62e-03  loss=0.8245  val_acc={1: 1.0, 2: 0.984, 3: 0.977}  elapsed=2008s  PASS
[real_seed2] pilot 2 step  24000  lr=2.62e-03  loss=0.7263  val_acc={1: 1.0, 2: 0.984, 3: 0.977}  elapsed=2015s  PASS
[real_seed2] pilot 2 step  24100  lr=2.61e-03  loss=0.8338  val_acc={1: 1.0, 2: 0.984, 3: 0.969}  elapsed=2023s  PASS
[real_seed2] pilot 2 step  24200  lr=2.61e-03  loss=0.8190  val_acc={1: 1.0, 2: 0.969, 3: 0.977}  elapsed=2032s  PASS
[real_seed2] pilot 2 step  24300  lr=2.61e-03  loss=0.7383  val_acc={1: 1.0, 2: 0.977, 3: 0.984}  elapsed=2039s  PASS
[real_seed2] pilot 2 step  24400  lr=2.60e-03  loss=0.8485  val_acc={1: 1.0, 2: 0.969, 3: 0.977}  elapsed=2048s  PASS
[real_seed2] pilot 2 step  24500  lr=2.60e-03  loss=0.8188  val_acc={1: 1.0, 2: 0.969, 3: 0.977}  elapsed=2056s  PASS
[real_seed2] pilot 2 step  24600  lr=2.60e-03  loss=0.7222  val_acc={1: 1.0, 2: 0.969, 3: 0.953}  elapsed=2065s  PASS
[real_seed2] pilot 2 step  24700  lr=2.59e-03  loss=0.8441  val_acc={1: 1.0, 2: 0.969, 3: 0.945}  elapsed=2074s  
[real_seed2] pilot 2 step  24800  lr=2.59e-03  loss=0.8155  val_acc={1: 1.0, 2: 0.969, 3: 0.969}  elapsed=2082s  PASS
[real_seed2] pilot 2 step  24900  lr=2.59e-03  loss=0.7272  val_acc={1: 1.0, 2: 0.984, 3: 0.969}  elapsed=2091s  PASS
[real_seed2] pilot 2 step  25000  lr=2.58e-03  loss=0.8526  val_acc={1: 1.0, 2: 0.984, 3: 0.977}  elapsed=2099s  PASS
[real_seed2] pilot 2 step  25100  lr=2.58e-03  loss=0.8232  val_acc={1: 1.0, 2: 0.984, 3: 1.0}  elapsed=2107s  PASS
[real_seed2] pilot 2 step  25200  lr=2.58e-03  loss=0.7280  val_acc={1: 1.0, 2: 0.984, 3: 0.977}  elapsed=2118s  PASS
[real_seed2] pilot 2 step  25300  lr=2.57e-03  loss=0.8393  val_acc={1: 1.0, 2: 0.977, 3: 0.961}  elapsed=2126s  PASS
[real_seed2] pilot 2 step  25400  lr=2.57e-03  loss=0.8121  val_acc={1: 1.0, 2: 0.984, 3: 0.977}  elapsed=2133s  PASS
[real_seed2] pilot 2 step  25500  lr=2.57e-03  loss=0.7299  val_acc={1: 1.0, 2: 0.984, 3: 0.992}  elapsed=2143s  PASS
[real_seed2] pilot 2 step  25600  lr=2.57e-03  loss=0.8412  val_acc={1: 1.0, 2: 1.0, 3: 1.0}  elapsed=2151s  PASS
[real_seed2] pilot 2 step  25700  lr=2.56e-03  loss=0.8155  val_acc={1: 1.0, 2: 1.0, 3: 0.992}  elapsed=2159s  PASS
[real_seed2] pilot 2 step  25800  lr=2.56e-03  loss=0.7352  val_acc={1: 1.0, 2: 0.977, 3: 0.992}  elapsed=2167s  PASS
[real_seed2] pilot 2 step  25900  lr=2.56e-03  loss=0.8549  val_acc={1: 1.0, 2: 0.992, 3: 0.984}  elapsed=2176s  PASS
[real_seed2] pilot 2 step  26000  lr=2.55e-03  loss=0.8175  val_acc={1: 1.0, 2: 0.992, 3: 0.984}  elapsed=2184s  PASS
[real_seed2] pilot 2 step  26100  lr=2.55e-03  loss=0.7364  val_acc={1: 1.0, 2: 0.992, 3: 1.0}  elapsed=2195s  PASS
[real_seed2] pilot 2 step  26200  lr=2.55e-03  loss=0.8514  val_acc={1: 1.0, 2: 0.984, 3: 0.984}  elapsed=2204s  PASS
[real_seed2] pilot 2 step  26300  lr=2.54e-03  loss=0.8067  val_acc={1: 1.0, 2: 0.977, 3: 1.0}  elapsed=2211s  PASS
[real_seed2] pilot 2 step  26400  lr=2.54e-03  loss=0.7260  val_acc={1: 1.0, 2: 0.984, 3: 0.992}  elapsed=2220s  PASS
[real_seed2] pilot 2 step  26500  lr=2.54e-03  loss=0.8430  val_acc={1: 1.0, 2: 0.984, 3: 0.984}  elapsed=2228s  PASS
[real_seed2] pilot 2 step  26600  lr=2.53e-03  loss=0.8118  val_acc={1: 1.0, 2: 0.977, 3: 0.992}  elapsed=2240s  PASS
[real_seed2] pilot 2 step  26700  lr=2.53e-03  loss=0.7307  val_acc={1: 1.0, 2: 0.992, 3: 0.992}  elapsed=2252s  PASS
[real_seed2] pilot 2 step  26800  lr=2.53e-03  loss=0.8436  val_acc={1: 1.0, 2: 0.984, 3: 0.984}  elapsed=2264s  PASS
[real_seed2] pilot 2 step  26900  lr=2.52e-03  loss=0.8190  val_acc={1: 1.0, 2: 1.0, 3: 1.0}  elapsed=2271s  PASS
[real_seed2] pilot 2 step  27000  lr=2.52e-03  loss=0.7273  val_acc={1: 1.0, 2: 0.992, 3: 1.0}  elapsed=2282s  PASS
[real_seed2] pilot 2 step  27100  lr=2.52e-03  loss=0.8455  val_acc={1: 1.0, 2: 0.992, 3: 1.0}  elapsed=2290s  PASS
[real_seed2] pilot 2 step  27200  lr=2.51e-03  loss=0.8140  val_acc={1: 1.0, 2: 0.984, 3: 1.0}  elapsed=2298s  PASS
[real_seed2] pilot 2 step  27300  lr=2.51e-03  loss=0.7262  val_acc={1: 1.0, 2: 0.984, 3: 1.0}  elapsed=2306s  PASS
[real_seed2] pilot 2 step  27400  lr=2.51e-03  loss=0.8384  val_acc={1: 1.0, 2: 0.984, 3: 1.0}  elapsed=2314s  PASS
[real_seed2] pilot 2 step  27500  lr=2.50e-03  loss=0.8200  val_acc={1: 1.0, 2: 0.984, 3: 1.0}  elapsed=2321s  PASS
[real_seed2] pilot 2 step  27600  lr=2.50e-03  loss=0.7294  val_acc={1: 1.0, 2: 0.984, 3: 0.992}  elapsed=2329s  PASS
[real_seed2] pilot 2 step  27700  lr=2.50e-03  loss=0.8443  val_acc={1: 1.0, 2: 0.984, 3: 0.984}  elapsed=2337s  PASS
[real_seed2] pilot 2 step  27800  lr=2.49e-03  loss=0.8138  val_acc={1: 1.0, 2: 0.984, 3: 1.0}  elapsed=2346s  PASS
[real_seed2] pilot 2 step  27900  lr=2.49e-03  loss=0.7354  val_acc={1: 1.0, 2: 0.977, 3: 0.984}  elapsed=2355s  PASS
[real_seed2] pilot 2 step  28000  lr=2.48e-03  loss=0.8463  val_acc={1: 1.0, 2: 0.977, 3: 0.992}  elapsed=2363s  PASS
[real_seed2] pilot 2 step  28100  lr=2.48e-03  loss=0.8182  val_acc={1: 1.0, 2: 0.984, 3: 1.0}  elapsed=2371s  PASS
[real_seed2] pilot 2 step  28200  lr=2.48e-03  loss=0.7340  val_acc={1: 1.0, 2: 0.992, 3: 0.992}  elapsed=2379s  PASS
[real_seed2] pilot 2 step  28300  lr=2.47e-03  loss=0.8424  val_acc={1: 1.0, 2: 0.992, 3: 1.0}  elapsed=2388s  PASS
[real_seed2] pilot 2 step  28400  lr=2.47e-03  loss=0.8230  val_acc={1: 1.0, 2: 0.992, 3: 1.0}  elapsed=2400s  PASS
[real_seed2] pilot 2 step  28500  lr=2.47e-03  loss=0.7324  val_acc={1: 1.0, 2: 0.992, 3: 1.0}  elapsed=2406s  PASS
[real_seed2] pilot 2 step  28600  lr=2.46e-03  loss=0.8506  val_acc={1: 1.0, 2: 0.992, 3: 1.0}  elapsed=2414s  PASS
[real_seed2] pilot 2 step  28700  lr=2.46e-03  loss=0.8210  val_acc={1: 1.0, 2: 1.0, 3: 1.0}  elapsed=2422s  PASS
[real_seed2] pilot 2 step  28800  lr=2.46e-03  loss=0.7240  val_acc={1: 1.0, 2: 0.992, 3: 0.984}  elapsed=2430s  PASS
[real_seed2] pilot 2 step  28900  lr=2.45e-03  loss=0.8491  val_acc={1: 1.0, 2: 0.992, 3: 0.984}  elapsed=2438s  PASS
[real_seed2] pilot 2 step  29000  lr=2.45e-03  loss=0.8134  val_acc={1: 1.0, 2: 0.984, 3: 1.0}  elapsed=2447s  PASS
[real_seed2] pilot 2 step  29100  lr=2.45e-03  loss=0.7368  val_acc={1: 1.0, 2: 0.984, 3: 0.992}  elapsed=2455s  PASS
[real_seed2] pilot 2 step  29200  lr=2.44e-03  loss=0.8397  val_acc={1: 1.0, 2: 0.992, 3: 1.0}  elapsed=2463s  PASS
[real_seed2] pilot 2 step  29300  lr=2.44e-03  loss=0.8244  val_acc={1: 1.0, 2: 0.992, 3: 0.992}  elapsed=2471s  PASS
[real_seed2] pilot 2 step  29400  lr=2.44e-03  loss=0.7210  val_acc={1: 1.0, 2: 0.992, 3: 0.992}  elapsed=2479s  PASS
[real_seed2] pilot 2 step  29500  lr=2.43e-03  loss=0.8415  val_acc={1: 1.0, 2: 0.984, 3: 0.984}  elapsed=2487s  PASS
[real_seed2] pilot 2 step  29600  lr=2.43e-03  loss=0.8156  val_acc={1: 1.0, 2: 0.984, 3: 0.992}  elapsed=2496s  PASS
[real_seed2] pilot 2 step  29700  lr=2.43e-03  loss=0.7248  val_acc={1: 1.0, 2: 0.984, 3: 0.992}  elapsed=2505s  PASS
[real_seed2] pilot 2 step  29800  lr=2.42e-03  loss=0.8485  val_acc={1: 1.0, 2: 0.992, 3: 1.0}  elapsed=2513s  PASS
[real_seed2] pilot 2 step  29900  lr=2.42e-03  loss=0.8196  val_acc={1: 1.0, 2: 0.992, 3: 0.992}  elapsed=2524s  PASS
[real_seed2] pilot 2 step  30000  lr=2.41e-03  loss=0.7317  val_acc={1: 1.0, 2: 0.977, 3: 0.961}  elapsed=2534s  PASS
[real_seed2] pilot 2 step  30100  lr=2.41e-03  loss=0.8455  val_acc={1: 1.0, 2: 0.984, 3: 1.0}  elapsed=2545s  PASS
[real_seed2] pilot 2 step  30200  lr=2.41e-03  loss=0.8191  val_acc={1: 1.0, 2: 0.984, 3: 1.0}  elapsed=2556s  PASS
[real_seed2] pilot 2 step  30300  lr=2.40e-03  loss=0.7348  val_acc={1: 1.0, 2: 0.992, 3: 1.0}  elapsed=2565s  PASS
[real_seed2] pilot 2 step  30400  lr=2.40e-03  loss=0.8458  val_acc={1: 1.0, 2: 0.977, 3: 0.984}  elapsed=2574s  PASS
[real_seed2] pilot 2 step  30500  lr=2.40e-03  loss=0.8127  val_acc={1: 1.0, 2: 0.992, 3: 0.992}  elapsed=2581s  PASS
[real_seed2] pilot 2 step  30600  lr=2.39e-03  loss=0.7249  val_acc={1: 1.0, 2: 0.992, 3: 0.992}  elapsed=2590s  PASS
[real_seed2] pilot 2 step  30700  lr=2.39e-03  loss=0.8460  val_acc={1: 1.0, 2: 0.984, 3: 0.992}  elapsed=2597s  PASS
[real_seed2] pilot 2 step  30800  lr=2.38e-03  loss=0.8098  val_acc={1: 1.0, 2: 0.984, 3: 1.0}  elapsed=2609s  PASS
[real_seed2] pilot 2 step  30900  lr=2.38e-03  loss=0.7305  val_acc={1: 1.0, 2: 0.977, 3: 0.969}  elapsed=2618s  PASS
[real_seed2] pilot 2 step  31000  lr=2.38e-03  loss=0.8526  val_acc={1: 1.0, 2: 0.992, 3: 0.992}  elapsed=2626s  PASS
[real_seed2] pilot 2 step  31100  lr=2.37e-03  loss=0.8107  val_acc={1: 1.0, 2: 0.992, 3: 0.992}  elapsed=2634s  PASS
[real_seed2] pilot 2 step  31200  lr=2.37e-03  loss=0.7165  val_acc={1: 1.0, 2: 0.984, 3: 0.984}  elapsed=2642s  PASS
[real_seed2] pilot 2 step  31300  lr=2.37e-03  loss=0.8413  val_acc={1: 1.0, 2: 0.992, 3: 0.992}  elapsed=2651s  PASS
[real_seed2] pilot 2 step  31400  lr=2.36e-03  loss=0.8143  val_acc={1: 1.0, 2: 1.0, 3: 0.992}  elapsed=2659s  PASS
[real_seed2] pilot 2 step  31500  lr=2.36e-03  loss=0.7432  val_acc={1: 1.0, 2: 0.992, 3: 1.0}  elapsed=2666s  PASS
[real_seed2] pilot 2 step  31600  lr=2.36e-03  loss=0.8411  val_acc={1: 1.0, 2: 0.984, 3: 1.0}  elapsed=2675s  PASS
[real_seed2] pilot 2 step  31700  lr=2.35e-03  loss=0.8095  val_acc={1: 1.0, 2: 0.992, 3: 1.0}  elapsed=2684s  PASS
[real_seed2] pilot 2 step  31800  lr=2.35e-03  loss=0.7314  val_acc={1: 1.0, 2: 0.984, 3: 1.0}  elapsed=2691s  PASS
[real_seed2] pilot 2 step  31900  lr=2.34e-03  loss=0.8427  val_acc={1: 1.0, 2: 0.992, 3: 1.0}  elapsed=2699s  PASS
[real_seed2] pilot 2 step  32000  lr=2.34e-03  loss=0.8128  val_acc={1: 1.0, 2: 0.992, 3: 1.0}  elapsed=2707s  PASS
[real_seed2] pilot 2 step  32100  lr=2.34e-03  loss=0.7310  val_acc={1: 1.0, 2: 0.992, 3: 1.0}  elapsed=2716s  PASS
[real_seed2] pilot 2 step  32200  lr=2.33e-03  loss=0.8487  val_acc={1: 1.0, 2: 1.0, 3: 1.0}  elapsed=2723s  PASS
[real_seed2] pilot 2 step  32300  lr=2.33e-03  loss=0.8126  val_acc={1: 1.0, 2: 1.0, 3: 1.0}  elapsed=2733s  PASS
[real_seed2] pilot 2 step  32400  lr=2.32e-03  loss=0.7224  val_acc={1: 1.0, 2: 1.0, 3: 1.0}  elapsed=2741s  PASS
[real_seed2] pilot 2 step  32500  lr=2.32e-03  loss=0.8437  val_acc={1: 1.0, 2: 1.0, 3: 0.992}  elapsed=2753s  PASS
[real_seed2] pilot 2 step  32600  lr=2.32e-03  loss=0.8209  val_acc={1: 1.0, 2: 1.0, 3: 0.992}  elapsed=2762s  PASS
[real_seed2] pilot 2 step  32700  lr=2.31e-03  loss=0.7300  val_acc={1: 1.0, 2: 1.0, 3: 1.0}  elapsed=2769s  PASS
[real_seed2] pilot 2 step  32800  lr=2.31e-03  loss=0.8404  val_acc={1: 1.0, 2: 1.0, 3: 1.0}  elapsed=2778s  PASS
[real_seed2] pilot 2 step  32900  lr=2.31e-03  loss=0.8146  val_acc={1: 1.0, 2: 0.992, 3: 1.0}  elapsed=2785s  PASS
[real_seed2] pilot 2 step  33000  lr=2.30e-03  loss=0.7333  val_acc={1: 1.0, 2: 1.0, 3: 1.0}  elapsed=2792s  PASS
[real_seed2] pilot 2 step  33100  lr=2.30e-03  loss=0.8381  val_acc={1: 1.0, 2: 1.0, 3: 0.992}  elapsed=2804s  PASS
[real_seed2] pilot 2 step  33200  lr=2.29e-03  loss=0.8064  val_acc={1: 1.0, 2: 0.992, 3: 1.0}  elapsed=2817s  PASS
[real_seed2] pilot 2 step  33300  lr=2.29e-03  loss=0.7302  val_acc={1: 1.0, 2: 1.0, 3: 1.0}  elapsed=2824s  PASS
[real_seed2] pilot 2 step  33400  lr=2.29e-03  loss=0.8432  val_acc={1: 1.0, 2: 1.0, 3: 1.0}  elapsed=2831s  PASS
[real_seed2] pilot 2 step  33500  lr=2.28e-03  loss=0.8147  val_acc={1: 1.0, 2: 1.0, 3: 0.992}  elapsed=2844s  PASS
[real_seed2] pilot 2 step  33600  lr=2.28e-03  loss=0.7276  val_acc={1: 1.0, 2: 1.0, 3: 1.0}  elapsed=2853s  PASS
[real_seed2] pilot 2 step  33700  lr=2.27e-03  loss=0.8426  val_acc={1: 1.0, 2: 1.0, 3: 1.0}  elapsed=2861s  PASS
[real_seed2] pilot 2 step  33800  lr=2.27e-03  loss=0.8175  val_acc={1: 1.0, 2: 1.0, 3: 1.0}  elapsed=2868s  PASS
[real_seed2] pilot 2 step  33900  lr=2.27e-03  loss=0.7262  val_acc={1: 1.0, 2: 1.0, 3: 1.0}  elapsed=2877s  PASS
[real_seed2] pilot 2 step  34000  lr=2.26e-03  loss=0.8459  val_acc={1: 1.0, 2: 1.0, 3: 1.0}  elapsed=2884s  PASS
[real_seed2] pilot 2 step  34100  lr=2.26e-03  loss=0.8139  val_acc={1: 1.0, 2: 1.0, 3: 0.992}  elapsed=2892s  PASS
[real_seed2] pilot 2 step  34200  lr=2.25e-03  loss=0.7179  val_acc={1: 1.0, 2: 0.992, 3: 0.992}  elapsed=2900s  PASS
[real_seed2] pilot 2 step  34300  lr=2.25e-03  loss=0.8329  val_acc={1: 1.0, 2: 0.992, 3: 1.0}  elapsed=2909s  PASS
[real_seed2] pilot 2 step  34400  lr=2.25e-03  loss=0.8217  val_acc={1: 1.0, 2: 1.0, 3: 0.992}  elapsed=2916s  PASS
[real_seed2] pilot 2 step  34500  lr=2.24e-03  loss=0.7314  val_acc={1: 1.0, 2: 1.0, 3: 0.992}  elapsed=2924s  PASS
[real_seed2] pilot 2 step  34600  lr=2.24e-03  loss=0.8508  val_acc={1: 1.0, 2: 1.0, 3: 0.992}  elapsed=2933s  PASS
[real_seed2] pilot 2 step  34700  lr=2.24e-03  loss=0.8281  val_acc={1: 1.0, 2: 1.0, 3: 0.992}  elapsed=2942s  PASS
[real_seed2] pilot 2 step  34800  lr=2.23e-03  loss=0.7259  val_acc={1: 1.0, 2: 1.0, 3: 1.0}  elapsed=2953s  PASS
[real_seed2] pilot 2 step  34900  lr=2.23e-03  loss=0.8512  val_acc={1: 1.0, 2: 1.0, 3: 1.0}  elapsed=2961s  PASS
[real_seed2] pilot 2 step  35000  lr=2.22e-03  loss=0.8136  val_acc={1: 1.0, 2: 1.0, 3: 1.0}  elapsed=2970s  PASS
[real_seed2] pilot 2 step  35100  lr=2.22e-03  loss=0.7309  val_acc={1: 1.0, 2: 1.0, 3: 1.0}  elapsed=2977s  PASS
[real_seed2] pilot 2 step  35200  lr=2.22e-03  loss=0.8440  val_acc={1: 1.0, 2: 1.0, 3: 1.0}  elapsed=2985s  PASS
[real_seed2] pilot 2 step  35300  lr=2.21e-03  loss=0.8210  val_acc={1: 1.0, 2: 1.0, 3: 1.0}  elapsed=2996s  PASS
[real_seed2] pilot 2 step  35400  lr=2.21e-03  loss=0.7204  val_acc={1: 1.0, 2: 1.0, 3: 1.0}  elapsed=3005s  PASS
[real_seed2] pilot 2 step  35500  lr=2.20e-03  loss=0.8504  val_acc={1: 1.0, 2: 1.0, 3: 1.0}  elapsed=3014s  PASS
[real_seed2] pilot 2 step  35600  lr=2.20e-03  loss=0.8275  val_acc={1: 1.0, 2: 0.992, 3: 1.0}  elapsed=3022s  PASS
[real_seed2] pilot 2 step  35700  lr=2.19e-03  loss=0.7252  val_acc={1: 1.0, 2: 1.0, 3: 1.0}  elapsed=3029s  PASS
[real_seed2] pilot 2 step  35800  lr=2.19e-03  loss=0.8395  val_acc={1: 1.0, 2: 1.0, 3: 1.0}  elapsed=3040s  PASS
[real_seed2] pilot 2 step  35900  lr=2.19e-03  loss=0.8177  val_acc={1: 1.0, 2: 1.0, 3: 1.0}  elapsed=3047s  PASS
[real_seed2] pilot 2 step  36000  lr=2.18e-03  loss=0.7345  val_acc={1: 1.0, 2: 1.0, 3: 1.0}  elapsed=3056s  PASS
[real_seed2] pilot 2 step  36100  lr=2.18e-03  loss=0.8461  val_acc={1: 1.0, 2: 0.992, 3: 1.0}  elapsed=3062s  PASS
[real_seed2] pilot 2 step  36200  lr=2.17e-03  loss=0.8201  val_acc={1: 1.0, 2: 0.992, 3: 0.992}  elapsed=3074s  PASS
[real_seed2] pilot 2 step  36300  lr=2.17e-03  loss=0.7374  val_acc={1: 1.0, 2: 0.992, 3: 1.0}  elapsed=3086s  PASS
[real_seed2] pilot 2 step  36400  lr=2.17e-03  loss=0.8469  val_acc={1: 1.0, 2: 1.0, 3: 1.0}  elapsed=3095s  PASS
[real_seed2] pilot 2 step  36500  lr=2.16e-03  loss=0.8141  val_acc={1: 1.0, 2: 0.992, 3: 0.984}  elapsed=3102s  PASS
[real_seed2] pilot 2 step  36600  lr=2.16e-03  loss=0.7337  val_acc={1: 1.0, 2: 0.992, 3: 1.0}  elapsed=3110s  PASS
[real_seed2] pilot 2 step  36700  lr=2.15e-03  loss=0.8532  val_acc={1: 1.0, 2: 0.992, 3: 0.992}  elapsed=3118s  PASS
[real_seed2] pilot 2 step  36800  lr=2.15e-03  loss=0.8089  val_acc={1: 1.0, 2: 0.992, 3: 1.0}  elapsed=3125s  PASS
[real_seed2] pilot 2 step  36900  lr=2.15e-03  loss=0.7319  val_acc={1: 1.0, 2: 0.992, 3: 1.0}  elapsed=3137s  PASS
[real_seed2] pilot 2 step  37000  lr=2.14e-03  loss=0.8447  val_acc={1: 1.0, 2: 1.0, 3: 1.0}  elapsed=3145s  PASS
[real_seed2] pilot 2 step  37100  lr=2.14e-03  loss=0.8165  val_acc={1: 1.0, 2: 1.0, 3: 1.0}  elapsed=3153s  PASS
[real_seed2] pilot 2 step  37200  lr=2.13e-03  loss=0.7231  val_acc={1: 1.0, 2: 0.992, 3: 0.992}  elapsed=3161s  PASS
[real_seed2] pilot 2 step  37300  lr=2.13e-03  loss=0.8381  val_acc={1: 1.0, 2: 1.0, 3: 1.0}  elapsed=3170s  PASS
[real_seed2] pilot 2 step  37400  lr=2.13e-03  loss=0.8151  val_acc={1: 1.0, 2: 1.0, 3: 1.0}  elapsed=3178s  PASS
[real_seed2] pilot 2 step  37500  lr=2.12e-03  loss=0.7194  val_acc={1: 1.0, 2: 0.992, 3: 0.992}  elapsed=3187s  PASS
[real_seed2] pilot 2 step  37600  lr=2.12e-03  loss=0.8490  val_acc={1: 1.0, 2: 1.0, 3: 1.0}  elapsed=3195s  PASS
[real_seed2] pilot 2 step  37700  lr=2.11e-03  loss=0.8043  val_acc={1: 1.0, 2: 1.0, 3: 0.992}  elapsed=3204s  PASS
[real_seed2] pilot 2 step  37800  lr=2.11e-03  loss=0.7287  val_acc={1: 1.0, 2: 0.992, 3: 1.0}  elapsed=3212s  PASS
[real_seed2] pilot 2 step  37900  lr=2.10e-03  loss=0.8450  val_acc={1: 1.0, 2: 1.0, 3: 0.992}  elapsed=3220s  PASS
[real_seed2] pilot 2 step  38000  lr=2.10e-03  loss=0.8190  val_acc={1: 1.0, 2: 1.0, 3: 1.0}  elapsed=3230s  PASS
[real_seed2] pilot 2 step  38100  lr=2.10e-03  loss=0.7263  val_acc={1: 1.0, 2: 1.0, 3: 1.0}  elapsed=3237s  PASS
[real_seed2] pilot 2 step  38200  lr=2.09e-03  loss=0.8391  val_acc={1: 1.0, 2: 0.992, 3: 0.992}  elapsed=3246s  PASS
[real_seed2] pilot 2 step  38300  lr=2.09e-03  loss=0.8172  val_acc={1: 1.0, 2: 1.0, 3: 0.984}  elapsed=3254s  PASS
[real_seed2] pilot 2 step  38400  lr=2.08e-03  loss=0.7253  val_acc={1: 1.0, 2: 0.992, 3: 1.0}  elapsed=3263s  PASS
[real_seed2] pilot 2 step  38500  lr=2.08e-03  loss=0.8478  val_acc={1: 1.0, 2: 0.984, 3: 1.0}  elapsed=3272s  PASS
[real_seed2] pilot 2 step  38600  lr=2.07e-03  loss=0.8349  val_acc={1: 1.0, 2: 1.0, 3: 1.0}  elapsed=3280s  PASS
[real_seed2] pilot 2 step  38700  lr=2.07e-03  loss=0.7223  val_acc={1: 1.0, 2: 1.0, 3: 1.0}  elapsed=3288s  PASS
[real_seed2] pilot 2 step  38800  lr=2.07e-03  loss=0.8488  val_acc={1: 1.0, 2: 1.0, 3: 1.0}  elapsed=3295s  PASS
[real_seed2] pilot 2 step  38900  lr=2.06e-03  loss=0.8188  val_acc={1: 1.0, 2: 1.0, 3: 0.992}  elapsed=3303s  PASS
[real_seed2] pilot 2 step  39000  lr=2.06e-03  loss=0.7278  val_acc={1: 1.0, 2: 1.0, 3: 1.0}  elapsed=3311s  PASS
[real_seed2] pilot 2 step  39100  lr=2.05e-03  loss=0.8319  val_acc={1: 1.0, 2: 1.0, 3: 0.992}  elapsed=3319s  PASS
[real_seed2] pilot 2 step  39200  lr=2.05e-03  loss=0.8193  val_acc={1: 1.0, 2: 0.992, 3: 1.0}  elapsed=3329s  PASS
[real_seed2] pilot 2 step  39300  lr=2.05e-03  loss=0.7250  val_acc={1: 1.0, 2: 1.0, 3: 1.0}  elapsed=3338s  PASS
[real_seed2] pilot 2 step  39400  lr=2.04e-03  loss=0.8385  val_acc={1: 1.0, 2: 1.0, 3: 1.0}  elapsed=3347s  PASS
[real_seed2] pilot 2 step  39500  lr=2.04e-03  loss=0.8136  val_acc={1: 1.0, 2: 1.0, 3: 0.992}  elapsed=3357s  PASS
[real_seed2] pilot 2 step  39600  lr=2.03e-03  loss=0.7184  val_acc={1: 1.0, 2: 1.0, 3: 0.984}  elapsed=3366s  PASS
[real_seed2] pilot 2 step  39700  lr=2.03e-03  loss=0.8577  val_acc={1: 1.0, 2: 1.0, 3: 0.992}  elapsed=3374s  PASS
[real_seed2] pilot 2 step  39800  lr=2.02e-03  loss=0.8116  val_acc={1: 1.0, 2: 1.0, 3: 0.992}  elapsed=3382s  PASS
[real_seed2] pilot 2 step  39900  lr=2.02e-03  loss=0.7291  val_acc={1: 1.0, 2: 1.0, 3: 0.984}  elapsed=3389s  PASS
[real_seed2] pilot 2 step  40000  lr=2.02e-03  loss=0.8417  val_acc={1: 1.0, 2: 1.0, 3: 0.977}  elapsed=3396s  PASS
[real_seed2] pilot 2 step  40100  lr=2.01e-03  loss=0.8087  val_acc={1: 1.0, 2: 1.0, 3: 0.992}  elapsed=3404s  PASS
[real_seed2] pilot 2 step  40200  lr=2.01e-03  loss=0.7279  val_acc={1: 1.0, 2: 1.0, 3: 1.0}  elapsed=3413s  PASS
[real_seed2] pilot 2 step  40300  lr=2.00e-03  loss=0.8409  val_acc={1: 1.0, 2: 1.0, 3: 1.0}  elapsed=3422s  PASS
[real_seed2] pilot 2 step  40400  lr=2.00e-03  loss=0.8145  val_acc={1: 1.0, 2: 1.0, 3: 1.0}  elapsed=3431s  PASS
[real_seed2] pilot 2 step  40500  lr=1.99e-03  loss=0.7266  val_acc={1: 1.0, 2: 1.0, 3: 1.0}  elapsed=3440s  PASS
[real_seed2] pilot 2 step  40600  lr=1.99e-03  loss=0.8451  val_acc={1: 1.0, 2: 1.0, 3: 1.0}  elapsed=3447s  PASS
[real_seed2] pilot 2 step  40700  lr=1.99e-03  loss=0.8173  val_acc={1: 1.0, 2: 1.0, 3: 1.0}  elapsed=3456s  PASS
[real_seed2] pilot 2 step  40800  lr=1.98e-03  loss=0.7233  val_acc={1: 1.0, 2: 1.0, 3: 1.0}  elapsed=3465s  PASS
[real_seed2] pilot 2 step  40900  lr=1.98e-03  loss=0.8381  val_acc={1: 1.0, 2: 1.0, 3: 1.0}  elapsed=3473s  PASS
[real_seed2] pilot 2 step  41000  lr=1.97e-03  loss=0.8105  val_acc={1: 1.0, 2: 1.0, 3: 0.992}  elapsed=3480s  PASS
[real_seed2] pilot 2 step  41100  lr=1.97e-03  loss=0.7216  val_acc={1: 1.0, 2: 1.0, 3: 1.0}  elapsed=3488s  PASS
[real_seed2] pilot 2 step  41200  lr=1.96e-03  loss=0.8474  val_acc={1: 1.0, 2: 1.0, 3: 1.0}  elapsed=3497s  PASS
[real_seed2] pilot 2 step  41300  lr=1.96e-03  loss=0.8120  val_acc={1: 1.0, 2: 1.0, 3: 1.0}  elapsed=3505s  PASS
[real_seed2] pilot 2 step  41400  lr=1.95e-03  loss=0.7224  val_acc={1: 1.0, 2: 1.0, 3: 1.0}  elapsed=3512s  PASS
[real_seed2] pilot 2 step  41500  lr=1.95e-03  loss=0.8345  val_acc={1: 1.0, 2: 1.0, 3: 1.0}  elapsed=3520s  PASS
[real_seed2] pilot 2 step  41600  lr=1.95e-03  loss=0.8159  val_acc={1: 1.0, 2: 1.0, 3: 1.0}  elapsed=3529s  PASS
[real_seed2] pilot 2 step  41700  lr=1.94e-03  loss=0.7244  val_acc={1: 1.0, 2: 1.0, 3: 1.0}  elapsed=3537s  PASS
[real_seed2] pilot 2 step  41800  lr=1.94e-03  loss=0.8484  val_acc={1: 1.0, 2: 1.0, 3: 1.0}  elapsed=3545s  PASS
[real_seed2] pilot 2 step  41900  lr=1.93e-03  loss=0.8083  val_acc={1: 1.0, 2: 1.0, 3: 1.0}  elapsed=3553s  PASS
[real_seed2] pilot 2 step  42000  lr=1.93e-03  loss=0.7234  val_acc={1: 1.0, 2: 1.0, 3: 1.0}  elapsed=3562s  PASS
[real_seed2] pilot 2 step  42100  lr=1.92e-03  loss=0.8407  val_acc={1: 1.0, 2: 1.0, 3: 1.0}  elapsed=3571s  PASS
[real_seed2] pilot 2 step  42200  lr=1.92e-03  loss=0.8185  val_acc={1: 1.0, 2: 1.0, 3: 1.0}  elapsed=3578s  PASS
[real_seed2] pilot 2 step  42300  lr=1.92e-03  loss=0.7327  val_acc={1: 1.0, 2: 1.0, 3: 1.0}  elapsed=3587s  PASS
[real_seed2] pilot 2 step  42400  lr=1.91e-03  loss=0.8485  val_acc={1: 1.0, 2: 1.0, 3: 0.992}  elapsed=3594s  PASS
[real_seed2] pilot 2 step  42500  lr=1.91e-03  loss=0.8081  val_acc={1: 1.0, 2: 1.0, 3: 1.0}  elapsed=3602s  PASS
[real_seed2] pilot 2 step  42600  lr=1.90e-03  loss=0.7328  val_acc={1: 1.0, 2: 1.0, 3: 1.0}  elapsed=3611s  PASS
[real_seed2] pilot 2 step  42700  lr=1.90e-03  loss=0.8383  val_acc={1: 1.0, 2: 1.0, 3: 1.0}  elapsed=3619s  PASS
[real_seed2] pilot 2 step  42800  lr=1.89e-03  loss=0.8123  val_acc={1: 1.0, 2: 1.0, 3: 0.992}  elapsed=3627s  PASS
[real_seed2] pilot 2 step  42900  lr=1.89e-03  loss=0.7201  val_acc={1: 1.0, 2: 1.0, 3: 1.0}  elapsed=3635s  PASS
[real_seed2] pilot 2 step  43000  lr=1.88e-03  loss=0.8471  val_acc={1: 1.0, 2: 1.0, 3: 1.0}  elapsed=3644s  PASS
[real_seed2] pilot 2 step  43100  lr=1.88e-03  loss=0.8181  val_acc={1: 1.0, 2: 1.0, 3: 0.992}  elapsed=3651s  PASS
[real_seed2] pilot 2 step  43200  lr=1.88e-03  loss=0.7164  val_acc={1: 1.0, 2: 1.0, 3: 1.0}  elapsed=3661s  PASS
[real_seed2] pilot 2 step  43300  lr=1.87e-03  loss=0.8417  val_acc={1: 1.0, 2: 1.0, 3: 1.0}  elapsed=3668s  PASS
[real_seed2] pilot 2 step  43400  lr=1.87e-03  loss=0.8179  val_acc={1: 1.0, 2: 1.0, 3: 1.0}  elapsed=3680s  PASS
[real_seed2] pilot 2 step  43500  lr=1.86e-03  loss=0.7266  val_acc={1: 1.0, 2: 1.0, 3: 1.0}  elapsed=3692s  PASS
[real_seed2] pilot 2 step  43600  lr=1.86e-03  loss=0.8357  val_acc={1: 1.0, 2: 1.0, 3: 1.0}  elapsed=3702s  PASS
[real_seed2] pilot 2 step  43700  lr=1.85e-03  loss=0.8109  val_acc={1: 1.0, 2: 1.0, 3: 1.0}  elapsed=3710s  PASS
[real_seed2] pilot 2 step  43800  lr=1.85e-03  loss=0.7255  val_acc={1: 1.0, 2: 1.0, 3: 1.0}  elapsed=3717s  PASS
[real_seed2] pilot 2 step  43900  lr=1.84e-03  loss=0.8364  val_acc={1: 1.0, 2: 1.0, 3: 1.0}  elapsed=3724s  PASS
[real_seed2] pilot 2 step  44000  lr=1.84e-03  loss=0.8123  val_acc={1: 1.0, 2: 1.0, 3: 1.0}  elapsed=3732s  PASS
[real_seed2] pilot 2 step  44100  lr=1.84e-03  loss=0.7303  val_acc={1: 1.0, 2: 1.0, 3: 1.0}  elapsed=3740s  PASS
[real_seed2] pilot 2 step  44200  lr=1.83e-03  loss=0.8449  val_acc={1: 1.0, 2: 1.0, 3: 1.0}  elapsed=3748s  PASS
[real_seed2] pilot 2 step  44300  lr=1.83e-03  loss=0.8025  val_acc={1: 1.0, 2: 1.0, 3: 1.0}  elapsed=3756s  PASS
[real_seed2] pilot 2 step  44400  lr=1.82e-03  loss=0.7321  val_acc={1: 1.0, 2: 1.0, 3: 1.0}  elapsed=3764s  PASS
[real_seed2] pilot 2 step  44500  lr=1.82e-03  loss=0.8405  val_acc={1: 1.0, 2: 1.0, 3: 1.0}  elapsed=3772s  PASS
[real_seed2] pilot 2 step  44600  lr=1.81e-03  loss=0.8068  val_acc={1: 1.0, 2: 1.0, 3: 1.0}  elapsed=3780s  PASS
[real_seed2] pilot 2 step  44700  lr=1.81e-03  loss=0.7208  val_acc={1: 1.0, 2: 1.0, 3: 1.0}  elapsed=3787s  PASS
[real_seed2] pilot 2 step  44800  lr=1.80e-03  loss=0.8480  val_acc={1: 1.0, 2: 1.0, 3: 1.0}  elapsed=3795s  PASS
[real_seed2] pilot 2 step  44900  lr=1.80e-03  loss=0.8294  val_acc={1: 1.0, 2: 1.0, 3: 1.0}  elapsed=3804s  PASS
[real_seed2] pilot 2 step  45000  lr=1.80e-03  loss=0.7286  val_acc={1: 1.0, 2: 1.0, 3: 1.0}  elapsed=3812s  PASS
[real_seed2] pilot 2 step  45100  lr=1.79e-03  loss=0.8367  val_acc={1: 1.0, 2: 1.0, 3: 1.0}  elapsed=3819s  PASS
[real_seed2] pilot 2 step  45200  lr=1.79e-03  loss=0.8148  val_acc={1: 1.0, 2: 1.0, 3: 1.0}  elapsed=3827s  PASS
[real_seed2] pilot 2 step  45300  lr=1.78e-03  loss=0.7249  val_acc={1: 1.0, 2: 1.0, 3: 1.0}  elapsed=3835s  PASS
[real_seed2] pilot 2 step  45400  lr=1.78e-03  loss=0.8465  val_acc={1: 1.0, 2: 1.0, 3: 1.0}  elapsed=3843s  PASS
[real_seed2] pilot 2 step  45500  lr=1.77e-03  loss=0.8054  val_acc={1: 1.0, 2: 1.0, 3: 1.0}  elapsed=3851s  PASS
[real_seed2] pilot 2 step  45600  lr=1.77e-03  loss=0.7315  val_acc={1: 1.0, 2: 1.0, 3: 1.0}  elapsed=3859s  PASS
[real_seed2] pilot 2 step  45700  lr=1.76e-03  loss=0.8421  val_acc={1: 1.0, 2: 1.0, 3: 1.0}  elapsed=3869s  PASS
[real_seed2] pilot 2 step  45800  lr=1.76e-03  loss=0.8132  val_acc={1: 1.0, 2: 1.0, 3: 1.0}  elapsed=3881s  PASS
[real_seed2] pilot 2 step  45900  lr=1.76e-03  loss=0.7352  val_acc={1: 1.0, 2: 1.0, 3: 1.0}  elapsed=3893s  PASS
[real_seed2] pilot 2 step  46000  lr=1.75e-03  loss=0.8416  val_acc={1: 1.0, 2: 1.0, 3: 1.0}  elapsed=3900s  PASS
[real_seed2] pilot 2 step  46100  lr=1.75e-03  loss=0.8160  val_acc={1: 1.0, 2: 1.0, 3: 1.0}  elapsed=3909s  PASS
[real_seed2] pilot 2 step  46200  lr=1.74e-03  loss=0.7173  val_acc={1: 1.0, 2: 1.0, 3: 1.0}  elapsed=3916s  PASS
[real_seed2] pilot 2 step  46300  lr=1.74e-03  loss=0.8479  val_acc={1: 1.0, 2: 1.0, 3: 1.0}  elapsed=3927s  PASS
[real_seed2] pilot 2 step  46400  lr=1.73e-03  loss=0.8203  val_acc={1: 1.0, 2: 1.0, 3: 1.0}  elapsed=3937s  PASS
[real_seed2] pilot 2 step  46500  lr=1.73e-03  loss=0.7274  val_acc={1: 1.0, 2: 1.0, 3: 1.0}  elapsed=3946s  PASS
[real_seed2] pilot 2 step  46600  lr=1.72e-03  loss=0.8380  val_acc={1: 1.0, 2: 1.0, 3: 1.0}  elapsed=3954s  PASS
[real_seed2] pilot 2 step  46700  lr=1.72e-03  loss=0.7996  val_acc={1: 1.0, 2: 1.0, 3: 1.0}  elapsed=3964s  PASS
[real_seed2] pilot 2 step  46800  lr=1.71e-03  loss=0.7153  val_acc={1: 1.0, 2: 1.0, 3: 1.0}  elapsed=3972s  PASS
[real_seed2] pilot 2 step  46900  lr=1.71e-03  loss=0.8344  val_acc={1: 1.0, 2: 1.0, 3: 1.0}  elapsed=3980s  PASS
[real_seed2] pilot 2 step  47000  lr=1.71e-03  loss=0.8066  val_acc={1: 1.0, 2: 1.0, 3: 1.0}  elapsed=3988s  PASS
[real_seed2] pilot 2 step  47100  lr=1.70e-03  loss=0.7317  val_acc={1: 1.0, 2: 1.0, 3: 1.0}  elapsed=3996s  PASS
[real_seed2] pilot 2 step  47200  lr=1.70e-03  loss=0.8388  val_acc={1: 1.0, 2: 1.0, 3: 1.0}  elapsed=4005s  PASS
[real_seed2] pilot 2 step  47300  lr=1.69e-03  loss=0.8153  val_acc={1: 1.0, 2: 1.0, 3: 1.0}  elapsed=4016s  PASS
[real_seed2] pilot 2 step  47400  lr=1.69e-03  loss=0.7235  val_acc={1: 1.0, 2: 1.0, 3: 1.0}  elapsed=4025s  PASS
[real_seed2] pilot 2 step  47500  lr=1.68e-03  loss=0.8432  val_acc={1: 1.0, 2: 1.0, 3: 1.0}  elapsed=4033s  PASS
[real_seed2] pilot 2 step  47600  lr=1.68e-03  loss=0.8096  val_acc={1: 1.0, 2: 1.0, 3: 0.992}  elapsed=4039s  PASS
[real_seed2] pilot 2 step  47700  lr=1.67e-03  loss=0.7159  val_acc={1: 1.0, 2: 1.0, 3: 1.0}  elapsed=4047s  PASS
[real_seed2] pilot 2 step  47800  lr=1.67e-03  loss=0.8533  val_acc={1: 1.0, 2: 1.0, 3: 1.0}  elapsed=4056s  PASS
[real_seed2] pilot 2 step  47900  lr=1.67e-03  loss=0.8145  val_acc={1: 1.0, 2: 1.0, 3: 1.0}  elapsed=4065s  PASS
[real_seed2] pilot 2 step  48000  lr=1.66e-03  loss=0.7241  val_acc={1: 1.0, 2: 1.0, 3: 1.0}  elapsed=4073s  PASS
[real_seed2] pilot 2 step  48100  lr=1.66e-03  loss=0.8431  val_acc={1: 1.0, 2: 1.0, 3: 1.0}  elapsed=4082s  PASS
[real_seed2] pilot 2 step  48200  lr=1.65e-03  loss=0.8083  val_acc={1: 1.0, 2: 1.0, 3: 1.0}  elapsed=4090s  PASS
[real_seed2] pilot 2 step  48300  lr=1.65e-03  loss=0.7215  val_acc={1: 1.0, 2: 1.0, 3: 1.0}  elapsed=4101s  PASS
[real_seed2] pilot 2 step  48400  lr=1.64e-03  loss=0.8456  val_acc={1: 1.0, 2: 1.0, 3: 1.0}  elapsed=4113s  PASS
[real_seed2] pilot 2 step  48500  lr=1.64e-03  loss=0.8201  val_acc={1: 1.0, 2: 1.0, 3: 1.0}  elapsed=4121s  PASS
[real_seed2] pilot 2 step  48600  lr=1.63e-03  loss=0.7425  val_acc={1: 1.0, 2: 1.0, 3: 1.0}  elapsed=4130s  PASS
[real_seed2] pilot 2 step  48700  lr=1.63e-03  loss=0.8404  val_acc={1: 1.0, 2: 1.0, 3: 1.0}  elapsed=4139s  PASS
[real_seed2] pilot 2 step  48800  lr=1.62e-03  loss=0.8064  val_acc={1: 1.0, 2: 1.0, 3: 1.0}  elapsed=4145s  PASS
[real_seed2] pilot 2 step  48900  lr=1.62e-03  loss=0.7217  val_acc={1: 1.0, 2: 1.0, 3: 1.0}  elapsed=4152s  PASS
[real_seed2] pilot 2 step  49000  lr=1.62e-03  loss=0.8354  val_acc={1: 1.0, 2: 1.0, 3: 1.0}  elapsed=4161s  PASS
[real_seed2] pilot 2 step  49100  lr=1.61e-03  loss=0.8123  val_acc={1: 1.0, 2: 1.0, 3: 1.0}  elapsed=4169s  PASS
[real_seed2] pilot 2 step  49200  lr=1.61e-03  loss=0.7337  val_acc={1: 1.0, 2: 1.0, 3: 1.0}  elapsed=4177s  PASS
[real_seed2] pilot 2 step  49300  lr=1.60e-03  loss=0.8548  val_acc={1: 1.0, 2: 1.0, 3: 1.0}  elapsed=4186s  PASS
[real_seed2] pilot 2 step  49400  lr=1.60e-03  loss=0.8083  val_acc={1: 1.0, 2: 1.0, 3: 1.0}  elapsed=4194s  PASS
[real_seed2] pilot 2 step  49500  lr=1.59e-03  loss=0.7271  val_acc={1: 1.0, 2: 1.0, 3: 1.0}  elapsed=4202s  PASS
[real_seed2] pilot 2 step  49600  lr=1.59e-03  loss=0.8406  val_acc={1: 1.0, 2: 1.0, 3: 1.0}  elapsed=4210s  PASS
[real_seed2] pilot 2 step  49700  lr=1.58e-03  loss=0.8104  val_acc={1: 1.0, 2: 1.0, 3: 1.0}  elapsed=4220s  PASS
[real_seed2] pilot 2 step  49800  lr=1.58e-03  loss=0.7342  val_acc={1: 1.0, 2: 1.0, 3: 1.0}  elapsed=4229s  PASS
[real_seed2] pilot 2 step  49900  lr=1.57e-03  loss=0.8381  val_acc={1: 1.0, 2: 1.0, 3: 1.0}  elapsed=4237s  PASS
[real_seed2] pilot 2 step  50000  lr=1.57e-03  loss=0.8277  val_acc={1: 1.0, 2: 1.0, 3: 1.0}  elapsed=4246s  PASS
[real_seed2] pilot 2 step  50100  lr=1.57e-03  loss=0.7348  val_acc={1: 1.0, 2: 1.0, 3: 1.0}  elapsed=4254s  PASS
[real_seed2] pilot 2 step  50200  lr=1.56e-03  loss=0.8339  val_acc={1: 1.0, 2: 1.0, 3: 1.0}  elapsed=4262s  PASS
[real_seed2] pilot 2 step  50300  lr=1.56e-03  loss=0.8148  val_acc={1: 1.0, 2: 1.0, 3: 1.0}  elapsed=4269s  PASS
[real_seed2] pilot 2 step  50400  lr=1.55e-03  loss=0.7230  val_acc={1: 1.0, 2: 1.0, 3: 1.0}  elapsed=4277s  PASS
[real_seed2] pilot 2 step  50500  lr=1.55e-03  loss=0.8341  val_acc={1: 1.0, 2: 1.0, 3: 1.0}  elapsed=4286s  PASS
[real_seed2] pilot 2 step  50600  lr=1.54e-03  loss=0.8198  val_acc={1: 1.0, 2: 1.0, 3: 1.0}  elapsed=4299s  PASS
[real_seed2] pilot 2 step  50700  lr=1.54e-03  loss=0.7261  val_acc={1: 1.0, 2: 1.0, 3: 1.0}  elapsed=4307s  PASS
[real_seed2] pilot 2 step  50800  lr=1.53e-03  loss=0.8397  val_acc={1: 1.0, 2: 1.0, 3: 1.0}  elapsed=4315s  PASS
[real_seed2] pilot 2 step  50900  lr=1.53e-03  loss=0.8155  val_acc={1: 1.0, 2: 1.0, 3: 1.0}  elapsed=4322s  PASS
[real_seed2] pilot 2 step  51000  lr=1.52e-03  loss=0.7356  val_acc={1: 1.0, 2: 1.0, 3: 1.0}  elapsed=4330s  PASS
[real_seed2] pilot 2 step  51100  lr=1.52e-03  loss=0.8425  val_acc={1: 1.0, 2: 1.0, 3: 1.0}  elapsed=4337s  PASS
[real_seed2] pilot 2 step  51200  lr=1.52e-03  loss=0.8244  val_acc={1: 1.0, 2: 1.0, 3: 1.0}  elapsed=4346s  PASS
[real_seed2] pilot 2 step  51300  lr=1.51e-03  loss=0.7350  val_acc={1: 1.0, 2: 1.0, 3: 1.0}  elapsed=4353s  PASS
[real_seed2] pilot 2 step  51400  lr=1.51e-03  loss=0.8442  val_acc={1: 1.0, 2: 1.0, 3: 1.0}  elapsed=4362s  PASS
[real_seed2] pilot 2 step  51500  lr=1.50e-03  loss=0.8159  val_acc={1: 1.0, 2: 1.0, 3: 1.0}  elapsed=4369s  PASS
[real_seed2] pilot 2 step  51600  lr=1.50e-03  loss=0.7211  val_acc={1: 1.0, 2: 1.0, 3: 1.0}  elapsed=4379s  PASS
[real_seed2] pilot 2 step  51700  lr=1.49e-03  loss=0.8341  val_acc={1: 1.0, 2: 1.0, 3: 1.0}  elapsed=4388s  PASS
[real_seed2] pilot 2 step  51800  lr=1.49e-03  loss=0.8105  val_acc={1: 1.0, 2: 1.0, 3: 1.0}  elapsed=4395s  PASS
[real_seed2] pilot 2 step  51900  lr=1.48e-03  loss=0.7213  val_acc={1: 1.0, 2: 1.0, 3: 1.0}  elapsed=4405s  PASS
[real_seed2] pilot 2 step  52000  lr=1.48e-03  loss=0.8465  val_acc={1: 1.0, 2: 1.0, 3: 1.0}  elapsed=4417s  PASS
[real_seed2] pilot 2 step  52100  lr=1.47e-03  loss=0.8087  val_acc={1: 1.0, 2: 1.0, 3: 1.0}  elapsed=4424s  PASS
[real_seed2] pilot 2 step  52200  lr=1.47e-03  loss=0.7251  val_acc={1: 1.0, 2: 1.0, 3: 1.0}  elapsed=4437s  PASS
[real_seed2] pilot 2 step  52300  lr=1.46e-03  loss=0.8477  val_acc={1: 1.0, 2: 1.0, 3: 1.0}  elapsed=4446s  PASS
[real_seed2] pilot 2 step  52400  lr=1.46e-03  loss=0.8201  val_acc={1: 1.0, 2: 1.0, 3: 1.0}  elapsed=4452s  PASS
[real_seed2] pilot 2 step  52500  lr=1.46e-03  loss=0.7328  val_acc={1: 1.0, 2: 1.0, 3: 1.0}  elapsed=4461s  PASS
[real_seed2] pilot 2 step  52600  lr=1.45e-03  loss=0.8402  val_acc={1: 1.0, 2: 1.0, 3: 1.0}  elapsed=4470s  PASS
[real_seed2] pilot 2 step  52700  lr=1.45e-03  loss=0.8240  val_acc={1: 1.0, 2: 1.0, 3: 1.0}  elapsed=4479s  PASS
[real_seed2] pilot 2 step  52800  lr=1.44e-03  loss=0.7335  val_acc={1: 1.0, 2: 1.0, 3: 1.0}  elapsed=4487s  PASS
[real_seed2] pilot 2 step  52900  lr=1.44e-03  loss=0.8415  val_acc={1: 1.0, 2: 1.0, 3: 1.0}  elapsed=4495s  PASS
[real_seed2] pilot 2 step  53000  lr=1.43e-03  loss=0.8252  val_acc={1: 1.0, 2: 1.0, 3: 1.0}  elapsed=4507s  PASS
[real_seed2] pilot 2 step  53100  lr=1.43e-03  loss=0.7237  val_acc={1: 1.0, 2: 1.0, 3: 1.0}  elapsed=4515s  PASS
[real_seed2] pilot 2 step  53200  lr=1.42e-03  loss=0.8439  val_acc={1: 1.0, 2: 1.0, 3: 1.0}  elapsed=4527s  PASS
[real_seed2] pilot 2 step  53300  lr=1.42e-03  loss=0.8116  val_acc={1: 1.0, 2: 1.0, 3: 1.0}  elapsed=4539s  PASS
[real_seed2] pilot 2 step  53400  lr=1.41e-03  loss=0.7275  val_acc={1: 1.0, 2: 1.0, 3: 1.0}  elapsed=4551s  PASS
[real_seed2] pilot 2 step  53500  lr=1.41e-03  loss=0.8471  val_acc={1: 1.0, 2: 1.0, 3: 1.0}  elapsed=4561s  PASS
[real_seed2] pilot 2 step  53600  lr=1.41e-03  loss=0.7998  val_acc={1: 1.0, 2: 1.0, 3: 1.0}  elapsed=4569s  PASS
[real_seed2] pilot 2 step  53700  lr=1.40e-03  loss=0.7317  val_acc={1: 1.0, 2: 1.0, 3: 1.0}  elapsed=4575s  PASS
[real_seed2] pilot 2 step  53800  lr=1.40e-03  loss=0.8450  val_acc={1: 1.0, 2: 1.0, 3: 1.0}  elapsed=4585s  PASS
[real_seed2] pilot 2 step  53900  lr=1.39e-03  loss=0.8204  val_acc={1: 1.0, 2: 1.0, 3: 1.0}  elapsed=4597s  PASS
[real_seed2] pilot 2 step  54000  lr=1.39e-03  loss=0.7276  val_acc={1: 1.0, 2: 1.0, 3: 1.0}  elapsed=4609s  PASS
[real_seed2] pilot 2 step  54100  lr=1.38e-03  loss=0.8449  val_acc={1: 1.0, 2: 1.0, 3: 1.0}  elapsed=4619s  PASS
[real_seed2] pilot 2 step  54200  lr=1.38e-03  loss=0.8092  val_acc={1: 1.0, 2: 1.0, 3: 1.0}  elapsed=4626s  PASS
[real_seed2] pilot 2 step  54300  lr=1.37e-03  loss=0.7278  val_acc={1: 1.0, 2: 1.0, 3: 1.0}  elapsed=4634s  PASS
[real_seed2] pilot 2 step  54400  lr=1.37e-03  loss=0.8393  val_acc={1: 1.0, 2: 1.0, 3: 1.0}  elapsed=4642s  PASS
[real_seed2] pilot 2 step  54500  lr=1.36e-03  loss=0.8041  val_acc={1: 1.0, 2: 1.0, 3: 1.0}  elapsed=4651s  PASS
[real_seed2] pilot 2 step  54600  lr=1.36e-03  loss=0.7164  val_acc={1: 1.0, 2: 1.0, 3: 1.0}  elapsed=4660s  PASS
[real_seed2] pilot 2 step  54700  lr=1.36e-03  loss=0.8454  val_acc={1: 1.0, 2: 1.0, 3: 1.0}  elapsed=4666s  PASS
[real_seed2] pilot 2 step  54800  lr=1.35e-03  loss=0.8160  val_acc={1: 1.0, 2: 1.0, 3: 1.0}  elapsed=4675s  PASS
[real_seed2] pilot 2 step  54900  lr=1.35e-03  loss=0.7269  val_acc={1: 1.0, 2: 1.0, 3: 1.0}  elapsed=4685s  PASS
[real_seed2] pilot 2 step  55000  lr=1.34e-03  loss=0.8408  val_acc={1: 1.0, 2: 1.0, 3: 1.0}  elapsed=4695s  PASS
[real_seed2] pilot 2 step  55100  lr=1.34e-03  loss=0.8126  val_acc={1: 1.0, 2: 1.0, 3: 1.0}  elapsed=4704s  PASS
[real_seed2] pilot 2 step  55200  lr=1.33e-03  loss=0.7262  val_acc={1: 1.0, 2: 1.0, 3: 1.0}  elapsed=4712s  PASS
[real_seed2] pilot 2 step  55300  lr=1.33e-03  loss=0.8360  val_acc={1: 1.0, 2: 1.0, 3: 1.0}  elapsed=4721s  PASS
[real_seed2] pilot 2 step  55400  lr=1.32e-03  loss=0.8189  val_acc={1: 1.0, 2: 1.0, 3: 1.0}  elapsed=4729s  PASS
[real_seed2] pilot 2 step  55500  lr=1.32e-03  loss=0.7219  val_acc={1: 1.0, 2: 1.0, 3: 1.0}  elapsed=4736s  PASS
[real_seed2] pilot 2 step  55600  lr=1.32e-03  loss=0.8395  val_acc={1: 1.0, 2: 1.0, 3: 1.0}  elapsed=4744s  PASS
[real_seed2] pilot 2 step  55700  lr=1.31e-03  loss=0.8090  val_acc={1: 1.0, 2: 1.0, 3: 1.0}  elapsed=4752s  PASS
[real_seed2] pilot 2 step  55800  lr=1.31e-03  loss=0.7206  val_acc={1: 1.0, 2: 1.0, 3: 1.0}  elapsed=4764s  PASS
[real_seed2] pilot 2 step  55900  lr=1.30e-03  loss=0.8423  val_acc={1: 1.0, 2: 1.0, 3: 1.0}  elapsed=4775s  PASS
[real_seed2] pilot 2 step  56000  lr=1.30e-03  loss=0.8206  val_acc={1: 1.0, 2: 1.0, 3: 1.0}  elapsed=4784s  PASS
[real_seed2] pilot 2 step  56100  lr=1.29e-03  loss=0.7254  val_acc={1: 1.0, 2: 1.0, 3: 1.0}  elapsed=4792s  PASS
[real_seed2] pilot 2 step  56200  lr=1.29e-03  loss=0.8443  val_acc={1: 1.0, 2: 1.0, 3: 1.0}  elapsed=4800s  PASS
[real_seed2] pilot 2 step  56300  lr=1.28e-03  loss=0.8090  val_acc={1: 1.0, 2: 1.0, 3: 1.0}  elapsed=4809s  PASS
[real_seed2] pilot 2 step  56400  lr=1.28e-03  loss=0.7284  val_acc={1: 1.0, 2: 1.0, 3: 1.0}  elapsed=4816s  PASS
[real_seed2] pilot 2 step  56500  lr=1.27e-03  loss=0.8405  val_acc={1: 1.0, 2: 1.0, 3: 1.0}  elapsed=4824s  PASS
[real_seed2] pilot 2 step  56600  lr=1.27e-03  loss=0.8097  val_acc={1: 1.0, 2: 1.0, 3: 1.0}  elapsed=4832s  PASS
[real_seed2] pilot 2 step  56700  lr=1.27e-03  loss=0.7236  val_acc={1: 1.0, 2: 1.0, 3: 1.0}  elapsed=4841s  PASS
[real_seed2] pilot 2 step  56800  lr=1.26e-03  loss=0.8484  val_acc={1: 1.0, 2: 1.0, 3: 1.0}  elapsed=4849s  PASS
[real_seed2] pilot 2 step  56900  lr=1.26e-03  loss=0.8153  val_acc={1: 1.0, 2: 1.0, 3: 1.0}  elapsed=4860s  PASS
[real_seed2] pilot 2 step  57000  lr=1.25e-03  loss=0.7274  val_acc={1: 1.0, 2: 1.0, 3: 1.0}  elapsed=4868s  PASS
[real_seed2] pilot 2 step  57100  lr=1.25e-03  loss=0.8490  val_acc={1: 1.0, 2: 1.0, 3: 1.0}  elapsed=4877s  PASS
[real_seed2] pilot 2 step  57200  lr=1.24e-03  loss=0.8248  val_acc={1: 1.0, 2: 1.0, 3: 1.0}  elapsed=4885s  PASS
[real_seed2] pilot 2 step  57300  lr=1.24e-03  loss=0.7186  val_acc={1: 1.0, 2: 1.0, 3: 1.0}  elapsed=4893s  PASS
[real_seed2] pilot 2 step  57400  lr=1.23e-03  loss=0.8484  val_acc={1: 1.0, 2: 1.0, 3: 1.0}  elapsed=4903s  PASS
[real_seed2] pilot 2 step  57500  lr=1.23e-03  loss=0.8070  val_acc={1: 1.0, 2: 1.0, 3: 1.0}  elapsed=4911s  PASS
[real_seed2] pilot 2 step  57600  lr=1.23e-03  loss=0.7160  val_acc={1: 1.0, 2: 1.0, 3: 1.0}  elapsed=4919s  PASS
[real_seed2] pilot 2 step  57700  lr=1.22e-03  loss=0.8420  val_acc={1: 1.0, 2: 1.0, 3: 1.0}  elapsed=4928s  PASS
[real_seed2] pilot 2 step  57800  lr=1.22e-03  loss=0.8170  val_acc={1: 1.0, 2: 1.0, 3: 1.0}  elapsed=4936s  PASS
[real_seed2] pilot 2 step  57900  lr=1.21e-03  loss=0.7243  val_acc={1: 1.0, 2: 1.0, 3: 1.0}  elapsed=4944s  PASS
[real_seed2] pilot 2 step  58000  lr=1.21e-03  loss=0.8523  val_acc={1: 1.0, 2: 1.0, 3: 1.0}  elapsed=4953s  PASS
[real_seed2] pilot 2 step  58100  lr=1.20e-03  loss=0.8130  val_acc={1: 1.0, 2: 1.0, 3: 1.0}  elapsed=4961s  PASS
[real_seed2] pilot 2 step  58200  lr=1.20e-03  loss=0.7306  val_acc={1: 1.0, 2: 1.0, 3: 1.0}  elapsed=4970s  PASS
[real_seed2] pilot 2 step  58300  lr=1.19e-03  loss=0.8288  val_acc={1: 1.0, 2: 1.0, 3: 1.0}  elapsed=4977s  PASS
[real_seed2] pilot 2 step  58400  lr=1.19e-03  loss=0.8092  val_acc={1: 1.0, 2: 1.0, 3: 1.0}  elapsed=4985s  PASS
[real_seed2] pilot 2 step  58500  lr=1.19e-03  loss=0.7287  val_acc={1: 1.0, 2: 1.0, 3: 1.0}  elapsed=4994s  PASS
[real_seed2] pilot 2 step  58600  lr=1.18e-03  loss=0.8368  val_acc={1: 1.0, 2: 1.0, 3: 1.0}  elapsed=5003s  PASS
[real_seed2] pilot 2 step  58700  lr=1.18e-03  loss=0.8144  val_acc={1: 1.0, 2: 1.0, 3: 1.0}  elapsed=5011s  PASS
[real_seed2] pilot 2 step  58800  lr=1.17e-03  loss=0.7263  val_acc={1: 1.0, 2: 1.0, 3: 1.0}  elapsed=5020s  PASS
[real_seed2] pilot 2 step  58900  lr=1.17e-03  loss=0.8350  val_acc={1: 1.0, 2: 1.0, 3: 1.0}  elapsed=5030s  PASS
[real_seed2] pilot 2 step  59000  lr=1.16e-03  loss=0.8194  val_acc={1: 1.0, 2: 1.0, 3: 1.0}  elapsed=5038s  PASS
[real_seed2] pilot 2 step  59100  lr=1.16e-03  loss=0.7356  val_acc={1: 1.0, 2: 1.0, 3: 1.0}  elapsed=5045s  PASS
[real_seed2] pilot 2 step  59200  lr=1.15e-03  loss=0.8483  val_acc={1: 1.0, 2: 1.0, 3: 1.0}  elapsed=5053s  PASS
[real_seed2] pilot 2 step  59300  lr=1.15e-03  loss=0.8128  val_acc={1: 1.0, 2: 1.0, 3: 1.0}  elapsed=5061s  PASS
[real_seed2] pilot 2 step  59400  lr=1.15e-03  loss=0.7185  val_acc={1: 1.0, 2: 1.0, 3: 1.0}  elapsed=5070s  PASS
[real_seed2] pilot 2 step  59500  lr=1.14e-03  loss=0.8463  val_acc={1: 1.0, 2: 1.0, 3: 1.0}  elapsed=5077s  PASS
[real_seed2] pilot 2 step  59600  lr=1.14e-03  loss=0.8206  val_acc={1: 1.0, 2: 1.0, 3: 1.0}  elapsed=5085s  PASS
[real_seed2] pilot 2 step  59700  lr=1.13e-03  loss=0.7243  val_acc={1: 1.0, 2: 1.0, 3: 1.0}  elapsed=5093s  PASS
[real_seed2] pilot 2 step  59800  lr=1.13e-03  loss=0.8440  val_acc={1: 1.0, 2: 1.0, 3: 1.0}  elapsed=5103s  PASS
[real_seed2] pilot 2 step  59900  lr=1.12e-03  loss=0.8105  val_acc={1: 1.0, 2: 1.0, 3: 1.0}  elapsed=5112s  PASS
[real_seed2] pilot 2 step  60000  lr=1.12e-03  loss=0.7363  val_acc={1: 1.0, 2: 1.0, 3: 1.0}  elapsed=5119s  PASS
[real_seed2] pilot 2 step  60100  lr=1.11e-03  loss=0.8415  val_acc={1: 1.0, 2: 1.0, 3: 1.0}  elapsed=5127s  PASS
[real_seed2] pilot 2 step  60200  lr=1.11e-03  loss=0.8007  val_acc={1: 1.0, 2: 1.0, 3: 1.0}  elapsed=5135s  PASS
[real_seed2] pilot 2 step  60300  lr=1.11e-03  loss=0.7233  val_acc={1: 1.0, 2: 1.0, 3: 1.0}  elapsed=5146s  PASS
[real_seed2] pilot 2 step  60400  lr=1.10e-03  loss=0.8427  val_acc={1: 1.0, 2: 1.0, 3: 1.0}  elapsed=5156s  PASS
[real_seed2] pilot 2 step  60500  lr=1.10e-03  loss=0.8129  val_acc={1: 1.0, 2: 1.0, 3: 1.0}  elapsed=5163s  PASS
[real_seed2] pilot 2 step  60600  lr=1.09e-03  loss=0.7244  val_acc={1: 1.0, 2: 1.0, 3: 1.0}  elapsed=5171s  PASS
[real_seed2] pilot 2 step  60700  lr=1.09e-03  loss=0.8419  val_acc={1: 1.0, 2: 1.0, 3: 1.0}  elapsed=5180s  PASS
[real_seed2] pilot 2 step  60800  lr=1.08e-03  loss=0.8190  val_acc={1: 1.0, 2: 1.0, 3: 1.0}  elapsed=5188s  PASS
[real_seed2] pilot 2 step  60900  lr=1.08e-03  loss=0.7405  val_acc={1: 1.0, 2: 1.0, 3: 1.0}  elapsed=5197s  PASS
[real_seed2] pilot 2 step  61000  lr=1.08e-03  loss=0.8393  val_acc={1: 1.0, 2: 1.0, 3: 1.0}  elapsed=5205s  PASS
[real_seed2] pilot 2 step  61100  lr=1.07e-03  loss=0.8181  val_acc={1: 1.0, 2: 1.0, 3: 1.0}  elapsed=5214s  PASS
[real_seed2] pilot 2 step  61200  lr=1.07e-03  loss=0.7300  val_acc={1: 1.0, 2: 1.0, 3: 1.0}  elapsed=5222s  PASS
[real_seed2] pilot 2 step  61300  lr=1.06e-03  loss=0.8383  val_acc={1: 1.0, 2: 1.0, 3: 1.0}  elapsed=5231s  PASS
[real_seed2] pilot 2 step  61400  lr=1.06e-03  loss=0.8058  val_acc={1: 1.0, 2: 1.0, 3: 1.0}  elapsed=5238s  PASS
[real_seed2] pilot 2 step  61500  lr=1.05e-03  loss=0.7160  val_acc={1: 1.0, 2: 1.0, 3: 1.0}  elapsed=5247s  PASS
[real_seed2] pilot 2 step  61600  lr=1.05e-03  loss=0.8483  val_acc={1: 1.0, 2: 1.0, 3: 1.0}  elapsed=5255s  PASS
[real_seed2] pilot 2 step  61700  lr=1.04e-03  loss=0.8230  val_acc={1: 1.0, 2: 1.0, 3: 1.0}  elapsed=5264s  PASS
[real_seed2] pilot 2 step  61800  lr=1.04e-03  loss=0.7263  val_acc={1: 1.0, 2: 1.0, 3: 1.0}  elapsed=5272s  PASS
[real_seed2] pilot 2 step  61900  lr=1.04e-03  loss=0.8526  val_acc={1: 1.0, 2: 1.0, 3: 1.0}  elapsed=5280s  PASS
[real_seed2] pilot 2 step  62000  lr=1.03e-03  loss=0.8120  val_acc={1: 1.0, 2: 1.0, 3: 1.0}  elapsed=5289s  PASS
[real_seed2] pilot 2 step  62100  lr=1.03e-03  loss=0.7209  val_acc={1: 1.0, 2: 1.0, 3: 1.0}  elapsed=5301s  PASS
[real_seed2] pilot 2 step  62200  lr=1.02e-03  loss=0.8417  val_acc={1: 1.0, 2: 1.0, 3: 1.0}  elapsed=5314s  PASS
[real_seed2] pilot 2 step  62300  lr=1.02e-03  loss=0.8169  val_acc={1: 1.0, 2: 1.0, 3: 1.0}  elapsed=5322s  PASS
[real_seed2] pilot 2 step  62400  lr=1.01e-03  loss=0.7247  val_acc={1: 1.0, 2: 1.0, 3: 1.0}  elapsed=5330s  PASS
[real_seed2] pilot 2 step  62500  lr=1.01e-03  loss=0.8360  val_acc={1: 1.0, 2: 1.0, 3: 1.0}  elapsed=5338s  PASS
[real_seed2] pilot 2 step  62600  lr=1.01e-03  loss=0.8064  val_acc={1: 1.0, 2: 1.0, 3: 1.0}  elapsed=5346s  PASS
[real_seed2] pilot 2 step  62700  lr=1.00e-03  loss=0.7257  val_acc={1: 1.0, 2: 1.0, 3: 1.0}  elapsed=5354s  PASS
[real_seed2] pilot 2 step  62800  lr=9.98e-04  loss=0.8452  val_acc={1: 1.0, 2: 1.0, 3: 1.0}  elapsed=5362s  PASS
[real_seed2] pilot 2 step  62900  lr=9.93e-04  loss=0.8172  val_acc={1: 1.0, 2: 1.0, 3: 1.0}  elapsed=5372s  PASS
[real_seed2] pilot 2 step  63000  lr=9.89e-04  loss=0.7320  val_acc={1: 1.0, 2: 1.0, 3: 1.0}  elapsed=5380s  PASS
[real_seed2] pilot 2 step  63100  lr=9.85e-04  loss=0.8464  val_acc={1: 1.0, 2: 1.0, 3: 1.0}  elapsed=5387s  PASS
[real_seed2] pilot 2 step  63200  lr=9.81e-04  loss=0.8094  val_acc={1: 1.0, 2: 1.0, 3: 1.0}  elapsed=5397s  PASS
[real_seed2] pilot 2 step  63300  lr=9.76e-04  loss=0.7254  val_acc={1: 1.0, 2: 1.0, 3: 1.0}  elapsed=5408s  PASS
[real_seed2] pilot 2 step  63400  lr=9.72e-04  loss=0.8405  val_acc={1: 1.0, 2: 1.0, 3: 1.0}  elapsed=5415s  PASS
[real_seed2] pilot 2 step  63500  lr=9.68e-04  loss=0.8123  val_acc={1: 1.0, 2: 1.0, 3: 1.0}  elapsed=5423s  PASS
[real_seed2] pilot 2 step  63600  lr=9.64e-04  loss=0.7242  val_acc={1: 1.0, 2: 1.0, 3: 1.0}  elapsed=5430s  PASS
[real_seed2] pilot 2 step  63700  lr=9.59e-04  loss=0.8478  val_acc={1: 1.0, 2: 1.0, 3: 1.0}  elapsed=5438s  PASS
[real_seed2] pilot 2 step  63800  lr=9.55e-04  loss=0.8165  val_acc={1: 1.0, 2: 1.0, 3: 1.0}  elapsed=5450s  PASS
[real_seed2] pilot 2 step  63900  lr=9.51e-04  loss=0.7346  val_acc={1: 1.0, 2: 1.0, 3: 1.0}  elapsed=5458s  PASS
[real_seed2] pilot 2 step  64000  lr=9.47e-04  loss=0.8454  val_acc={1: 1.0, 2: 1.0, 3: 1.0}  elapsed=5465s  PASS
[real_seed2] pilot 2 step  64100  lr=9.43e-04  loss=0.8209  val_acc={1: 1.0, 2: 1.0, 3: 1.0}  elapsed=5473s  PASS
[real_seed2] pilot 2 step  64200  lr=9.38e-04  loss=0.7213  val_acc={1: 1.0, 2: 1.0, 3: 1.0}  elapsed=5482s  PASS
[real_seed2] pilot 2 step  64300  lr=9.34e-04  loss=0.8430  val_acc={1: 1.0, 2: 1.0, 3: 1.0}  elapsed=5490s  PASS
[real_seed2] pilot 2 step  64400  lr=9.30e-04  loss=0.8099  val_acc={1: 1.0, 2: 1.0, 3: 1.0}  elapsed=5497s  PASS
[real_seed2] pilot 2 step  64500  lr=9.26e-04  loss=0.7294  val_acc={1: 1.0, 2: 1.0, 3: 1.0}  elapsed=5506s  PASS
[real_seed2] pilot 2 step  64600  lr=9.22e-04  loss=0.8345  val_acc={1: 1.0, 2: 1.0, 3: 1.0}  elapsed=5514s  PASS
[real_seed2] pilot 2 step  64700  lr=9.17e-04  loss=0.8127  val_acc={1: 1.0, 2: 1.0, 3: 1.0}  elapsed=5522s  PASS
[real_seed2] pilot 2 step  64800  lr=9.13e-04  loss=0.7245  val_acc={1: 1.0, 2: 1.0, 3: 1.0}  elapsed=5530s  PASS
[real_seed2] pilot 2 step  64900  lr=9.09e-04  loss=0.8377  val_acc={1: 1.0, 2: 1.0, 3: 1.0}  elapsed=5539s  PASS
[real_seed2] pilot 2 step  65000  lr=9.05e-04  loss=0.8149  val_acc={1: 1.0, 2: 1.0, 3: 1.0}  elapsed=5548s  PASS
[real_seed2] pilot 2 step  65100  lr=9.01e-04  loss=0.7258  val_acc={1: 1.0, 2: 1.0, 3: 1.0}  elapsed=5558s  PASS
[real_seed2] pilot 2 step  65200  lr=8.97e-04  loss=0.8455  val_acc={1: 1.0, 2: 1.0, 3: 1.0}  elapsed=5566s  PASS
[real_seed2] pilot 2 step  65300  lr=8.92e-04  loss=0.8118  val_acc={1: 1.0, 2: 1.0, 3: 1.0}  elapsed=5574s  PASS
[real_seed2] pilot 2 step  65400  lr=8.88e-04  loss=0.7297  val_acc={1: 1.0, 2: 1.0, 3: 1.0}  elapsed=5583s  PASS
[real_seed2] pilot 2 step  65500  lr=8.84e-04  loss=0.8388  val_acc={1: 1.0, 2: 1.0, 3: 1.0}  elapsed=5591s  PASS
[real_seed2] pilot 2 step  65600  lr=8.80e-04  loss=0.8107  val_acc={1: 1.0, 2: 1.0, 3: 1.0}  elapsed=5598s  PASS
[real_seed2] pilot 2 step  65700  lr=8.76e-04  loss=0.7345  val_acc={1: 1.0, 2: 1.0, 3: 1.0}  elapsed=5609s  PASS
[real_seed2] pilot 2 step  65800  lr=8.72e-04  loss=0.8431  val_acc={1: 1.0, 2: 1.0, 3: 1.0}  elapsed=5616s  PASS
[real_seed2] pilot 2 step  65900  lr=8.68e-04  loss=0.8166  val_acc={1: 1.0, 2: 1.0, 3: 1.0}  elapsed=5625s  PASS
[real_seed2] pilot 2 step  66000  lr=8.64e-04  loss=0.7297  val_acc={1: 1.0, 2: 1.0, 3: 1.0}  elapsed=5632s  PASS
[real_seed2] pilot 2 step  66100  lr=8.60e-04  loss=0.8341  val_acc={1: 1.0, 2: 1.0, 3: 1.0}  elapsed=5641s  PASS
[real_seed2] pilot 2 step  66200  lr=8.55e-04  loss=0.8171  val_acc={1: 1.0, 2: 1.0, 3: 1.0}  elapsed=5649s  PASS
[real_seed2] pilot 2 step  66300  lr=8.51e-04  loss=0.7200  val_acc={1: 1.0, 2: 1.0, 3: 1.0}  elapsed=5656s  PASS
[real_seed2] pilot 2 step  66400  lr=8.47e-04  loss=0.8404  val_acc={1: 1.0, 2: 1.0, 3: 1.0}  elapsed=5663s  PASS
[real_seed2] pilot 2 step  66500  lr=8.43e-04  loss=0.8056  val_acc={1: 1.0, 2: 1.0, 3: 1.0}  elapsed=5674s  PASS
[real_seed2] pilot 2 step  66600  lr=8.39e-04  loss=0.7297  val_acc={1: 1.0, 2: 1.0, 3: 1.0}  elapsed=5681s  PASS
[real_seed2] pilot 2 step  66700  lr=8.35e-04  loss=0.8355  val_acc={1: 1.0, 2: 1.0, 3: 1.0}  elapsed=5689s  PASS
[real_seed2] pilot 2 step  66800  lr=8.31e-04  loss=0.8064  val_acc={1: 1.0, 2: 1.0, 3: 1.0}  elapsed=5697s  PASS
[real_seed2] pilot 2 step  66900  lr=8.27e-04  loss=0.7207  val_acc={1: 1.0, 2: 1.0, 3: 1.0}  elapsed=5705s  PASS
[real_seed2] pilot 2 step  67000  lr=8.23e-04  loss=0.8471  val_acc={1: 1.0, 2: 1.0, 3: 1.0}  elapsed=5715s  PASS
[real_seed2] pilot 2 step  67100  lr=8.19e-04  loss=0.8097  val_acc={1: 1.0, 2: 1.0, 3: 1.0}  elapsed=5723s  PASS
[real_seed2] pilot 2 step  67200  lr=8.15e-04  loss=0.7170  val_acc={1: 1.0, 2: 1.0, 3: 1.0}  elapsed=5730s  PASS
[real_seed2] pilot 2 step  67300  lr=8.11e-04  loss=0.8473  val_acc={1: 1.0, 2: 1.0, 3: 1.0}  elapsed=5739s  PASS
[real_seed2] pilot 2 step  67400  lr=8.07e-04  loss=0.8217  val_acc={1: 1.0, 2: 1.0, 3: 1.0}  elapsed=5747s  PASS
[real_seed2] pilot 2 step  67500  lr=8.03e-04  loss=0.7157  val_acc={1: 1.0, 2: 1.0, 3: 1.0}  elapsed=5757s  PASS
[real_seed2] pilot 2 step  67600  lr=7.99e-04  loss=0.8375  val_acc={1: 1.0, 2: 1.0, 3: 1.0}  elapsed=5764s  PASS
[real_seed2] pilot 2 step  67700  lr=7.95e-04  loss=0.8089  val_acc={1: 1.0, 2: 1.0, 3: 1.0}  elapsed=5771s  PASS
[real_seed2] pilot 2 step  67800  lr=7.91e-04  loss=0.7264  val_acc={1: 1.0, 2: 1.0, 3: 1.0}  elapsed=5778s  PASS
[real_seed2] pilot 2 step  67900  lr=7.87e-04  loss=0.8310  val_acc={1: 1.0, 2: 1.0, 3: 1.0}  elapsed=5786s  PASS
[real_seed2] pilot 2 step  68000  lr=7.83e-04  loss=0.8210  val_acc={1: 1.0, 2: 1.0, 3: 1.0}  elapsed=5795s  PASS
[real_seed2] pilot 2 step  68100  lr=7.79e-04  loss=0.7240  val_acc={1: 1.0, 2: 1.0, 3: 1.0}  elapsed=5802s  PASS
[real_seed2] pilot 2 step  68200  lr=7.75e-04  loss=0.8374  val_acc={1: 1.0, 2: 1.0, 3: 1.0}  elapsed=5811s  PASS
[real_seed2] pilot 2 step  68300  lr=7.71e-04  loss=0.8210  val_acc={1: 1.0, 2: 1.0, 3: 1.0}  elapsed=5818s  PASS
[real_seed2] pilot 2 step  68400  lr=7.67e-04  loss=0.7210  val_acc={1: 1.0, 2: 1.0, 3: 1.0}  elapsed=5825s  PASS
[real_seed2] pilot 2 step  68500  lr=7.63e-04  loss=0.8493  val_acc={1: 1.0, 2: 1.0, 3: 1.0}  elapsed=5834s  PASS
[real_seed2] pilot 2 step  68600  lr=7.59e-04  loss=0.8093  val_acc={1: 1.0, 2: 1.0, 3: 1.0}  elapsed=5843s  PASS
[real_seed2] pilot 2 step  68700  lr=7.55e-04  loss=0.7209  val_acc={1: 1.0, 2: 1.0, 3: 1.0}  elapsed=5851s  PASS
[real_seed2] pilot 2 step  68800  lr=7.52e-04  loss=0.8393  val_acc={1: 1.0, 2: 1.0, 3: 1.0}  elapsed=5859s  PASS
[real_seed2] pilot 2 step  68900  lr=7.48e-04  loss=0.7977  val_acc={1: 1.0, 2: 1.0, 3: 1.0}  elapsed=5868s  PASS
[real_seed2] pilot 2 step  69000  lr=7.44e-04  loss=0.7212  val_acc={1: 1.0, 2: 1.0, 3: 1.0}  elapsed=5875s  PASS
[real_seed2] pilot 2 step  69100  lr=7.40e-04  loss=0.8384  val_acc={1: 1.0, 2: 1.0, 3: 1.0}  elapsed=5883s  PASS
[real_seed2] pilot 2 step  69200  lr=7.36e-04  loss=0.8108  val_acc={1: 1.0, 2: 1.0, 3: 1.0}  elapsed=5891s  PASS
[real_seed2] pilot 2 step  69300  lr=7.32e-04  loss=0.7210  val_acc={1: 1.0, 2: 1.0, 3: 1.0}  elapsed=5901s  PASS
[real_seed2] pilot 2 step  69400  lr=7.28e-04  loss=0.8430  val_acc={1: 1.0, 2: 1.0, 3: 1.0}  elapsed=5908s  PASS
[real_seed2] pilot 2 step  69500  lr=7.24e-04  loss=0.8153  val_acc={1: 1.0, 2: 1.0, 3: 1.0}  elapsed=5916s  PASS
[real_seed2] pilot 2 step  69600  lr=7.21e-04  loss=0.7271  val_acc={1: 1.0, 2: 1.0, 3: 1.0}  elapsed=5924s  PASS
[real_seed2] pilot 2 step  69700  lr=7.17e-04  loss=0.8387  val_acc={1: 1.0, 2: 1.0, 3: 1.0}  elapsed=5931s  PASS
[real_seed2] pilot 2 step  69800  lr=7.13e-04  loss=0.8134  val_acc={1: 1.0, 2: 1.0, 3: 1.0}  elapsed=5941s  PASS
[real_seed2] pilot 2 step  69900  lr=7.09e-04  loss=0.7248  val_acc={1: 1.0, 2: 1.0, 3: 1.0}  elapsed=5949s  PASS
[real_seed2] pilot 2 step  70000  lr=7.05e-04  loss=0.8385  val_acc={1: 1.0, 2: 1.0, 3: 1.0}  elapsed=5956s  PASS
[real_seed2] pilot 2 step  70100  lr=7.01e-04  loss=0.8040  val_acc={1: 1.0, 2: 1.0, 3: 1.0}  elapsed=5964s  PASS
[real_seed2] pilot 2 step  70200  lr=6.98e-04  loss=0.7239  val_acc={1: 1.0, 2: 1.0, 3: 1.0}  elapsed=5974s  PASS
[real_seed2] pilot 2 step  70300  lr=6.94e-04  loss=0.8476  val_acc={1: 1.0, 2: 1.0, 3: 1.0}  elapsed=5983s  PASS
[real_seed2] pilot 2 step  70400  lr=6.90e-04  loss=0.8093  val_acc={1: 1.0, 2: 1.0, 3: 1.0}  elapsed=5990s  PASS
[real_seed2] pilot 2 step  70500  lr=6.86e-04  loss=0.7295  val_acc={1: 1.0, 2: 1.0, 3: 1.0}  elapsed=5997s  PASS
[real_seed2] pilot 2 step  70600  lr=6.82e-04  loss=0.8404  val_acc={1: 1.0, 2: 1.0, 3: 1.0}  elapsed=6005s  PASS
[real_seed2] pilot 2 step  70700  lr=6.79e-04  loss=0.8200  val_acc={1: 1.0, 2: 1.0, 3: 1.0}  elapsed=6014s  PASS
[real_seed2] pilot 2 step  70800  lr=6.75e-04  loss=0.7294  val_acc={1: 1.0, 2: 1.0, 3: 1.0}  elapsed=6021s  PASS
[real_seed2] pilot 2 step  70900  lr=6.71e-04  loss=0.8363  val_acc={1: 1.0, 2: 1.0, 3: 1.0}  elapsed=6030s  PASS
[real_seed2] pilot 2 step  71000  lr=6.67e-04  loss=0.7965  val_acc={1: 1.0, 2: 1.0, 3: 1.0}  elapsed=6038s  PASS
[real_seed2] pilot 2 step  71100  lr=6.64e-04  loss=0.7161  val_acc={1: 1.0, 2: 1.0, 3: 1.0}  elapsed=6046s  PASS
[real_seed2] pilot 2 step  71200  lr=6.60e-04  loss=0.8297  val_acc={1: 1.0, 2: 1.0, 3: 1.0}  elapsed=6053s  PASS
[real_seed2] pilot 2 step  71300  lr=6.56e-04  loss=0.8107  val_acc={1: 1.0, 2: 1.0, 3: 1.0}  elapsed=6063s  PASS
[real_seed2] pilot 2 step  71400  lr=6.52e-04  loss=0.7288  val_acc={1: 1.0, 2: 1.0, 3: 1.0}  elapsed=6071s  PASS
[real_seed2] pilot 2 step  71500  lr=6.49e-04  loss=0.8491  val_acc={1: 1.0, 2: 1.0, 3: 1.0}  elapsed=6078s  PASS
[real_seed2] pilot 2 step  71600  lr=6.45e-04  loss=0.8149  val_acc={1: 1.0, 2: 1.0, 3: 1.0}  elapsed=6088s  PASS
[real_seed2] pilot 2 step  71700  lr=6.41e-04  loss=0.7225  val_acc={1: 1.0, 2: 1.0, 3: 1.0}  elapsed=6096s  PASS
[real_seed2] pilot 2 step  71800  lr=6.38e-04  loss=0.8388  val_acc={1: 1.0, 2: 1.0, 3: 1.0}  elapsed=6105s  PASS
[real_seed2] pilot 2 step  71900  lr=6.34e-04  loss=0.8125  val_acc={1: 1.0, 2: 1.0, 3: 1.0}  elapsed=6115s  PASS
[real_seed2] pilot 2 step  72000  lr=6.30e-04  loss=0.7206  val_acc={1: 1.0, 2: 1.0, 3: 1.0}  elapsed=6123s  PASS
[real_seed2] pilot 2 step  72100  lr=6.27e-04  loss=0.8454  val_acc={1: 1.0, 2: 1.0, 3: 1.0}  elapsed=6131s  PASS
[real_seed2] pilot 2 step  72200  lr=6.23e-04  loss=0.8148  val_acc={1: 1.0, 2: 1.0, 3: 1.0}  elapsed=6138s  PASS
[real_seed2] pilot 2 step  72300  lr=6.19e-04  loss=0.7314  val_acc={1: 1.0, 2: 1.0, 3: 1.0}  elapsed=6146s  PASS
[real_seed2] pilot 2 step  72400  lr=6.16e-04  loss=0.8430  val_acc={1: 1.0, 2: 1.0, 3: 1.0}  elapsed=6154s  PASS
[real_seed2] pilot 2 step  72500  lr=6.12e-04  loss=0.8139  val_acc={1: 1.0, 2: 1.0, 3: 1.0}  elapsed=6162s  PASS
[real_seed2] pilot 2 step  72600  lr=6.09e-04  loss=0.7341  val_acc={1: 1.0, 2: 1.0, 3: 1.0}  elapsed=6170s  PASS
[real_seed2] pilot 2 step  72700  lr=6.05e-04  loss=0.8336  val_acc={1: 1.0, 2: 1.0, 3: 1.0}  elapsed=6178s  PASS
[real_seed2] pilot 2 step  72800  lr=6.01e-04  loss=0.8088  val_acc={1: 1.0, 2: 1.0, 3: 1.0}  elapsed=6187s  PASS
[real_seed2] pilot 2 step  72900  lr=5.98e-04  loss=0.7181  val_acc={1: 1.0, 2: 1.0, 3: 1.0}  elapsed=6194s  PASS
[real_seed2] pilot 2 step  73000  lr=5.94e-04  loss=0.8465  val_acc={1: 1.0, 2: 1.0, 3: 1.0}  elapsed=6202s  PASS
[real_seed2] pilot 2 step  73100  lr=5.91e-04  loss=0.8060  val_acc={1: 1.0, 2: 1.0, 3: 1.0}  elapsed=6210s  PASS
[real_seed2] pilot 2 step  73200  lr=5.87e-04  loss=0.7312  val_acc={1: 1.0, 2: 1.0, 3: 1.0}  elapsed=6218s  PASS
[real_seed2] pilot 2 step  73300  lr=5.84e-04  loss=0.8426  val_acc={1: 1.0, 2: 1.0, 3: 1.0}  elapsed=6226s  PASS
[real_seed2] pilot 2 step  73400  lr=5.80e-04  loss=0.8113  val_acc={1: 1.0, 2: 1.0, 3: 1.0}  elapsed=6234s  PASS
[real_seed2] pilot 2 step  73500  lr=5.76e-04  loss=0.7286  val_acc={1: 1.0, 2: 1.0, 3: 1.0}  elapsed=6242s  PASS
[real_seed2] pilot 2 step  73600  lr=5.73e-04  loss=0.8427  val_acc={1: 1.0, 2: 1.0, 3: 1.0}  elapsed=6251s  PASS
[real_seed2] pilot 2 step  73700  lr=5.69e-04  loss=0.8128  val_acc={1: 1.0, 2: 1.0, 3: 1.0}  elapsed=6258s  PASS
[real_seed2] pilot 2 step  73800  lr=5.66e-04  loss=0.7287  val_acc={1: 1.0, 2: 1.0, 3: 1.0}  elapsed=6266s  PASS
[real_seed2] pilot 2 step  73900  lr=5.62e-04  loss=0.8450  val_acc={1: 1.0, 2: 1.0, 3: 1.0}  elapsed=6273s  PASS
[real_seed2] pilot 2 step  74000  lr=5.59e-04  loss=0.8115  val_acc={1: 1.0, 2: 1.0, 3: 1.0}  elapsed=6282s  PASS
[real_seed2] pilot 2 step  74100  lr=5.55e-04  loss=0.7270  val_acc={1: 1.0, 2: 1.0, 3: 1.0}  elapsed=6289s  PASS
[real_seed2] pilot 2 step  74200  lr=5.52e-04  loss=0.8354  val_acc={1: 1.0, 2: 1.0, 3: 1.0}  elapsed=6299s  PASS
[real_seed2] pilot 2 step  74300  lr=5.48e-04  loss=0.8169  val_acc={1: 1.0, 2: 1.0, 3: 1.0}  elapsed=6309s  PASS
[real_seed2] pilot 2 step  74400  lr=5.45e-04  loss=0.7295  val_acc={1: 1.0, 2: 1.0, 3: 1.0}  elapsed=6317s  PASS
[real_seed2] pilot 2 step  74500  lr=5.42e-04  loss=0.8404  val_acc={1: 1.0, 2: 1.0, 3: 1.0}  elapsed=6325s  PASS
[real_seed2] pilot 2 step  74600  lr=5.38e-04  loss=0.8054  val_acc={1: 1.0, 2: 1.0, 3: 1.0}  elapsed=6334s  PASS
[real_seed2] pilot 2 step  74700  lr=5.35e-04  loss=0.7201  val_acc={1: 1.0, 2: 1.0, 3: 1.0}  elapsed=6342s  PASS
[real_seed2] pilot 2 step  74800  lr=5.31e-04  loss=0.8396  val_acc={1: 1.0, 2: 1.0, 3: 1.0}  elapsed=6350s  PASS
[real_seed2] pilot 2 step  74900  lr=5.28e-04  loss=0.8080  val_acc={1: 1.0, 2: 1.0, 3: 1.0}  elapsed=6358s  PASS
[real_seed2] pilot 2 step  75000  lr=5.25e-04  loss=0.7261  val_acc={1: 1.0, 2: 1.0, 3: 1.0}  elapsed=6366s  PASS
[real_seed2] pilot 2 step  75100  lr=5.21e-04  loss=0.8419  val_acc={1: 1.0, 2: 1.0, 3: 1.0}  elapsed=6376s  PASS
[real_seed2] pilot 2 step  75200  lr=5.18e-04  loss=0.8194  val_acc={1: 1.0, 2: 1.0, 3: 1.0}  elapsed=6385s  PASS
[real_seed2] pilot 2 step  75300  lr=5.14e-04  loss=0.7235  val_acc={1: 1.0, 2: 1.0, 3: 1.0}  elapsed=6394s  PASS
[real_seed2] pilot 2 step  75400  lr=5.11e-04  loss=0.8446  val_acc={1: 1.0, 2: 1.0, 3: 1.0}  elapsed=6401s  PASS
[real_seed2] pilot 2 step  75500  lr=5.08e-04  loss=0.8122  val_acc={1: 1.0, 2: 1.0, 3: 1.0}  elapsed=6409s  PASS
[real_seed2] pilot 2 step  75600  lr=5.04e-04  loss=0.7154  val_acc={1: 1.0, 2: 1.0, 3: 1.0}  elapsed=6417s  PASS
[real_seed2] pilot 2 step  75700  lr=5.01e-04  loss=0.8446  val_acc={1: 1.0, 2: 1.0, 3: 1.0}  elapsed=6428s  PASS
[real_seed2] pilot 2 step  75800  lr=4.98e-04  loss=0.8144  val_acc={1: 1.0, 2: 1.0, 3: 1.0}  elapsed=6440s  PASS
[real_seed2] pilot 2 step  75900  lr=4.94e-04  loss=0.7220  val_acc={1: 1.0, 2: 1.0, 3: 1.0}  elapsed=6447s  PASS
[real_seed2] pilot 2 step  76000  lr=4.91e-04  loss=0.8330  val_acc={1: 1.0, 2: 1.0, 3: 1.0}  elapsed=6457s  PASS
[real_seed2] pilot 2 step  76100  lr=4.88e-04  loss=0.8085  val_acc={1: 1.0, 2: 1.0, 3: 1.0}  elapsed=6467s  PASS
[real_seed2] pilot 2 step  76200  lr=4.84e-04  loss=0.7240  val_acc={1: 1.0, 2: 1.0, 3: 1.0}  elapsed=6474s  PASS
[real_seed2] pilot 2 step  76300  lr=4.81e-04  loss=0.8387  val_acc={1: 1.0, 2: 1.0, 3: 1.0}  elapsed=6482s  PASS
[real_seed2] pilot 2 step  76400  lr=4.78e-04  loss=0.8058  val_acc={1: 1.0, 2: 1.0, 3: 1.0}  elapsed=6489s  PASS
[real_seed2] pilot 2 step  76500  lr=4.75e-04  loss=0.7258  val_acc={1: 1.0, 2: 1.0, 3: 1.0}  elapsed=6497s  PASS
[real_seed2] pilot 2 step  76600  lr=4.71e-04  loss=0.8428  val_acc={1: 1.0, 2: 1.0, 3: 1.0}  elapsed=6505s  PASS
[real_seed2] pilot 2 step  76700  lr=4.68e-04  loss=0.8217  val_acc={1: 1.0, 2: 1.0, 3: 1.0}  elapsed=6515s  PASS
[real_seed2] pilot 2 step  76800  lr=4.65e-04  loss=0.7159  val_acc={1: 1.0, 2: 1.0, 3: 1.0}  elapsed=6521s  PASS
[real_seed2] pilot 2 step  76900  lr=4.62e-04  loss=0.8483  val_acc={1: 1.0, 2: 1.0, 3: 1.0}  elapsed=6531s  PASS
[real_seed2] pilot 2 step  77000  lr=4.59e-04  loss=0.8101  val_acc={1: 1.0, 2: 1.0, 3: 1.0}  elapsed=6539s  PASS
[real_seed2] pilot 2 step  77100  lr=4.55e-04  loss=0.7242  val_acc={1: 1.0, 2: 1.0, 3: 1.0}  elapsed=6548s  PASS
[real_seed2] pilot 2 step  77200  lr=4.52e-04  loss=0.8422  val_acc={1: 1.0, 2: 1.0, 3: 1.0}  elapsed=6555s  PASS
[real_seed2] pilot 2 step  77300  lr=4.49e-04  loss=0.8152  val_acc={1: 1.0, 2: 1.0, 3: 1.0}  elapsed=6563s  PASS
[real_seed2] pilot 2 step  77400  lr=4.46e-04  loss=0.7186  val_acc={1: 1.0, 2: 1.0, 3: 1.0}  elapsed=6572s  PASS
[real_seed2] pilot 2 step  77500  lr=4.43e-04  loss=0.8409  val_acc={1: 1.0, 2: 1.0, 3: 1.0}  elapsed=6580s  PASS
[real_seed2] pilot 2 step  77600  lr=4.39e-04  loss=0.8044  val_acc={1: 1.0, 2: 1.0, 3: 1.0}  elapsed=6589s  PASS
[real_seed2] pilot 2 step  77700  lr=4.36e-04  loss=0.7225  val_acc={1: 1.0, 2: 1.0, 3: 1.0}  elapsed=6602s  PASS
[real_seed2] pilot 2 step  77800  lr=4.33e-04  loss=0.8342  val_acc={1: 1.0, 2: 1.0, 3: 1.0}  elapsed=6610s  PASS
[real_seed2] pilot 2 step  77900  lr=4.30e-04  loss=0.7996  val_acc={1: 1.0, 2: 1.0, 3: 1.0}  elapsed=6617s  PASS
[real_seed2] pilot 2 step  78000  lr=4.27e-04  loss=0.7229  val_acc={1: 1.0, 2: 1.0, 3: 1.0}  elapsed=6626s  PASS
[real_seed2] pilot 2 step  78100  lr=4.24e-04  loss=0.8379  val_acc={1: 1.0, 2: 1.0, 3: 1.0}  elapsed=6634s  PASS
[real_seed2] pilot 2 step  78200  lr=4.21e-04  loss=0.8119  val_acc={1: 1.0, 2: 1.0, 3: 1.0}  elapsed=6643s  PASS
[real_seed2] pilot 2 step  78300  lr=4.18e-04  loss=0.7106  val_acc={1: 1.0, 2: 1.0, 3: 1.0}  elapsed=6651s  PASS
[real_seed2] pilot 2 step  78400  lr=4.15e-04  loss=0.8391  val_acc={1: 1.0, 2: 1.0, 3: 1.0}  elapsed=6661s  PASS
[real_seed2] pilot 2 step  78500  lr=4.12e-04  loss=0.8160  val_acc={1: 1.0, 2: 1.0, 3: 1.0}  elapsed=6669s  PASS
[real_seed2] pilot 2 step  78600  lr=4.09e-04  loss=0.7294  val_acc={1: 1.0, 2: 1.0, 3: 1.0}  elapsed=6677s  PASS
[real_seed2] pilot 2 step  78700  lr=4.06e-04  loss=0.8407  val_acc={1: 1.0, 2: 1.0, 3: 1.0}  elapsed=6686s  PASS
[real_seed2] pilot 2 step  78800  lr=4.03e-04  loss=0.8146  val_acc={1: 1.0, 2: 1.0, 3: 1.0}  elapsed=6694s  PASS
[real_seed2] pilot 2 step  78900  lr=4.00e-04  loss=0.7192  val_acc={1: 1.0, 2: 1.0, 3: 1.0}  elapsed=6703s  PASS
[real_seed2] pilot 2 step  79000  lr=3.97e-04  loss=0.8385  val_acc={1: 1.0, 2: 1.0, 3: 1.0}  elapsed=6711s  PASS
[real_seed2] pilot 2 step  79100  lr=3.94e-04  loss=0.8101  val_acc={1: 1.0, 2: 1.0, 3: 1.0}  elapsed=6718s  PASS
[real_seed2] pilot 2 step  79200  lr=3.91e-04  loss=0.7183  val_acc={1: 1.0, 2: 1.0, 3: 1.0}  elapsed=6727s  PASS
[real_seed2] pilot 2 step  79300  lr=3.88e-04  loss=0.8434  val_acc={1: 1.0, 2: 1.0, 3: 1.0}  elapsed=6736s  PASS
[real_seed2] pilot 2 step  79400  lr=3.85e-04  loss=0.8208  val_acc={1: 1.0, 2: 1.0, 3: 1.0}  elapsed=6744s  PASS
[real_seed2] pilot 2 step  79500  lr=3.82e-04  loss=0.7234  val_acc={1: 1.0, 2: 1.0, 3: 1.0}  elapsed=6752s  PASS
[real_seed2] pilot 2 step  79600  lr=3.79e-04  loss=0.8336  val_acc={1: 1.0, 2: 1.0, 3: 1.0}  elapsed=6760s  PASS
[real_seed2] pilot 2 step  79700  lr=3.76e-04  loss=0.8085  val_acc={1: 1.0, 2: 1.0, 3: 1.0}  elapsed=6767s  PASS
[real_seed2] pilot 2 step  79800  lr=3.73e-04  loss=0.7300  val_acc={1: 1.0, 2: 1.0, 3: 1.0}  elapsed=6775s  PASS
[real_seed2] pilot 2 step  79900  lr=3.70e-04  loss=0.8358  val_acc={1: 1.0, 2: 1.0, 3: 1.0}  elapsed=6783s  PASS
[real_seed2] pilot 2 step  80000  lr=3.67e-04  loss=0.8081  val_acc={1: 1.0, 2: 1.0, 3: 1.0}  elapsed=6793s  PASS
[real_seed2] pilot 2 step  80100  lr=3.64e-04  loss=0.7165  val_acc={1: 1.0, 2: 1.0, 3: 1.0}  elapsed=6801s  PASS
[real_seed2] pilot 2 step  80200  lr=3.61e-04  loss=0.8340  val_acc={1: 1.0, 2: 1.0, 3: 1.0}  elapsed=6810s  PASS
[real_seed2] pilot 2 step  80300  lr=3.58e-04  loss=0.8170  val_acc={1: 1.0, 2: 1.0, 3: 1.0}  elapsed=6819s  PASS
[real_seed2] pilot 2 step  80400  lr=3.56e-04  loss=0.7271  val_acc={1: 1.0, 2: 1.0, 3: 1.0}  elapsed=6827s  PASS
[real_seed2] pilot 2 step  80500  lr=3.53e-04  loss=0.8429  val_acc={1: 1.0, 2: 1.0, 3: 1.0}  elapsed=6837s  PASS
[real_seed2] pilot 2 step  80600  lr=3.50e-04  loss=0.8128  val_acc={1: 1.0, 2: 1.0, 3: 1.0}  elapsed=6844s  PASS
[real_seed2] pilot 2 step  80700  lr=3.47e-04  loss=0.7254  val_acc={1: 1.0, 2: 1.0, 3: 1.0}  elapsed=6853s  PASS
[real_seed2] pilot 2 step  80800  lr=3.44e-04  loss=0.8357  val_acc={1: 1.0, 2: 1.0, 3: 1.0}  elapsed=6861s  PASS
[real_seed2] pilot 2 step  80900  lr=3.42e-04  loss=0.8180  val_acc={1: 1.0, 2: 1.0, 3: 1.0}  elapsed=6869s  PASS
[real_seed2] pilot 2 step  81000  lr=3.39e-04  loss=0.7266  val_acc={1: 1.0, 2: 1.0, 3: 1.0}  elapsed=6877s  PASS
[real_seed2] pilot 2 step  81100  lr=3.36e-04  loss=0.8354  val_acc={1: 1.0, 2: 1.0, 3: 1.0}  elapsed=6887s  PASS
[real_seed2] pilot 2 step  81200  lr=3.33e-04  loss=0.8107  val_acc={1: 1.0, 2: 1.0, 3: 1.0}  elapsed=6896s  PASS
[real_seed2] pilot 2 step  81300  lr=3.30e-04  loss=0.7227  val_acc={1: 1.0, 2: 1.0, 3: 1.0}  elapsed=6906s  PASS
[real_seed2] pilot 2 step  81400  lr=3.28e-04  loss=0.8376  val_acc={1: 1.0, 2: 1.0, 3: 1.0}  elapsed=6918s  PASS
[real_seed2] pilot 2 step  81500  lr=3.25e-04  loss=0.8200  val_acc={1: 1.0, 2: 1.0, 3: 1.0}  elapsed=6927s  PASS
[real_seed2] pilot 2 step  81600  lr=3.22e-04  loss=0.7182  val_acc={1: 1.0, 2: 1.0, 3: 1.0}  elapsed=6934s  PASS
[real_seed2] pilot 2 step  81700  lr=3.20e-04  loss=0.8441  val_acc={1: 1.0, 2: 1.0, 3: 1.0}  elapsed=6942s  PASS
[real_seed2] pilot 2 step  81800  lr=3.17e-04  loss=0.8096  val_acc={1: 1.0, 2: 1.0, 3: 1.0}  elapsed=6950s  PASS
[real_seed2] pilot 2 step  81900  lr=3.14e-04  loss=0.7210  val_acc={1: 1.0, 2: 1.0, 3: 1.0}  elapsed=6957s  PASS
[real_seed2] pilot 2 step  82000  lr=3.11e-04  loss=0.8411  val_acc={1: 1.0, 2: 1.0, 3: 1.0}  elapsed=6965s  PASS
[real_seed2] pilot 2 step  82100  lr=3.09e-04  loss=0.8111  val_acc={1: 1.0, 2: 1.0, 3: 1.0}  elapsed=6973s  PASS
[real_seed2] pilot 2 step  82200  lr=3.06e-04  loss=0.7281  val_acc={1: 1.0, 2: 1.0, 3: 1.0}  elapsed=6983s  PASS
[real_seed2] pilot 2 step  82300  lr=3.04e-04  loss=0.8422  val_acc={1: 1.0, 2: 1.0, 3: 1.0}  elapsed=6990s  PASS
[real_seed2] pilot 2 step  82400  lr=3.01e-04  loss=0.8149  val_acc={1: 1.0, 2: 1.0, 3: 1.0}  elapsed=6998s  PASS
[real_seed2] pilot 2 step  82500  lr=2.98e-04  loss=0.7319  val_acc={1: 1.0, 2: 1.0, 3: 1.0}  elapsed=7007s  PASS
[real_seed2] pilot 2 step  82600  lr=2.96e-04  loss=0.8421  val_acc={1: 1.0, 2: 1.0, 3: 1.0}  elapsed=7016s  PASS
[real_seed2] pilot 2 step  82700  lr=2.93e-04  loss=0.8205  val_acc={1: 1.0, 2: 1.0, 3: 1.0}  elapsed=7024s  PASS
[real_seed2] pilot 2 step  82800  lr=2.90e-04  loss=0.7223  val_acc={1: 1.0, 2: 1.0, 3: 1.0}  elapsed=7032s  PASS
[real_seed2] pilot 2 step  82900  lr=2.88e-04  loss=0.8496  val_acc={1: 1.0, 2: 1.0, 3: 1.0}  elapsed=7039s  PASS
[real_seed2] pilot 2 step  83000  lr=2.85e-04  loss=0.8111  val_acc={1: 1.0, 2: 1.0, 3: 1.0}  elapsed=7046s  PASS
[real_seed2] pilot 2 step  83100  lr=2.83e-04  loss=0.7171  val_acc={1: 1.0, 2: 1.0, 3: 1.0}  elapsed=7058s  PASS
[real_seed2] pilot 2 step  83200  lr=2.80e-04  loss=0.8322  val_acc={1: 1.0, 2: 1.0, 3: 1.0}  elapsed=7068s  PASS
[real_seed2] pilot 2 step  83300  lr=2.78e-04  loss=0.8115  val_acc={1: 1.0, 2: 1.0, 3: 1.0}  elapsed=7076s  PASS
[real_seed2] pilot 2 step  83400  lr=2.75e-04  loss=0.7242  val_acc={1: 1.0, 2: 1.0, 3: 1.0}  elapsed=7084s  PASS
[real_seed2] pilot 2 step  83500  lr=2.73e-04  loss=0.8470  val_acc={1: 1.0, 2: 1.0, 3: 1.0}  elapsed=7091s  PASS
[real_seed2] pilot 2 step  83600  lr=2.70e-04  loss=0.8104  val_acc={1: 1.0, 2: 1.0, 3: 1.0}  elapsed=7102s  PASS
[real_seed2] pilot 2 step  83700  lr=2.68e-04  loss=0.7250  val_acc={1: 1.0, 2: 1.0, 3: 1.0}  elapsed=7109s  PASS
[real_seed2] pilot 2 step  83800  lr=2.65e-04  loss=0.8381  val_acc={1: 1.0, 2: 1.0, 3: 1.0}  elapsed=7118s  PASS
[real_seed2] pilot 2 step  83900  lr=2.63e-04  loss=0.8042  val_acc={1: 1.0, 2: 1.0, 3: 1.0}  elapsed=7126s  PASS
[real_seed2] pilot 2 step  84000  lr=2.60e-04  loss=0.7239  val_acc={1: 1.0, 2: 1.0, 3: 1.0}  elapsed=7133s  PASS
[real_seed2] pilot 2 step  84100  lr=2.58e-04  loss=0.8304  val_acc={1: 1.0, 2: 1.0, 3: 1.0}  elapsed=7142s  PASS
[real_seed2] pilot 2 step  84200  lr=2.56e-04  loss=0.8090  val_acc={1: 1.0, 2: 1.0, 3: 1.0}  elapsed=7151s  PASS
[real_seed2] pilot 2 step  84300  lr=2.53e-04  loss=0.7196  val_acc={1: 1.0, 2: 1.0, 3: 1.0}  elapsed=7159s  PASS
[real_seed2] pilot 2 step  84400  lr=2.51e-04  loss=0.8404  val_acc={1: 1.0, 2: 1.0, 3: 1.0}  elapsed=7167s  PASS
[real_seed2] pilot 2 step  84500  lr=2.48e-04  loss=0.8164  val_acc={1: 1.0, 2: 1.0, 3: 1.0}  elapsed=7177s  PASS
[real_seed2] pilot 2 step  84600  lr=2.46e-04  loss=0.7214  val_acc={1: 1.0, 2: 1.0, 3: 1.0}  elapsed=7185s  PASS
[real_seed2] pilot 2 step  84700  lr=2.44e-04  loss=0.8448  val_acc={1: 1.0, 2: 1.0, 3: 1.0}  elapsed=7196s  PASS
[real_seed2] pilot 2 step  84800  lr=2.41e-04  loss=0.8114  val_acc={1: 1.0, 2: 1.0, 3: 1.0}  elapsed=7208s  PASS
[real_seed2] pilot 2 step  84900  lr=2.39e-04  loss=0.7193  val_acc={1: 1.0, 2: 1.0, 3: 1.0}  elapsed=7218s  PASS
[real_seed2] pilot 2 step  85000  lr=2.37e-04  loss=0.8401  val_acc={1: 1.0, 2: 1.0, 3: 1.0}  elapsed=7227s  PASS
[real_seed2] pilot 2 step  85100  lr=2.34e-04  loss=0.8197  val_acc={1: 1.0, 2: 1.0, 3: 1.0}  elapsed=7234s  PASS
[real_seed2] pilot 2 step  85200  lr=2.32e-04  loss=0.7155  val_acc={1: 1.0, 2: 1.0, 3: 1.0}  elapsed=7242s  PASS
[real_seed2] pilot 2 step  85300  lr=2.30e-04  loss=0.8455  val_acc={1: 1.0, 2: 1.0, 3: 1.0}  elapsed=7250s  PASS
[real_seed2] pilot 2 step  85400  lr=2.27e-04  loss=0.8097  val_acc={1: 1.0, 2: 1.0, 3: 1.0}  elapsed=7259s  PASS
[real_seed2] pilot 2 step  85500  lr=2.25e-04  loss=0.7297  val_acc={1: 1.0, 2: 1.0, 3: 1.0}  elapsed=7268s  PASS
[real_seed2] pilot 2 step  85600  lr=2.23e-04  loss=0.8455  val_acc={1: 1.0, 2: 1.0, 3: 1.0}  elapsed=7276s  PASS
[real_seed2] pilot 2 step  85700  lr=2.21e-04  loss=0.8162  val_acc={1: 1.0, 2: 1.0, 3: 1.0}  elapsed=7285s  PASS
[real_seed2] pilot 2 step  85800  lr=2.18e-04  loss=0.7286  val_acc={1: 1.0, 2: 1.0, 3: 1.0}  elapsed=7293s  PASS
[real_seed2] pilot 2 step  85900  lr=2.16e-04  loss=0.8476  val_acc={1: 1.0, 2: 1.0, 3: 1.0}  elapsed=7300s  PASS
[real_seed2] pilot 2 step  86000  lr=2.14e-04  loss=0.8140  val_acc={1: 1.0, 2: 1.0, 3: 1.0}  elapsed=7308s  PASS
[real_seed2] pilot 2 step  86100  lr=2.12e-04  loss=0.7236  val_acc={1: 1.0, 2: 1.0, 3: 1.0}  elapsed=7316s  PASS
[real_seed2] pilot 2 step  86200  lr=2.10e-04  loss=0.8455  val_acc={1: 1.0, 2: 1.0, 3: 1.0}  elapsed=7325s  PASS
[real_seed2] pilot 2 step  86300  lr=2.08e-04  loss=0.8094  val_acc={1: 1.0, 2: 1.0, 3: 1.0}  elapsed=7332s  PASS
[real_seed2] pilot 2 step  86400  lr=2.05e-04  loss=0.7179  val_acc={1: 1.0, 2: 1.0, 3: 1.0}  elapsed=7340s  PASS
[real_seed2] pilot 2 step  86500  lr=2.03e-04  loss=0.8462  val_acc={1: 1.0, 2: 1.0, 3: 1.0}  elapsed=7348s  PASS
[real_seed2] pilot 2 step  86600  lr=2.01e-04  loss=0.8185  val_acc={1: 1.0, 2: 1.0, 3: 1.0}  elapsed=7357s  PASS
[real_seed2] pilot 2 step  86700  lr=1.99e-04  loss=0.7264  val_acc={1: 1.0, 2: 1.0, 3: 1.0}  elapsed=7365s  PASS
[real_seed2] pilot 2 step  86800  lr=1.97e-04  loss=0.8432  val_acc={1: 1.0, 2: 1.0, 3: 1.0}  elapsed=7373s  PASS
[real_seed2] pilot 2 step  86900  lr=1.95e-04  loss=0.8142  val_acc={1: 1.0, 2: 1.0, 3: 1.0}  elapsed=7381s  PASS
[real_seed2] pilot 2 step  87000  lr=1.93e-04  loss=0.7263  val_acc={1: 1.0, 2: 1.0, 3: 1.0}  elapsed=7388s  PASS
[real_seed2] pilot 2 step  87100  lr=1.91e-04  loss=0.8388  val_acc={1: 1.0, 2: 1.0, 3: 1.0}  elapsed=7395s  PASS
[real_seed2] pilot 2 step  87200  lr=1.89e-04  loss=0.8133  val_acc={1: 1.0, 2: 1.0, 3: 1.0}  elapsed=7402s  PASS
[real_seed2] pilot 2 step  87300  lr=1.87e-04  loss=0.7308  val_acc={1: 1.0, 2: 1.0, 3: 1.0}  elapsed=7413s  PASS
[real_seed2] pilot 2 step  87400  lr=1.84e-04  loss=0.8448  val_acc={1: 1.0, 2: 1.0, 3: 1.0}  elapsed=7423s  PASS
[real_seed2] pilot 2 step  87500  lr=1.82e-04  loss=0.8160  val_acc={1: 1.0, 2: 1.0, 3: 1.0}  elapsed=7431s  PASS
[real_seed2] pilot 2 step  87600  lr=1.80e-04  loss=0.7325  val_acc={1: 1.0, 2: 1.0, 3: 1.0}  elapsed=7440s  PASS
[real_seed2] pilot 2 step  87700  lr=1.78e-04  loss=0.8450  val_acc={1: 1.0, 2: 1.0, 3: 1.0}  elapsed=7449s  PASS
[real_seed2] pilot 2 step  87800  lr=1.76e-04  loss=0.8210  val_acc={1: 1.0, 2: 1.0, 3: 1.0}  elapsed=7457s  PASS
[real_seed2] pilot 2 step  87900  lr=1.75e-04  loss=0.7235  val_acc={1: 1.0, 2: 1.0, 3: 1.0}  elapsed=7466s  PASS
[real_seed2] pilot 2 step  88000  lr=1.73e-04  loss=0.8380  val_acc={1: 1.0, 2: 1.0, 3: 1.0}  elapsed=7474s  PASS
[real_seed2] pilot 2 step  88100  lr=1.71e-04  loss=0.8180  val_acc={1: 1.0, 2: 1.0, 3: 1.0}  elapsed=7484s  PASS
[real_seed2] pilot 2 step  88200  lr=1.69e-04  loss=0.7308  val_acc={1: 1.0, 2: 1.0, 3: 1.0}  elapsed=7493s  PASS
[real_seed2] pilot 2 step  88300  lr=1.67e-04  loss=0.8414  val_acc={1: 1.0, 2: 1.0, 3: 1.0}  elapsed=7500s  PASS
[real_seed2] pilot 2 step  88400  lr=1.65e-04  loss=0.8172  val_acc={1: 1.0, 2: 1.0, 3: 1.0}  elapsed=7509s  PASS
[real_seed2] pilot 2 step  88500  lr=1.63e-04  loss=0.7234  val_acc={1: 1.0, 2: 1.0, 3: 1.0}  elapsed=7517s  PASS
[real_seed2] pilot 2 step  88600  lr=1.61e-04  loss=0.8306  val_acc={1: 1.0, 2: 1.0, 3: 1.0}  elapsed=7526s  PASS
[real_seed2] pilot 2 step  88700  lr=1.59e-04  loss=0.8109  val_acc={1: 1.0, 2: 1.0, 3: 1.0}  elapsed=7534s  PASS
[real_seed2] pilot 2 step  88800  lr=1.57e-04  loss=0.7202  val_acc={1: 1.0, 2: 1.0, 3: 1.0}  elapsed=7542s  PASS
[real_seed2] pilot 2 step  88900  lr=1.56e-04  loss=0.8403  val_acc={1: 1.0, 2: 1.0, 3: 1.0}  elapsed=7549s  PASS
[real_seed2] pilot 2 step  89000  lr=1.54e-04  loss=0.8249  val_acc={1: 1.0, 2: 1.0, 3: 1.0}  elapsed=7557s  PASS
[real_seed2] pilot 2 step  89100  lr=1.52e-04  loss=0.7229  val_acc={1: 1.0, 2: 1.0, 3: 1.0}  elapsed=7566s  PASS
[real_seed2] pilot 2 step  89200  lr=1.50e-04  loss=0.8424  val_acc={1: 1.0, 2: 1.0, 3: 1.0}  elapsed=7574s  PASS
[real_seed2] pilot 2 step  89300  lr=1.48e-04  loss=0.8068  val_acc={1: 1.0, 2: 1.0, 3: 1.0}  elapsed=7582s  PASS
[real_seed2] pilot 2 step  89400  lr=1.47e-04  loss=0.7153  val_acc={1: 1.0, 2: 1.0, 3: 1.0}  elapsed=7589s  PASS
[real_seed2] pilot 2 step  89500  lr=1.45e-04  loss=0.8523  val_acc={1: 1.0, 2: 1.0, 3: 1.0}  elapsed=7600s  PASS
[real_seed2] pilot 2 step  89600  lr=1.43e-04  loss=0.8091  val_acc={1: 1.0, 2: 1.0, 3: 1.0}  elapsed=7609s  PASS
[real_seed2] pilot 2 step  89700  lr=1.41e-04  loss=0.7194  val_acc={1: 1.0, 2: 1.0, 3: 1.0}  elapsed=7619s  PASS
[real_seed2] pilot 2 step  89800  lr=1.40e-04  loss=0.8391  val_acc={1: 1.0, 2: 1.0, 3: 1.0}  elapsed=7626s  PASS
[real_seed2] pilot 2 step  89900  lr=1.38e-04  loss=0.8098  val_acc={1: 1.0, 2: 1.0, 3: 1.0}  elapsed=7633s  PASS
[real_seed2] pilot 2 step  90000  lr=1.36e-04  loss=0.7287  val_acc={1: 1.0, 2: 1.0, 3: 1.0}  elapsed=7642s  PASS
[real_seed2] pilot 2 step  90100  lr=1.34e-04  loss=0.8415  val_acc={1: 1.0, 2: 1.0, 3: 1.0}  elapsed=7651s  PASS
[real_seed2] pilot 2 step  90200  lr=1.33e-04  loss=0.8078  val_acc={1: 1.0, 2: 1.0, 3: 1.0}  elapsed=7660s  PASS
[real_seed2] pilot 2 step  90300  lr=1.31e-04  loss=0.7311  val_acc={1: 1.0, 2: 1.0, 3: 1.0}  elapsed=7668s  PASS
[real_seed2] pilot 2 step  90400  lr=1.30e-04  loss=0.8400  val_acc={1: 1.0, 2: 1.0, 3: 1.0}  elapsed=7677s  PASS
[real_seed2] pilot 2 step  90500  lr=1.28e-04  loss=0.8113  val_acc={1: 1.0, 2: 1.0, 3: 1.0}  elapsed=7685s  PASS
[real_seed2] pilot 2 step  90600  lr=1.26e-04  loss=0.7241  val_acc={1: 1.0, 2: 1.0, 3: 1.0}  elapsed=7692s  PASS
[real_seed2] pilot 2 step  90700  lr=1.25e-04  loss=0.8422  val_acc={1: 1.0, 2: 1.0, 3: 1.0}  elapsed=7701s  PASS
[real_seed2] pilot 2 step  90800  lr=1.23e-04  loss=0.8078  val_acc={1: 1.0, 2: 1.0, 3: 1.0}  elapsed=7709s  PASS
[real_seed2] pilot 2 step  90900  lr=1.21e-04  loss=0.7271  val_acc={1: 1.0, 2: 1.0, 3: 1.0}  elapsed=7717s  PASS
[real_seed2] pilot 2 step  91000  lr=1.20e-04  loss=0.8326  val_acc={1: 1.0, 2: 1.0, 3: 1.0}  elapsed=7725s  PASS
[real_seed2] pilot 2 step  91100  lr=1.18e-04  loss=0.8110  val_acc={1: 1.0, 2: 1.0, 3: 1.0}  elapsed=7732s  PASS
[real_seed2] pilot 2 step  91200  lr=1.17e-04  loss=0.7204  val_acc={1: 1.0, 2: 1.0, 3: 1.0}  elapsed=7742s  PASS
[real_seed2] pilot 2 step  91300  lr=1.15e-04  loss=0.8415  val_acc={1: 1.0, 2: 1.0, 3: 1.0}  elapsed=7749s  PASS
[real_seed2] pilot 2 step  91400  lr=1.14e-04  loss=0.8066  val_acc={1: 1.0, 2: 1.0, 3: 1.0}  elapsed=7758s  PASS
[real_seed2] pilot 2 step  91500  lr=1.12e-04  loss=0.7321  val_acc={1: 1.0, 2: 1.0, 3: 1.0}  elapsed=7767s  PASS
[real_seed2] pilot 2 step  91600  lr=1.11e-04  loss=0.8431  val_acc={1: 1.0, 2: 1.0, 3: 1.0}  elapsed=7774s  PASS
[real_seed2] pilot 2 step  91700  lr=1.09e-04  loss=0.8183  val_acc={1: 1.0, 2: 1.0, 3: 1.0}  elapsed=7782s  PASS
[real_seed2] pilot 2 step  91800  lr=1.08e-04  loss=0.7228  val_acc={1: 1.0, 2: 1.0, 3: 1.0}  elapsed=7790s  PASS
[real_seed2] pilot 2 step  91900  lr=1.06e-04  loss=0.8391  val_acc={1: 1.0, 2: 1.0, 3: 1.0}  elapsed=7801s  PASS
[real_seed2] pilot 2 step  92000  lr=1.05e-04  loss=0.7993  val_acc={1: 1.0, 2: 1.0, 3: 1.0}  elapsed=7809s  PASS
[real_seed2] pilot 2 step  92100  lr=1.04e-04  loss=0.7357  val_acc={1: 1.0, 2: 1.0, 3: 1.0}  elapsed=7816s  PASS
[real_seed2] pilot 2 step  92200  lr=1.02e-04  loss=0.8444  val_acc={1: 1.0, 2: 1.0, 3: 1.0}  elapsed=7824s  PASS
[real_seed2] pilot 2 step  92300  lr=1.01e-04  loss=0.8253  val_acc={1: 1.0, 2: 1.0, 3: 1.0}  elapsed=7832s  PASS
[real_seed2] pilot 2 step  92400  lr=9.93e-05  loss=0.7296  val_acc={1: 1.0, 2: 1.0, 3: 1.0}  elapsed=7842s  PASS
[real_seed2] pilot 2 step  92500  lr=9.80e-05  loss=0.8452  val_acc={1: 1.0, 2: 1.0, 3: 1.0}  elapsed=7853s  PASS
[real_seed2] pilot 2 step  92600  lr=9.66e-05  loss=0.8047  val_acc={1: 1.0, 2: 1.0, 3: 1.0}  elapsed=7861s  PASS
[real_seed2] pilot 2 step  92700  lr=9.53e-05  loss=0.7322  val_acc={1: 1.0, 2: 1.0, 3: 1.0}  elapsed=7874s  PASS
[real_seed2] pilot 2 step  92800  lr=9.39e-05  loss=0.8376  val_acc={1: 1.0, 2: 1.0, 3: 1.0}  elapsed=7883s  PASS
[real_seed2] pilot 2 step  92900  lr=9.26e-05  loss=0.8199  val_acc={1: 1.0, 2: 1.0, 3: 1.0}  elapsed=7890s  PASS
[real_seed2] pilot 2 step  93000  lr=9.13e-05  loss=0.7210  val_acc={1: 1.0, 2: 1.0, 3: 1.0}  elapsed=7897s  PASS
[real_seed2] pilot 2 step  93100  lr=9.00e-05  loss=0.8438  val_acc={1: 1.0, 2: 1.0, 3: 1.0}  elapsed=7907s  PASS
[real_seed2] pilot 2 step  93200  lr=8.88e-05  loss=0.8159  val_acc={1: 1.0, 2: 1.0, 3: 1.0}  elapsed=7919s  PASS
[real_seed2] pilot 2 step  93300  lr=8.75e-05  loss=0.7251  val_acc={1: 1.0, 2: 1.0, 3: 1.0}  elapsed=7929s  PASS
[real_seed2] pilot 2 step  93400  lr=8.62e-05  loss=0.8390  val_acc={1: 1.0, 2: 1.0, 3: 1.0}  elapsed=7938s  PASS
[real_seed2] pilot 2 step  93500  lr=8.50e-05  loss=0.8206  val_acc={1: 1.0, 2: 1.0, 3: 1.0}  elapsed=7948s  PASS
[real_seed2] pilot 2 step  93600  lr=8.38e-05  loss=0.7246  val_acc={1: 1.0, 2: 1.0, 3: 1.0}  elapsed=7956s  PASS
[real_seed2] pilot 2 step  93700  lr=8.26e-05  loss=0.8396  val_acc={1: 1.0, 2: 1.0, 3: 1.0}  elapsed=7963s  PASS
[real_seed2] pilot 2 step  93800  lr=8.14e-05  loss=0.8164  val_acc={1: 1.0, 2: 1.0, 3: 1.0}  elapsed=7969s  PASS
[real_seed2] pilot 2 step  93900  lr=8.02e-05  loss=0.7257  val_acc={1: 1.0, 2: 1.0, 3: 1.0}  elapsed=7976s  PASS
[real_seed2] pilot 2 step  94000  lr=7.90e-05  loss=0.8392  val_acc={1: 1.0, 2: 1.0, 3: 1.0}  elapsed=7984s  PASS
[real_seed2] pilot 2 step  94100  lr=7.79e-05  loss=0.8101  val_acc={1: 1.0, 2: 1.0, 3: 1.0}  elapsed=7991s  PASS
[real_seed2] pilot 2 step  94200  lr=7.67e-05  loss=0.7277  val_acc={1: 1.0, 2: 1.0, 3: 1.0}  elapsed=8000s  PASS
[real_seed2] pilot 2 step  94300  lr=7.56e-05  loss=0.8288  val_acc={1: 1.0, 2: 1.0, 3: 1.0}  elapsed=8011s  PASS
[real_seed2] pilot 2 step  94400  lr=7.45e-05  loss=0.8183  val_acc={1: 1.0, 2: 1.0, 3: 1.0}  elapsed=8020s  PASS
[real_seed2] pilot 2 step  94500  lr=7.34e-05  loss=0.7302  val_acc={1: 1.0, 2: 1.0, 3: 1.0}  elapsed=8026s  PASS
[real_seed2] pilot 2 step  94600  lr=7.23e-05  loss=0.8423  val_acc={1: 1.0, 2: 1.0, 3: 1.0}  elapsed=8034s  PASS
[real_seed2] pilot 2 step  94700  lr=7.12e-05  loss=0.8189  val_acc={1: 1.0, 2: 1.0, 3: 1.0}  elapsed=8042s  PASS
[real_seed2] pilot 2 step  94800  lr=7.02e-05  loss=0.7213  val_acc={1: 1.0, 2: 1.0, 3: 1.0}  elapsed=8050s  PASS
[real_seed2] pilot 2 step  94900  lr=6.91e-05  loss=0.8465  val_acc={1: 1.0, 2: 1.0, 3: 1.0}  elapsed=8058s  PASS
[real_seed2] pilot 2 step  95000  lr=6.81e-05  loss=0.8148  val_acc={1: 1.0, 2: 1.0, 3: 1.0}  elapsed=8067s  PASS
[real_seed2] pilot 2 step  95100  lr=6.71e-05  loss=0.7215  val_acc={1: 1.0, 2: 1.0, 3: 1.0}  elapsed=8075s  PASS
[real_seed2] pilot 2 step  95200  lr=6.61e-05  loss=0.8349  val_acc={1: 1.0, 2: 1.0, 3: 1.0}  elapsed=8084s  PASS
[real_seed2] pilot 2 step  95300  lr=6.51e-05  loss=0.8101  val_acc={1: 1.0, 2: 1.0, 3: 1.0}  elapsed=8092s  PASS
[real_seed2] pilot 2 step  95400  lr=6.41e-05  loss=0.7330  val_acc={1: 1.0, 2: 1.0, 3: 1.0}  elapsed=8100s  PASS
[real_seed2] pilot 2 step  95500  lr=6.31e-05  loss=0.8407  val_acc={1: 1.0, 2: 1.0, 3: 1.0}  elapsed=8109s  PASS
[real_seed2] pilot 2 step  95600  lr=6.22e-05  loss=0.8082  val_acc={1: 1.0, 2: 1.0, 3: 1.0}  elapsed=8116s  PASS
[real_seed2] pilot 2 step  95700  lr=6.13e-05  loss=0.7272  val_acc={1: 1.0, 2: 1.0, 3: 1.0}  elapsed=8126s  PASS
[real_seed2] pilot 2 step  95800  lr=6.03e-05  loss=0.8520  val_acc={1: 1.0, 2: 1.0, 3: 1.0}  elapsed=8133s  PASS
[real_seed2] pilot 2 step  95900  lr=5.94e-05  loss=0.8082  val_acc={1: 1.0, 2: 1.0, 3: 1.0}  elapsed=8142s  PASS
[real_seed2] pilot 2 step  96000  lr=5.85e-05  loss=0.7183  val_acc={1: 1.0, 2: 1.0, 3: 1.0}  elapsed=8149s  PASS
[real_seed2] pilot 2 step  96100  lr=5.77e-05  loss=0.8438  val_acc={1: 1.0, 2: 1.0, 3: 1.0}  elapsed=8158s  PASS
[real_seed2] pilot 2 step  96200  lr=5.68e-05  loss=0.8106  val_acc={1: 1.0, 2: 1.0, 3: 1.0}  elapsed=8166s  PASS
[real_seed2] pilot 2 step  96300  lr=5.59e-05  loss=0.7195  val_acc={1: 1.0, 2: 1.0, 3: 1.0}  elapsed=8175s  PASS
[real_seed2] pilot 2 step  96400  lr=5.51e-05  loss=0.8405  val_acc={1: 1.0, 2: 1.0, 3: 1.0}  elapsed=8182s  PASS
[real_seed2] pilot 2 step  96500  lr=5.43e-05  loss=0.8136  val_acc={1: 1.0, 2: 1.0, 3: 1.0}  elapsed=8190s  PASS
[real_seed2] pilot 2 step  96600  lr=5.34e-05  loss=0.7307  val_acc={1: 1.0, 2: 1.0, 3: 1.0}  elapsed=8199s  PASS
[real_seed2] pilot 2 step  96700  lr=5.26e-05  loss=0.8463  val_acc={1: 1.0, 2: 1.0, 3: 1.0}  elapsed=8208s  PASS
[real_seed2] pilot 2 step  96800  lr=5.19e-05  loss=0.8050  val_acc={1: 1.0, 2: 1.0, 3: 1.0}  elapsed=8217s  PASS
[real_seed2] pilot 2 step  96900  lr=5.11e-05  loss=0.7178  val_acc={1: 1.0, 2: 1.0, 3: 1.0}  elapsed=8224s  PASS
[real_seed2] pilot 2 step  97000  lr=5.03e-05  loss=0.8359  val_acc={1: 1.0, 2: 1.0, 3: 1.0}  elapsed=8232s  PASS
[real_seed2] pilot 2 step  97100  lr=4.96e-05  loss=0.8123  val_acc={1: 1.0, 2: 1.0, 3: 1.0}  elapsed=8240s  PASS
[real_seed2] pilot 2 step  97200  lr=4.89e-05  loss=0.7211  val_acc={1: 1.0, 2: 1.0, 3: 1.0}  elapsed=8248s  PASS
[real_seed2] pilot 2 step  97300  lr=4.81e-05  loss=0.8390  val_acc={1: 1.0, 2: 1.0, 3: 1.0}  elapsed=8258s  PASS
[real_seed2] pilot 2 step  97400  lr=4.74e-05  loss=0.8099  val_acc={1: 1.0, 2: 1.0, 3: 1.0}  elapsed=8265s  PASS
[real_seed2] pilot 2 step  97500  lr=4.67e-05  loss=0.7276  val_acc={1: 1.0, 2: 1.0, 3: 1.0}  elapsed=8272s  PASS
[real_seed2] pilot 2 step  97600  lr=4.61e-05  loss=0.8458  val_acc={1: 1.0, 2: 1.0, 3: 1.0}  elapsed=8282s  PASS
[real_seed2] pilot 2 step  97700  lr=4.54e-05  loss=0.8163  val_acc={1: 1.0, 2: 1.0, 3: 1.0}  elapsed=8290s  PASS
[real_seed2] pilot 2 step  97800  lr=4.48e-05  loss=0.7240  val_acc={1: 1.0, 2: 1.0, 3: 1.0}  elapsed=8297s  PASS
[real_seed2] pilot 2 step  97900  lr=4.41e-05  loss=0.8402  val_acc={1: 1.0, 2: 1.0, 3: 1.0}  elapsed=8305s  PASS
[real_seed2] pilot 2 step  98000  lr=4.35e-05  loss=0.8066  val_acc={1: 1.0, 2: 1.0, 3: 1.0}  elapsed=8315s  PASS
[real_seed2] pilot 2 step  98100  lr=4.29e-05  loss=0.7280  val_acc={1: 1.0, 2: 1.0, 3: 1.0}  elapsed=8323s  PASS
[real_seed2] pilot 2 step  98200  lr=4.23e-05  loss=0.8426  val_acc={1: 1.0, 2: 1.0, 3: 1.0}  elapsed=8332s  PASS
[real_seed2] pilot 2 step  98300  lr=4.17e-05  loss=0.8049  val_acc={1: 1.0, 2: 1.0, 3: 1.0}  elapsed=8339s  PASS
[real_seed2] pilot 2 step  98400  lr=4.12e-05  loss=0.7206  val_acc={1: 1.0, 2: 1.0, 3: 1.0}  elapsed=8347s  PASS
[real_seed2] pilot 2 step  98500  lr=4.06e-05  loss=0.8386  val_acc={1: 1.0, 2: 1.0, 3: 1.0}  elapsed=8356s  PASS
[real_seed2] pilot 2 step  98600  lr=4.01e-05  loss=0.8166  val_acc={1: 1.0, 2: 1.0, 3: 1.0}  elapsed=8363s  PASS
[real_seed2] pilot 2 step  98700  lr=3.96e-05  loss=0.7229  val_acc={1: 1.0, 2: 1.0, 3: 1.0}  elapsed=8372s  PASS
[real_seed2] pilot 2 step  98800  lr=3.90e-05  loss=0.8365  val_acc={1: 1.0, 2: 1.0, 3: 1.0}  elapsed=8381s  PASS
[real_seed2] pilot 2 step  98900  lr=3.86e-05  loss=0.8188  val_acc={1: 1.0, 2: 1.0, 3: 1.0}  elapsed=8388s  PASS
[real_seed2] pilot 2 step  99000  lr=3.81e-05  loss=0.7273  val_acc={1: 1.0, 2: 1.0, 3: 1.0}  elapsed=8396s  PASS
[real_seed2] pilot 2 step  99100  lr=3.76e-05  loss=0.8471  val_acc={1: 1.0, 2: 1.0, 3: 1.0}  elapsed=8404s  PASS
[real_seed2] pilot 2 step  99200  lr=3.72e-05  loss=0.8215  val_acc={1: 1.0, 2: 1.0, 3: 1.0}  elapsed=8412s  PASS
[real_seed2] pilot 2 step  99300  lr=3.67e-05  loss=0.7206  val_acc={1: 1.0, 2: 1.0, 3: 1.0}  elapsed=8420s  PASS
[real_seed2] pilot 2 step  99400  lr=3.63e-05  loss=0.8424  val_acc={1: 1.0, 2: 1.0, 3: 1.0}  elapsed=8428s  PASS
[real_seed2] pilot 2 step  99500  lr=3.59e-05  loss=0.8071  val_acc={1: 1.0, 2: 1.0, 3: 1.0}  elapsed=8436s  PASS
[real_seed2] pilot 2 step  99600  lr=3.55e-05  loss=0.7122  val_acc={1: 1.0, 2: 1.0, 3: 1.0}  elapsed=8449s  PASS
[real_seed2] pilot 2 step  99700  lr=3.51e-05  loss=0.8476  val_acc={1: 1.0, 2: 1.0, 3: 1.0}  elapsed=8457s  PASS
[real_seed2] pilot 2 step  99800  lr=3.47e-05  loss=0.8046  val_acc={1: 1.0, 2: 1.0, 3: 1.0}  elapsed=8468s  PASS
[real_seed2] pilot 2 step  99900  lr=3.44e-05  loss=0.7246  val_acc={1: 1.0, 2: 1.0, 3: 1.0}  elapsed=8477s  PASS
[real_seed2] pilot 2 step 100000  lr=3.40e-05  loss=0.8412  val_acc={1: 1.0, 2: 1.0, 3: 1.0}  elapsed=8484s  PASS
[real_seed2] pilot 2 step 100100  lr=3.37e-05  loss=0.8031  val_acc={1: 1.0, 2: 1.0, 3: 1.0}  elapsed=8491s  PASS
[real_seed2] pilot 2 step 100200  lr=3.34e-05  loss=0.7199  val_acc={1: 1.0, 2: 1.0, 3: 1.0}  elapsed=8499s  PASS
[real_seed2] pilot 2 step 100300  lr=3.31e-05  loss=0.8476  val_acc={1: 1.0, 2: 1.0, 3: 1.0}  elapsed=8508s  PASS
[real_seed2] pilot 2 step 100400  lr=3.28e-05  loss=0.8061  val_acc={1: 1.0, 2: 1.0, 3: 1.0}  elapsed=8515s  PASS
[real_seed2] pilot 2 step 100500  lr=3.25e-05  loss=0.7222  val_acc={1: 1.0, 2: 1.0, 3: 1.0}  elapsed=8523s  PASS
[real_seed2] pilot 2 step 100600  lr=3.23e-05  loss=0.8312  val_acc={1: 1.0, 2: 1.0, 3: 1.0}  elapsed=8531s  PASS
[real_seed2] pilot 2 step 100700  lr=3.20e-05  loss=0.8095  val_acc={1: 1.0, 2: 1.0, 3: 1.0}  elapsed=8542s  PASS
[real_seed2] pilot 2 step 100800  lr=3.18e-05  loss=0.7171  val_acc={1: 1.0, 2: 1.0, 3: 1.0}  elapsed=8551s  PASS
[real_seed2] pilot 2 step 100900  lr=3.16e-05  loss=0.8356  val_acc={1: 1.0, 2: 1.0, 3: 1.0}  elapsed=8560s  PASS
[real_seed2] pilot 2 step 101000  lr=3.14e-05  loss=0.8116  val_acc={1: 1.0, 2: 1.0, 3: 1.0}  elapsed=8572s  PASS
[real_seed2] pilot 2 step 101100  lr=3.12e-05  loss=0.7194  val_acc={1: 1.0, 2: 1.0, 3: 1.0}  elapsed=8582s  PASS
[real_seed2] pilot 2 step 101200  lr=3.10e-05  loss=0.8450  val_acc={1: 1.0, 2: 1.0, 3: 1.0}  elapsed=8588s  PASS
[real_seed2] pilot 2 step 101300  lr=3.08e-05  loss=0.8081  val_acc={1: 1.0, 2: 1.0, 3: 1.0}  elapsed=8596s  PASS
[real_seed2] pilot 2 step 101400  lr=3.07e-05  loss=0.7251  val_acc={1: 1.0, 2: 1.0, 3: 1.0}  elapsed=8603s  PASS
[real_seed2] pilot 2 step 101500  lr=3.06e-05  loss=0.8384  val_acc={1: 1.0, 2: 1.0, 3: 1.0}  elapsed=8612s  PASS
[real_seed2] pilot 2 step 101600  lr=3.04e-05  loss=0.8211  val_acc={1: 1.0, 2: 1.0, 3: 1.0}  elapsed=8621s  PASS
[real_seed2] pilot 2 step 101700  lr=3.03e-05  loss=0.7103  val_acc={1: 1.0, 2: 1.0, 3: 1.0}  elapsed=8629s  PASS
[real_seed2] pilot 2 step 101800  lr=3.03e-05  loss=0.8415  val_acc={1: 1.0, 2: 1.0, 3: 1.0}  elapsed=8638s  PASS
[real_seed2] pilot 2 step 101900  lr=3.02e-05  loss=0.8139  val_acc={1: 1.0, 2: 1.0, 3: 1.0}  elapsed=8647s  PASS
[real_seed2] pilot 2 step 102000  lr=3.01e-05  loss=0.7204  val_acc={1: 1.0, 2: 1.0, 3: 1.0}  elapsed=8655s  PASS
[real_seed2] pilot 2 step 102100  lr=3.01e-05  loss=0.8399  val_acc={1: 1.0, 2: 1.0, 3: 1.0}  elapsed=8665s  PASS
[real_seed2] pilot 2 step 102200  lr=3.00e-05  loss=0.8079  val_acc={1: 1.0, 2: 1.0, 3: 1.0}  elapsed=8672s  PASS
[real_seed2] pilot 2 step 102300  lr=3.00e-05  loss=0.7361  val_acc={1: 1.0, 2: 1.0, 3: 1.0}  elapsed=8680s  PASS
[real_seed2] pilot 2 step 102399  lr=3.00e-05  loss=0.8028  val_acc={1: 1.0, 2: 1.0, 3: 1.0}  elapsed=8689s  PASS
[real_seed2] pilot 2 stable from step 24800 onward (terminal check at 102399)
[real_seed2] pilot 2 causal_PR=25.353  query_PR=26.983
RESULT real_seed=2 regime=1 s_star=24800 causal_PR=25.3534 query_PR=26.9828
