[real_seed_r2_0] === real seed 0, Regime 2 (arms=('A', 'B1', 'B2', 'C', 'D')), rank=36, budget=102400 steps ===
[real_seed_r2_0] === pilot 0 start, rank=36, params=67625, cosine LR 0.003->3e-05 over 102400 steps, no early stopping ===
[real_seed_r2_0] pilot 0 step      0  lr=3.00e-03  loss=7.9959  val_acc={1: 0.086, 2: 0.0, 3: 0.0}  elapsed=3s    abstain_loss=0.6535  abstain_class_balance=0.000  abstain_head_acc=0.750
[real_seed_r2_0] pilot 0 step    100  lr=3.00e-03  loss=3.7599  val_acc={1: 1.0, 2: 1.0, 3: 0.969}  elapsed=11s  PASS  abstain_loss=0.6026  abstain_class_balance=0.000  abstain_head_acc=0.672
[real_seed_r2_0] pilot 0 step    200  lr=3.00e-03  loss=1.6206  val_acc={1: 1.0, 2: 1.0, 3: 1.0}  elapsed=19s  PASS  abstain_loss=0.1163  abstain_class_balance=0.000  abstain_head_acc=1.000
[real_seed_r2_0] pilot 0 step    300  lr=3.00e-03  loss=0.9403  val_acc={1: 1.0, 2: 1.0, 3: 1.0}  elapsed=27s  PASS  abstain_loss=0.0196  abstain_class_balance=0.000  abstain_head_acc=1.000
[real_seed_r2_0] pilot 0 step    400  lr=3.00e-03  loss=1.9803  val_acc={1: 1.0, 2: 1.0, 3: 0.992}  elapsed=35s  PASS  abstain_loss=0.0059  abstain_class_balance=0.000  abstain_head_acc=1.000
[real_seed_r2_0] pilot 0 step    500  lr=3.00e-03  loss=1.1505  val_acc={1: 1.0, 2: 1.0, 3: 0.992}  elapsed=43s  PASS  abstain_loss=0.0109  abstain_class_balance=0.000  abstain_head_acc=1.000
[real_seed_r2_0] pilot 0 step    600  lr=3.00e-03  loss=1.3874  val_acc={1: 1.0, 2: 1.0, 3: 0.992}  elapsed=50s  PASS  abstain_loss=0.3088  abstain_class_balance=0.000  abstain_head_acc=0.859
[real_seed_r2_0] pilot 0 step    700  lr=3.00e-03  loss=1.7202  val_acc={1: 1.0, 2: 1.0, 3: 0.992}  elapsed=57s  PASS  abstain_loss=0.0002  abstain_class_balance=0.000  abstain_head_acc=1.000
[real_seed_r2_0] pilot 0 step    800  lr=3.00e-03  loss=1.0740  val_acc={1: 1.0, 2: 1.0, 3: 0.992}  elapsed=66s  PASS  abstain_loss=0.0048  abstain_class_balance=0.000  abstain_head_acc=1.000
[real_seed_r2_0] pilot 0 step    900  lr=3.00e-03  loss=0.8049  val_acc={1: 1.0, 2: 1.0, 3: 0.992}  elapsed=75s  PASS  abstain_loss=0.0075  abstain_class_balance=0.000  abstain_head_acc=1.000
[real_seed_r2_0] pilot 0 step   1000  lr=3.00e-03  loss=1.3701  val_acc={1: 1.0, 2: 1.0, 3: 0.953}  elapsed=83s  PASS  abstain_loss=0.0003  abstain_class_balance=0.000  abstain_head_acc=1.000
[real_seed_r2_0] pilot 0 step   1100  lr=3.00e-03  loss=0.9773  val_acc={1: 1.0, 2: 1.0, 3: 0.898}  elapsed=92s    abstain_loss=0.0078  abstain_class_balance=0.000  abstain_head_acc=1.000
[real_seed_r2_0] pilot 0 step   1200  lr=3.00e-03  loss=0.7802  val_acc={1: 1.0, 2: 1.0, 3: 0.867}  elapsed=100s    abstain_loss=0.0042  abstain_class_balance=0.000  abstain_head_acc=1.000
[real_seed_r2_0] pilot 0 step   1300  lr=3.00e-03  loss=1.2493  val_acc={1: 1.0, 2: 0.992, 3: 0.711}  elapsed=109s    abstain_loss=0.0004  abstain_class_balance=0.000  abstain_head_acc=1.000
[real_seed_r2_0] pilot 0 step   1400  lr=3.00e-03  loss=0.9422  val_acc={1: 1.0, 2: 1.0, 3: 0.75}  elapsed=117s    abstain_loss=0.0045  abstain_class_balance=0.000  abstain_head_acc=1.000
[real_seed_r2_0] pilot 0 step   1500  lr=3.00e-03  loss=0.7701  val_acc={1: 1.0, 2: 1.0, 3: 0.812}  elapsed=125s    abstain_loss=0.0035  abstain_class_balance=0.000  abstain_head_acc=1.000
[real_seed_r2_0] pilot 0 step   1600  lr=3.00e-03  loss=1.1470  val_acc={1: 1.0, 2: 0.992, 3: 0.742}  elapsed=132s    abstain_loss=0.0002  abstain_class_balance=0.000  abstain_head_acc=1.000
[real_seed_r2_0] pilot 0 step   1700  lr=3.00e-03  loss=0.9014  val_acc={1: 1.0, 2: 1.0, 3: 0.836}  elapsed=140s    abstain_loss=0.0037  abstain_class_balance=0.000  abstain_head_acc=1.000
[real_seed_r2_0] pilot 0 step   1800  lr=3.00e-03  loss=0.7573  val_acc={1: 1.0, 2: 1.0, 3: 0.914}  elapsed=148s    abstain_loss=0.0027  abstain_class_balance=0.000  abstain_head_acc=1.000
[real_seed_r2_0] pilot 0 step   1900  lr=3.00e-03  loss=1.0549  val_acc={1: 1.0, 2: 1.0, 3: 0.906}  elapsed=159s    abstain_loss=0.0002  abstain_class_balance=0.000  abstain_head_acc=1.000
[real_seed_r2_0] pilot 0 step   2000  lr=3.00e-03  loss=0.8685  val_acc={1: 1.0, 2: 1.0, 3: 0.938}  elapsed=167s    abstain_loss=0.0023  abstain_class_balance=0.000  abstain_head_acc=1.000
[real_seed_r2_0] pilot 0 step   2100  lr=3.00e-03  loss=0.7456  val_acc={1: 1.0, 2: 1.0, 3: 1.0}  elapsed=176s  PASS  abstain_loss=0.0020  abstain_class_balance=0.000  abstain_head_acc=1.000
[real_seed_r2_0] pilot 0 step   2200  lr=3.00e-03  loss=0.9942  val_acc={1: 1.0, 2: 1.0, 3: 0.969}  elapsed=185s  PASS  abstain_loss=0.0001  abstain_class_balance=0.000  abstain_head_acc=1.000
[real_seed_r2_0] pilot 0 step   2300  lr=3.00e-03  loss=0.8634  val_acc={1: 1.0, 2: 1.0, 3: 0.945}  elapsed=193s    abstain_loss=0.0019  abstain_class_balance=0.000  abstain_head_acc=1.000
[real_seed_r2_0] pilot 0 step   2400  lr=3.00e-03  loss=0.7489  val_acc={1: 1.0, 2: 1.0, 3: 0.977}  elapsed=202s  PASS  abstain_loss=0.0021  abstain_class_balance=0.000  abstain_head_acc=1.000
[real_seed_r2_0] pilot 0 step   2500  lr=3.00e-03  loss=0.9627  val_acc={1: 1.0, 2: 1.0, 3: 0.914}  elapsed=210s    abstain_loss=0.0001  abstain_class_balance=0.000  abstain_head_acc=1.000
[real_seed_r2_0] pilot 0 step   2600  lr=3.00e-03  loss=0.8458  val_acc={1: 1.0, 2: 1.0, 3: 0.867}  elapsed=217s    abstain_loss=0.0014  abstain_class_balance=0.000  abstain_head_acc=1.000
[real_seed_r2_0] pilot 0 step   2700  lr=2.99e-03  loss=0.7437  val_acc={1: 1.0, 2: 1.0, 3: 0.906}  elapsed=225s    abstain_loss=0.0016  abstain_class_balance=0.000  abstain_head_acc=1.000
[real_seed_r2_0] pilot 0 step   2800  lr=2.99e-03  loss=1.2938  val_acc={1: 1.0, 2: 0.961, 3: 0.641}  elapsed=236s    abstain_loss=0.0003  abstain_class_balance=0.000  abstain_head_acc=1.000
[real_seed_r2_0] pilot 0 step   2900  lr=2.99e-03  loss=1.3803  val_acc={1: 1.0, 2: 1.0, 3: 0.984}  elapsed=247s  PASS  abstain_loss=0.1779  abstain_class_balance=0.000  abstain_head_acc=0.938
[real_seed_r2_0] pilot 0 step   3000  lr=2.99e-03  loss=0.8556  val_acc={1: 1.0, 2: 1.0, 3: 1.0}  elapsed=254s  PASS  abstain_loss=0.0033  abstain_class_balance=0.000  abstain_head_acc=1.000
[real_seed_r2_0] pilot 0 step   3100  lr=2.99e-03  loss=1.0656  val_acc={1: 1.0, 2: 1.0, 3: 1.0}  elapsed=262s  PASS  abstain_loss=0.0000  abstain_class_balance=0.000  abstain_head_acc=1.000
[real_seed_r2_0] pilot 0 step   3200  lr=2.99e-03  loss=0.9236  val_acc={1: 1.0, 2: 1.0, 3: 0.984}  elapsed=271s  PASS  abstain_loss=0.0004  abstain_class_balance=0.000  abstain_head_acc=1.000
[real_seed_r2_0] pilot 0 step   3300  lr=2.99e-03  loss=0.7762  val_acc={1: 1.0, 2: 1.0, 3: 1.0}  elapsed=279s  PASS  abstain_loss=0.0026  abstain_class_balance=0.000  abstain_head_acc=1.000
[real_seed_r2_0] pilot 0 step   3400  lr=2.99e-03  loss=0.9894  val_acc={1: 1.0, 2: 1.0, 3: 0.992}  elapsed=286s  PASS  abstain_loss=0.0000  abstain_class_balance=0.000  abstain_head_acc=1.000
[real_seed_r2_0] pilot 0 step   3500  lr=2.99e-03  loss=0.8893  val_acc={1: 1.0, 2: 1.0, 3: 0.992}  elapsed=294s  PASS  abstain_loss=0.0004  abstain_class_balance=0.000  abstain_head_acc=1.000
[real_seed_r2_0] pilot 0 step   3600  lr=2.99e-03  loss=0.7719  val_acc={1: 1.0, 2: 1.0, 3: 1.0}  elapsed=303s  PASS  abstain_loss=0.0048  abstain_class_balance=0.000  abstain_head_acc=1.000
[real_seed_r2_0] pilot 0 step   3700  lr=2.99e-03  loss=0.9495  val_acc={1: 1.0, 2: 1.0, 3: 1.0}  elapsed=311s  PASS  abstain_loss=0.0000  abstain_class_balance=0.000  abstain_head_acc=1.000
[real_seed_r2_0] pilot 0 step   3800  lr=2.99e-03  loss=0.8625  val_acc={1: 1.0, 2: 1.0, 3: 0.992}  elapsed=319s  PASS  abstain_loss=0.0006  abstain_class_balance=0.000  abstain_head_acc=1.000
[real_seed_r2_0] pilot 0 step   3900  lr=2.99e-03  loss=0.7670  val_acc={1: 1.0, 2: 1.0, 3: 0.992}  elapsed=328s  PASS  abstain_loss=0.0031  abstain_class_balance=0.000  abstain_head_acc=1.000
[real_seed_r2_0] pilot 0 step   4000  lr=2.99e-03  loss=0.9405  val_acc={1: 1.0, 2: 1.0, 3: 0.953}  elapsed=336s  PASS  abstain_loss=0.0000  abstain_class_balance=0.000  abstain_head_acc=1.000
[real_seed_r2_0] pilot 0 step   4100  lr=2.99e-03  loss=0.8517  val_acc={1: 1.0, 2: 1.0, 3: 0.914}  elapsed=347s    abstain_loss=0.0005  abstain_class_balance=0.000  abstain_head_acc=1.000
[real_seed_r2_0] pilot 0 step   4200  lr=2.99e-03  loss=0.7466  val_acc={1: 1.0, 2: 1.0, 3: 0.961}  elapsed=358s  PASS  abstain_loss=0.0022  abstain_class_balance=0.000  abstain_head_acc=1.000
[real_seed_r2_0] pilot 0 step   4300  lr=2.99e-03  loss=0.9118  val_acc={1: 1.0, 2: 1.0, 3: 0.914}  elapsed=370s    abstain_loss=0.0000  abstain_class_balance=0.000  abstain_head_acc=1.000
[real_seed_r2_0] pilot 0 step   4400  lr=2.99e-03  loss=0.8420  val_acc={1: 1.0, 2: 1.0, 3: 0.898}  elapsed=383s    abstain_loss=0.0004  abstain_class_balance=0.000  abstain_head_acc=1.000
[real_seed_r2_0] pilot 0 step   4500  lr=2.99e-03  loss=0.7409  val_acc={1: 1.0, 2: 1.0, 3: 0.953}  elapsed=393s  PASS  abstain_loss=0.0024  abstain_class_balance=0.000  abstain_head_acc=1.000
[real_seed_r2_0] pilot 0 step   4600  lr=2.99e-03  loss=0.8962  val_acc={1: 1.0, 2: 1.0, 3: 0.859}  elapsed=400s    abstain_loss=0.0000  abstain_class_balance=0.000  abstain_head_acc=1.000
[real_seed_r2_0] pilot 0 step   4700  lr=2.98e-03  loss=0.8396  val_acc={1: 1.0, 2: 1.0, 3: 0.875}  elapsed=409s    abstain_loss=0.0005  abstain_class_balance=0.000  abstain_head_acc=1.000
[real_seed_r2_0] pilot 0 step   4800  lr=2.98e-03  loss=0.7359  val_acc={1: 1.0, 2: 1.0, 3: 0.953}  elapsed=420s  PASS  abstain_loss=0.0019  abstain_class_balance=0.000  abstain_head_acc=1.000
[real_seed_r2_0] pilot 0 step   4900  lr=2.98e-03  loss=0.8790  val_acc={1: 1.0, 2: 1.0, 3: 0.883}  elapsed=427s    abstain_loss=0.0000  abstain_class_balance=0.000  abstain_head_acc=1.000
[real_seed_r2_0] pilot 0 step   5000  lr=2.98e-03  loss=0.8365  val_acc={1: 1.0, 2: 1.0, 3: 0.875}  elapsed=436s    abstain_loss=0.0006  abstain_class_balance=0.000  abstain_head_acc=1.000
[real_seed_r2_0] pilot 0 step   5100  lr=2.98e-03  loss=0.7396  val_acc={1: 1.0, 2: 1.0, 3: 0.898}  elapsed=444s    abstain_loss=0.0019  abstain_class_balance=0.000  abstain_head_acc=1.000
[real_seed_r2_0] pilot 0 step   5200  lr=2.98e-03  loss=0.8768  val_acc={1: 1.0, 2: 1.0, 3: 0.852}  elapsed=453s    abstain_loss=0.0000  abstain_class_balance=0.000  abstain_head_acc=1.000
[real_seed_r2_0] pilot 0 step   5300  lr=2.98e-03  loss=0.8301  val_acc={1: 1.0, 2: 1.0, 3: 0.859}  elapsed=460s    abstain_loss=0.0006  abstain_class_balance=0.000  abstain_head_acc=1.000
[real_seed_r2_0] pilot 0 step   5400  lr=2.98e-03  loss=0.7401  val_acc={1: 1.0, 2: 1.0, 3: 0.922}  elapsed=469s    abstain_loss=0.0018  abstain_class_balance=0.000  abstain_head_acc=1.000
[real_seed_r2_0] pilot 0 step   5500  lr=2.98e-03  loss=0.8799  val_acc={1: 1.0, 2: 1.0, 3: 0.82}  elapsed=476s    abstain_loss=0.0000  abstain_class_balance=0.000  abstain_head_acc=1.000
[real_seed_r2_0] pilot 0 step   5600  lr=2.98e-03  loss=0.8343  val_acc={1: 1.0, 2: 1.0, 3: 0.82}  elapsed=485s    abstain_loss=0.0005  abstain_class_balance=0.000  abstain_head_acc=1.000
[real_seed_r2_0] pilot 0 step   5700  lr=2.98e-03  loss=0.7355  val_acc={1: 1.0, 2: 1.0, 3: 0.922}  elapsed=493s    abstain_loss=0.0016  abstain_class_balance=0.000  abstain_head_acc=1.000
[real_seed_r2_0] pilot 0 step   5800  lr=2.98e-03  loss=0.8650  val_acc={1: 1.0, 2: 1.0, 3: 0.836}  elapsed=502s    abstain_loss=0.0000  abstain_class_balance=0.000  abstain_head_acc=1.000
[real_seed_r2_0] pilot 0 step   5900  lr=2.98e-03  loss=0.8177  val_acc={1: 1.0, 2: 1.0, 3: 0.867}  elapsed=511s    abstain_loss=0.0006  abstain_class_balance=0.000  abstain_head_acc=1.000
[real_seed_r2_0] pilot 0 step   6000  lr=2.97e-03  loss=0.7381  val_acc={1: 1.0, 2: 1.0, 3: 0.953}  elapsed=521s  PASS  abstain_loss=0.0016  abstain_class_balance=0.000  abstain_head_acc=1.000
[real_seed_r2_0] pilot 0 step   6100  lr=2.97e-03  loss=0.8568  val_acc={1: 1.0, 2: 1.0, 3: 0.859}  elapsed=533s    abstain_loss=0.0000  abstain_class_balance=0.000  abstain_head_acc=1.000
[real_seed_r2_0] pilot 0 step   6200  lr=2.97e-03  loss=0.8326  val_acc={1: 1.0, 2: 1.0, 3: 0.844}  elapsed=542s    abstain_loss=0.0005  abstain_class_balance=0.000  abstain_head_acc=1.000
[real_seed_r2_0] pilot 0 step   6300  lr=2.97e-03  loss=0.7407  val_acc={1: 1.0, 2: 1.0, 3: 0.906}  elapsed=551s    abstain_loss=0.0013  abstain_class_balance=0.000  abstain_head_acc=1.000
[real_seed_r2_0] pilot 0 step   6400  lr=2.97e-03  loss=0.8727  val_acc={1: 1.0, 2: 1.0, 3: 0.852}  elapsed=558s    abstain_loss=0.0000  abstain_class_balance=0.000  abstain_head_acc=1.000
[real_seed_r2_0] pilot 0 step   6500  lr=2.97e-03  loss=0.8264  val_acc={1: 1.0, 2: 1.0, 3: 0.875}  elapsed=566s    abstain_loss=0.0005  abstain_class_balance=0.000  abstain_head_acc=1.000
[real_seed_r2_0] pilot 0 step   6600  lr=2.97e-03  loss=0.7356  val_acc={1: 1.0, 2: 1.0, 3: 0.93}  elapsed=576s    abstain_loss=0.0013  abstain_class_balance=0.000  abstain_head_acc=1.000
[real_seed_r2_0] pilot 0 step   6700  lr=2.97e-03  loss=0.8533  val_acc={1: 1.0, 2: 1.0, 3: 0.867}  elapsed=585s    abstain_loss=0.0000  abstain_class_balance=0.000  abstain_head_acc=1.000
[real_seed_r2_0] pilot 0 step   6800  lr=2.97e-03  loss=0.8060  val_acc={1: 1.0, 2: 1.0, 3: 0.883}  elapsed=593s    abstain_loss=0.0004  abstain_class_balance=0.000  abstain_head_acc=1.000
[real_seed_r2_0] pilot 0 step   6900  lr=2.97e-03  loss=0.7212  val_acc={1: 1.0, 2: 1.0, 3: 0.938}  elapsed=602s    abstain_loss=0.0011  abstain_class_balance=0.000  abstain_head_acc=1.000
[real_seed_r2_0] pilot 0 step   7000  lr=2.97e-03  loss=0.8513  val_acc={1: 1.0, 2: 1.0, 3: 0.898}  elapsed=609s    abstain_loss=0.0000  abstain_class_balance=0.000  abstain_head_acc=1.000
[real_seed_r2_0] pilot 0 step   7100  lr=2.96e-03  loss=0.8212  val_acc={1: 1.0, 2: 1.0, 3: 0.875}  elapsed=618s    abstain_loss=0.0004  abstain_class_balance=0.000  abstain_head_acc=1.000
[real_seed_r2_0] pilot 0 step   7200  lr=2.96e-03  loss=0.7314  val_acc={1: 1.0, 2: 1.0, 3: 0.977}  elapsed=627s  PASS  abstain_loss=0.0010  abstain_class_balance=0.000  abstain_head_acc=1.000
[real_seed_r2_0] pilot 0 step   7300  lr=2.96e-03  loss=0.8542  val_acc={1: 1.0, 2: 1.0, 3: 0.867}  elapsed=635s    abstain_loss=0.0000  abstain_class_balance=0.000  abstain_head_acc=1.000
[real_seed_r2_0] pilot 0 step   7400  lr=2.96e-03  loss=0.8149  val_acc={1: 1.0, 2: 1.0, 3: 0.906}  elapsed=646s    abstain_loss=0.0003  abstain_class_balance=0.000  abstain_head_acc=1.000
[real_seed_r2_0] pilot 0 step   7500  lr=2.96e-03  loss=1.1326  val_acc={1: 1.0, 2: 1.0, 3: 1.0}  elapsed=654s  PASS  abstain_loss=0.0047  abstain_class_balance=0.000  abstain_head_acc=1.000
[real_seed_r2_0] pilot 0 step   7600  lr=2.96e-03  loss=1.1817  val_acc={1: 1.0, 2: 1.0, 3: 1.0}  elapsed=663s  PASS  abstain_loss=0.0000  abstain_class_balance=0.000  abstain_head_acc=1.000
[real_seed_r2_0] pilot 0 step   7700  lr=2.96e-03  loss=1.0166  val_acc={1: 1.0, 2: 1.0, 3: 1.0}  elapsed=670s  PASS  abstain_loss=0.0002  abstain_class_balance=0.000  abstain_head_acc=1.000
[real_seed_r2_0] pilot 0 step   7800  lr=2.96e-03  loss=0.8646  val_acc={1: 1.0, 2: 1.0, 3: 1.0}  elapsed=679s  PASS  abstain_loss=0.0022  abstain_class_balance=0.000  abstain_head_acc=1.000
[real_seed_r2_0] pilot 0 step   7900  lr=2.96e-03  loss=1.0174  val_acc={1: 1.0, 2: 1.0, 3: 1.0}  elapsed=688s  PASS  abstain_loss=0.0000  abstain_class_balance=0.000  abstain_head_acc=1.000
[real_seed_r2_0] pilot 0 step   8000  lr=2.96e-03  loss=0.9367  val_acc={1: 1.0, 2: 1.0, 3: 1.0}  elapsed=698s  PASS  abstain_loss=0.0000  abstain_class_balance=0.000  abstain_head_acc=1.000
[real_seed_r2_0] pilot 0 step   8100  lr=2.95e-03  loss=0.8375  val_acc={1: 1.0, 2: 1.0, 3: 1.0}  elapsed=705s  PASS  abstain_loss=0.0030  abstain_class_balance=0.000  abstain_head_acc=1.000
[real_seed_r2_0] pilot 0 step   8200  lr=2.95e-03  loss=0.9386  val_acc={1: 1.0, 2: 1.0, 3: 1.0}  elapsed=715s  PASS  abstain_loss=0.0000  abstain_class_balance=0.000  abstain_head_acc=1.000
[real_seed_r2_0] pilot 0 step   8300  lr=2.95e-03  loss=0.9026  val_acc={1: 1.0, 2: 1.0, 3: 1.0}  elapsed=727s  PASS  abstain_loss=0.0008  abstain_class_balance=0.000  abstain_head_acc=1.000
[real_seed_r2_0] pilot 0 step   8400  lr=2.95e-03  loss=0.8167  val_acc={1: 1.0, 2: 1.0, 3: 1.0}  elapsed=739s  PASS  abstain_loss=0.0030  abstain_class_balance=0.000  abstain_head_acc=1.000
[real_seed_r2_0] pilot 0 step   8500  lr=2.95e-03  loss=0.9241  val_acc={1: 1.0, 2: 1.0, 3: 1.0}  elapsed=746s  PASS  abstain_loss=0.0000  abstain_class_balance=0.000  abstain_head_acc=1.000
[real_seed_r2_0] pilot 0 step   8600  lr=2.95e-03  loss=0.8878  val_acc={1: 1.0, 2: 1.0, 3: 1.0}  elapsed=753s  PASS  abstain_loss=0.0000  abstain_class_balance=0.000  abstain_head_acc=1.000
[real_seed_r2_0] pilot 0 step   8700  lr=2.95e-03  loss=0.8402  val_acc={1: 1.0, 2: 1.0, 3: 1.0}  elapsed=762s  PASS  abstain_loss=0.0075  abstain_class_balance=0.000  abstain_head_acc=1.000
[real_seed_r2_0] pilot 0 step   8800  lr=2.95e-03  loss=0.9552  val_acc={1: 1.0, 2: 1.0, 3: 1.0}  elapsed=771s  PASS  abstain_loss=0.0000  abstain_class_balance=0.000  abstain_head_acc=1.000
[real_seed_r2_0] pilot 0 step   8900  lr=2.94e-03  loss=0.8954  val_acc={1: 1.0, 2: 1.0, 3: 1.0}  elapsed=779s  PASS  abstain_loss=0.0000  abstain_class_balance=0.000  abstain_head_acc=1.000
[real_seed_r2_0] pilot 0 step   9000  lr=2.94e-03  loss=0.8023  val_acc={1: 1.0, 2: 1.0, 3: 1.0}  elapsed=788s  PASS  abstain_loss=0.0062  abstain_class_balance=0.000  abstain_head_acc=1.000
[real_seed_r2_0] pilot 0 step   9100  lr=2.94e-03  loss=0.9358  val_acc={1: 1.0, 2: 1.0, 3: 1.0}  elapsed=796s  PASS  abstain_loss=0.0000  abstain_class_balance=0.000  abstain_head_acc=1.000
[real_seed_r2_0] pilot 0 step   9200  lr=2.94e-03  loss=0.8813  val_acc={1: 1.0, 2: 1.0, 3: 1.0}  elapsed=805s  PASS  abstain_loss=0.0000  abstain_class_balance=0.000  abstain_head_acc=1.000
[real_seed_r2_0] pilot 0 step   9300  lr=2.94e-03  loss=0.7732  val_acc={1: 1.0, 2: 1.0, 3: 1.0}  elapsed=814s  PASS  abstain_loss=0.0023  abstain_class_balance=0.000  abstain_head_acc=1.000
[real_seed_r2_0] pilot 0 step   9400  lr=2.94e-03  loss=0.8908  val_acc={1: 1.0, 2: 1.0, 3: 1.0}  elapsed=823s  PASS  abstain_loss=0.0000  abstain_class_balance=0.000  abstain_head_acc=1.000
[real_seed_r2_0] pilot 0 step   9500  lr=2.94e-03  loss=0.8478  val_acc={1: 1.0, 2: 1.0, 3: 1.0}  elapsed=833s  PASS  abstain_loss=0.0000  abstain_class_balance=0.000  abstain_head_acc=1.000
[real_seed_r2_0] pilot 0 step   9600  lr=2.94e-03  loss=0.7720  val_acc={1: 1.0, 2: 1.0, 3: 1.0}  elapsed=840s  PASS  abstain_loss=0.0025  abstain_class_balance=0.000  abstain_head_acc=1.000
[real_seed_r2_0] pilot 0 step   9700  lr=2.93e-03  loss=0.8810  val_acc={1: 1.0, 2: 1.0, 3: 1.0}  elapsed=848s  PASS  abstain_loss=0.0000  abstain_class_balance=0.000  abstain_head_acc=1.000
[real_seed_r2_0] pilot 0 step   9800  lr=2.93e-03  loss=0.8516  val_acc={1: 1.0, 2: 1.0, 3: 1.0}  elapsed=855s  PASS  abstain_loss=0.0000  abstain_class_balance=0.000  abstain_head_acc=1.000
[real_seed_r2_0] pilot 0 step   9900  lr=2.93e-03  loss=0.7619  val_acc={1: 1.0, 2: 1.0, 3: 1.0}  elapsed=865s  PASS  abstain_loss=0.0015  abstain_class_balance=0.000  abstain_head_acc=1.000
[real_seed_r2_0] pilot 0 step  10000  lr=2.93e-03  loss=0.8750  val_acc={1: 1.0, 2: 1.0, 3: 1.0}  elapsed=873s  PASS  abstain_loss=0.0000  abstain_class_balance=0.000  abstain_head_acc=1.000
[real_seed_r2_0] pilot 0 step  10100  lr=2.93e-03  loss=0.8338  val_acc={1: 1.0, 2: 1.0, 3: 1.0}  elapsed=884s  PASS  abstain_loss=0.0000  abstain_class_balance=0.000  abstain_head_acc=1.000
[real_seed_r2_0] pilot 0 step  10200  lr=2.93e-03  loss=0.7633  val_acc={1: 1.0, 2: 1.0, 3: 1.0}  elapsed=891s  PASS  abstain_loss=0.0066  abstain_class_balance=0.000  abstain_head_acc=1.000
[real_seed_r2_0] pilot 0 step  10300  lr=2.93e-03  loss=0.8806  val_acc={1: 1.0, 2: 1.0, 3: 1.0}  elapsed=900s  PASS  abstain_loss=0.0000  abstain_class_balance=0.000  abstain_head_acc=1.000
[real_seed_r2_0] pilot 0 step  10400  lr=2.93e-03  loss=0.8419  val_acc={1: 1.0, 2: 1.0, 3: 1.0}  elapsed=908s  PASS  abstain_loss=0.0000  abstain_class_balance=0.000  abstain_head_acc=1.000
[real_seed_r2_0] pilot 0 step  10500  lr=2.92e-03  loss=0.7587  val_acc={1: 1.0, 2: 1.0, 3: 1.0}  elapsed=917s  PASS  abstain_loss=0.0022  abstain_class_balance=0.000  abstain_head_acc=1.000
[real_seed_r2_0] pilot 0 step  10600  lr=2.92e-03  loss=0.8682  val_acc={1: 1.0, 2: 1.0, 3: 1.0}  elapsed=925s  PASS  abstain_loss=0.0000  abstain_class_balance=0.000  abstain_head_acc=1.000
[real_seed_r2_0] pilot 0 step  10700  lr=2.92e-03  loss=1.4304  val_acc={1: 1.0, 2: 1.0, 3: 1.0}  elapsed=932s  PASS  abstain_loss=0.0057  abstain_class_balance=0.000  abstain_head_acc=1.000
[real_seed_r2_0] pilot 0 step  10800  lr=2.92e-03  loss=0.9561  val_acc={1: 1.0, 2: 1.0, 3: 1.0}  elapsed=940s  PASS  abstain_loss=0.0003  abstain_class_balance=0.000  abstain_head_acc=1.000
[real_seed_r2_0] pilot 0 step  10900  lr=2.92e-03  loss=1.0000  val_acc={1: 1.0, 2: 1.0, 3: 1.0}  elapsed=948s  PASS  abstain_loss=0.0000  abstain_class_balance=0.000  abstain_head_acc=1.000
[real_seed_r2_0] pilot 0 step  11000  lr=2.92e-03  loss=0.9337  val_acc={1: 1.0, 2: 1.0, 3: 1.0}  elapsed=955s  PASS  abstain_loss=0.0005  abstain_class_balance=0.000  abstain_head_acc=1.000
[real_seed_r2_0] pilot 0 step  11100  lr=2.91e-03  loss=0.8718  val_acc={1: 1.0, 2: 1.0, 3: 1.0}  elapsed=966s  PASS  abstain_loss=0.0001  abstain_class_balance=0.000  abstain_head_acc=1.000
[real_seed_r2_0] pilot 0 step  11200  lr=2.91e-03  loss=0.9605  val_acc={1: 1.0, 2: 1.0, 3: 1.0}  elapsed=975s  PASS  abstain_loss=0.0000  abstain_class_balance=0.000  abstain_head_acc=1.000
[real_seed_r2_0] pilot 0 step  11300  lr=2.91e-03  loss=0.9352  val_acc={1: 1.0, 2: 1.0, 3: 1.0}  elapsed=983s  PASS  abstain_loss=0.0000  abstain_class_balance=0.000  abstain_head_acc=1.000
[real_seed_r2_0] pilot 0 step  11400  lr=2.91e-03  loss=0.8088  val_acc={1: 1.0, 2: 1.0, 3: 1.0}  elapsed=990s  PASS  abstain_loss=0.0002  abstain_class_balance=0.000  abstain_head_acc=1.000
[real_seed_r2_0] pilot 0 step  11500  lr=2.91e-03  loss=0.9214  val_acc={1: 1.0, 2: 1.0, 3: 1.0}  elapsed=999s  PASS  abstain_loss=0.0000  abstain_class_balance=0.000  abstain_head_acc=1.000
[real_seed_r2_0] pilot 0 step  11600  lr=2.91e-03  loss=0.8819  val_acc={1: 1.0, 2: 1.0, 3: 1.0}  elapsed=1007s  PASS  abstain_loss=0.0000  abstain_class_balance=0.000  abstain_head_acc=1.000
[real_seed_r2_0] pilot 0 step  11700  lr=2.91e-03  loss=0.7800  val_acc={1: 1.0, 2: 1.0, 3: 1.0}  elapsed=1016s  PASS  abstain_loss=0.0008  abstain_class_balance=0.000  abstain_head_acc=1.000
[real_seed_r2_0] pilot 0 step  11800  lr=2.90e-03  loss=0.8964  val_acc={1: 1.0, 2: 1.0, 3: 1.0}  elapsed=1024s  PASS  abstain_loss=0.0000  abstain_class_balance=0.000  abstain_head_acc=1.000
[real_seed_r2_0] pilot 0 step  11900  lr=2.90e-03  loss=0.8640  val_acc={1: 1.0, 2: 1.0, 3: 1.0}  elapsed=1032s  PASS  abstain_loss=0.0000  abstain_class_balance=0.000  abstain_head_acc=1.000
[real_seed_r2_0] pilot 0 step  12000  lr=2.90e-03  loss=0.7703  val_acc={1: 1.0, 2: 1.0, 3: 1.0}  elapsed=1040s  PASS  abstain_loss=0.0023  abstain_class_balance=0.000  abstain_head_acc=1.000
[real_seed_r2_0] pilot 0 step  12100  lr=2.90e-03  loss=0.8886  val_acc={1: 1.0, 2: 1.0, 3: 1.0}  elapsed=1048s  PASS  abstain_loss=0.0000  abstain_class_balance=0.000  abstain_head_acc=1.000
[real_seed_r2_0] pilot 0 step  12200  lr=2.90e-03  loss=0.8584  val_acc={1: 1.0, 2: 1.0, 3: 1.0}  elapsed=1058s  PASS  abstain_loss=0.0000  abstain_class_balance=0.000  abstain_head_acc=1.000
[real_seed_r2_0] pilot 0 step  12300  lr=2.90e-03  loss=0.7536  val_acc={1: 1.0, 2: 1.0, 3: 1.0}  elapsed=1067s  PASS  abstain_loss=0.0004  abstain_class_balance=0.000  abstain_head_acc=1.000
[real_seed_r2_0] pilot 0 step  12400  lr=2.89e-03  loss=0.8706  val_acc={1: 1.0, 2: 1.0, 3: 1.0}  elapsed=1076s  PASS  abstain_loss=0.0000  abstain_class_balance=0.000  abstain_head_acc=1.000
[real_seed_r2_0] pilot 0 step  12500  lr=2.89e-03  loss=1.0518  val_acc={1: 1.0, 2: 1.0, 3: 1.0}  elapsed=1085s  PASS  abstain_loss=0.0017  abstain_class_balance=0.000  abstain_head_acc=1.000
[real_seed_r2_0] pilot 0 step  12600  lr=2.89e-03  loss=0.8379  val_acc={1: 1.0, 2: 1.0, 3: 1.0}  elapsed=1094s  PASS  abstain_loss=0.0001  abstain_class_balance=0.000  abstain_head_acc=1.000
[real_seed_r2_0] pilot 0 step  12700  lr=2.89e-03  loss=0.9360  val_acc={1: 1.0, 2: 1.0, 3: 1.0}  elapsed=1102s  PASS  abstain_loss=0.0000  abstain_class_balance=0.000  abstain_head_acc=1.000
[real_seed_r2_0] pilot 0 step  12800  lr=2.89e-03  loss=0.9083  val_acc={1: 1.0, 2: 1.0, 3: 1.0}  elapsed=1114s  PASS  abstain_loss=0.0001  abstain_class_balance=0.000  abstain_head_acc=1.000
[real_seed_r2_0] pilot 0 step  12900  lr=2.89e-03  loss=0.8246  val_acc={1: 1.0, 2: 1.0, 3: 1.0}  elapsed=1121s  PASS  abstain_loss=0.0001  abstain_class_balance=0.000  abstain_head_acc=1.000
[real_seed_r2_0] pilot 0 step  13000  lr=2.88e-03  loss=0.9324  val_acc={1: 1.0, 2: 1.0, 3: 1.0}  elapsed=1130s  PASS  abstain_loss=0.0000  abstain_class_balance=0.000  abstain_head_acc=1.000
[real_seed_r2_0] pilot 0 step  13100  lr=2.88e-03  loss=0.8742  val_acc={1: 1.0, 2: 1.0, 3: 1.0}  elapsed=1137s  PASS  abstain_loss=0.0000  abstain_class_balance=0.000  abstain_head_acc=1.000
[real_seed_r2_0] pilot 0 step  13200  lr=2.88e-03  loss=0.7869  val_acc={1: 1.0, 2: 1.0, 3: 1.0}  elapsed=1145s  PASS  abstain_loss=0.0001  abstain_class_balance=0.000  abstain_head_acc=1.000
[real_seed_r2_0] pilot 0 step  13300  lr=2.88e-03  loss=0.9037  val_acc={1: 1.0, 2: 1.0, 3: 1.0}  elapsed=1153s  PASS  abstain_loss=0.0000  abstain_class_balance=0.000  abstain_head_acc=1.000
[real_seed_r2_0] pilot 0 step  13400  lr=2.88e-03  loss=0.9013  val_acc={1: 1.0, 2: 1.0, 3: 1.0}  elapsed=1162s  PASS  abstain_loss=0.0000  abstain_class_balance=0.000  abstain_head_acc=1.000
[real_seed_r2_0] pilot 0 step  13500  lr=2.87e-03  loss=0.8169  val_acc={1: 1.0, 2: 1.0, 3: 1.0}  elapsed=1170s  PASS  abstain_loss=0.0000  abstain_class_balance=0.000  abstain_head_acc=1.000
[real_seed_r2_0] pilot 0 step  13600  lr=2.87e-03  loss=0.9386  val_acc={1: 1.0, 2: 1.0, 3: 1.0}  elapsed=1179s  PASS  abstain_loss=0.0000  abstain_class_balance=0.000  abstain_head_acc=1.000
[real_seed_r2_0] pilot 0 step  13700  lr=2.87e-03  loss=0.8874  val_acc={1: 1.0, 2: 1.0, 3: 1.0}  elapsed=1187s  PASS  abstain_loss=0.0000  abstain_class_balance=0.000  abstain_head_acc=1.000
[real_seed_r2_0] pilot 0 step  13800  lr=2.87e-03  loss=0.7876  val_acc={1: 1.0, 2: 1.0, 3: 1.0}  elapsed=1196s  PASS  abstain_loss=0.0001  abstain_class_balance=0.000  abstain_head_acc=1.000
[real_seed_r2_0] pilot 0 step  13900  lr=2.87e-03  loss=0.9010  val_acc={1: 1.0, 2: 1.0, 3: 1.0}  elapsed=1204s  PASS  abstain_loss=0.0000  abstain_class_balance=0.000  abstain_head_acc=1.000
[real_seed_r2_0] pilot 0 step  14000  lr=2.87e-03  loss=0.8586  val_acc={1: 1.0, 2: 1.0, 3: 1.0}  elapsed=1212s  PASS  abstain_loss=0.0000  abstain_class_balance=0.000  abstain_head_acc=1.000
[real_seed_r2_0] pilot 0 step  14100  lr=2.86e-03  loss=0.7731  val_acc={1: 1.0, 2: 1.0, 3: 1.0}  elapsed=1220s  PASS  abstain_loss=0.0005  abstain_class_balance=0.000  abstain_head_acc=1.000
[real_seed_r2_0] pilot 0 step  14200  lr=2.86e-03  loss=0.8784  val_acc={1: 1.0, 2: 1.0, 3: 1.0}  elapsed=1229s  PASS  abstain_loss=0.0000  abstain_class_balance=0.000  abstain_head_acc=1.000
[real_seed_r2_0] pilot 0 step  14300  lr=2.86e-03  loss=0.8439  val_acc={1: 1.0, 2: 1.0, 3: 1.0}  elapsed=1238s  PASS  abstain_loss=0.0000  abstain_class_balance=0.000  abstain_head_acc=1.000
[real_seed_r2_0] pilot 0 step  14400  lr=2.86e-03  loss=0.7800  val_acc={1: 1.0, 2: 1.0, 3: 1.0}  elapsed=1247s  PASS  abstain_loss=0.0293  abstain_class_balance=0.000  abstain_head_acc=0.984
[real_seed_r2_0] pilot 0 step  14500  lr=2.86e-03  loss=0.8819  val_acc={1: 1.0, 2: 1.0, 3: 1.0}  elapsed=1255s  PASS  abstain_loss=0.0000  abstain_class_balance=0.000  abstain_head_acc=1.000
[real_seed_r2_0] pilot 0 step  14600  lr=2.85e-03  loss=0.8414  val_acc={1: 1.0, 2: 1.0, 3: 1.0}  elapsed=1264s  PASS  abstain_loss=0.0000  abstain_class_balance=0.000  abstain_head_acc=1.000
[real_seed_r2_0] pilot 0 step  14700  lr=2.85e-03  loss=0.7577  val_acc={1: 1.0, 2: 1.0, 3: 1.0}  elapsed=1273s  PASS  abstain_loss=0.0014  abstain_class_balance=0.000  abstain_head_acc=1.000
[real_seed_r2_0] pilot 0 step  14800  lr=2.85e-03  loss=0.8640  val_acc={1: 1.0, 2: 1.0, 3: 1.0}  elapsed=1281s  PASS  abstain_loss=0.0000  abstain_class_balance=0.000  abstain_head_acc=1.000
[real_seed_r2_0] pilot 0 step  14900  lr=2.85e-03  loss=0.8306  val_acc={1: 1.0, 2: 1.0, 3: 1.0}  elapsed=1289s  PASS  abstain_loss=0.0000  abstain_class_balance=0.000  abstain_head_acc=1.000
[real_seed_r2_0] pilot 0 step  15000  lr=2.85e-03  loss=0.7421  val_acc={1: 1.0, 2: 1.0, 3: 1.0}  elapsed=1297s  PASS  abstain_loss=0.0007  abstain_class_balance=0.000  abstain_head_acc=1.000
[real_seed_r2_0] pilot 0 step  15100  lr=2.84e-03  loss=0.8512  val_acc={1: 1.0, 2: 1.0, 3: 1.0}  elapsed=1305s  PASS  abstain_loss=0.0000  abstain_class_balance=0.000  abstain_head_acc=1.000
[real_seed_r2_0] pilot 0 step  15200  lr=2.84e-03  loss=0.8301  val_acc={1: 1.0, 2: 1.0, 3: 1.0}  elapsed=1314s  PASS  abstain_loss=0.0000  abstain_class_balance=0.000  abstain_head_acc=1.000
[real_seed_r2_0] pilot 0 step  15300  lr=2.84e-03  loss=0.7533  val_acc={1: 1.0, 2: 1.0, 3: 1.0}  elapsed=1321s  PASS  abstain_loss=0.0004  abstain_class_balance=0.000  abstain_head_acc=1.000
[real_seed_r2_0] pilot 0 step  15400  lr=2.84e-03  loss=0.8657  val_acc={1: 1.0, 2: 1.0, 3: 1.0}  elapsed=1329s  PASS  abstain_loss=0.0000  abstain_class_balance=0.000  abstain_head_acc=1.000
[real_seed_r2_0] pilot 0 step  15500  lr=2.84e-03  loss=0.8341  val_acc={1: 1.0, 2: 1.0, 3: 1.0}  elapsed=1337s  PASS  abstain_loss=0.0000  abstain_class_balance=0.000  abstain_head_acc=1.000
[real_seed_r2_0] pilot 0 step  15600  lr=2.83e-03  loss=0.7316  val_acc={1: 1.0, 2: 1.0, 3: 1.0}  elapsed=1346s  PASS  abstain_loss=0.0063  abstain_class_balance=0.000  abstain_head_acc=1.000
[real_seed_r2_0] pilot 0 step  15700  lr=2.83e-03  loss=0.8507  val_acc={1: 1.0, 2: 1.0, 3: 1.0}  elapsed=1355s  PASS  abstain_loss=0.0000  abstain_class_balance=0.000  abstain_head_acc=1.000
[real_seed_r2_0] pilot 0 step  15800  lr=2.83e-03  loss=0.8239  val_acc={1: 1.0, 2: 1.0, 3: 1.0}  elapsed=1364s  PASS  abstain_loss=0.0000  abstain_class_balance=0.000  abstain_head_acc=1.000
[real_seed_r2_0] pilot 0 step  15900  lr=2.83e-03  loss=0.7474  val_acc={1: 1.0, 2: 1.0, 3: 1.0}  elapsed=1372s  PASS  abstain_loss=0.0037  abstain_class_balance=0.000  abstain_head_acc=1.000
[real_seed_r2_0] pilot 0 step  16000  lr=2.82e-03  loss=0.8538  val_acc={1: 1.0, 2: 1.0, 3: 1.0}  elapsed=1380s  PASS  abstain_loss=0.0000  abstain_class_balance=0.000  abstain_head_acc=1.000
[real_seed_r2_0] pilot 0 step  16100  lr=2.82e-03  loss=0.8301  val_acc={1: 1.0, 2: 1.0, 3: 1.0}  elapsed=1390s  PASS  abstain_loss=0.0000  abstain_class_balance=0.000  abstain_head_acc=1.000
[real_seed_r2_0] pilot 0 step  16200  lr=2.82e-03  loss=0.7302  val_acc={1: 1.0, 2: 1.0, 3: 1.0}  elapsed=1399s  PASS  abstain_loss=0.0004  abstain_class_balance=0.000  abstain_head_acc=1.000
[real_seed_r2_0] pilot 0 step  16300  lr=2.82e-03  loss=0.8671  val_acc={1: 1.0, 2: 1.0, 3: 1.0}  elapsed=1407s  PASS  abstain_loss=0.0000  abstain_class_balance=0.000  abstain_head_acc=1.000
[real_seed_r2_0] pilot 0 step  16400  lr=2.82e-03  loss=0.8295  val_acc={1: 1.0, 2: 1.0, 3: 1.0}  elapsed=1415s  PASS  abstain_loss=0.0000  abstain_class_balance=0.000  abstain_head_acc=1.000
[real_seed_r2_0] pilot 0 step  16500  lr=2.81e-03  loss=0.7258  val_acc={1: 1.0, 2: 1.0, 3: 1.0}  elapsed=1425s  PASS  abstain_loss=0.0002  abstain_class_balance=0.000  abstain_head_acc=1.000
[real_seed_r2_0] pilot 0 step  16600  lr=2.81e-03  loss=0.8544  val_acc={1: 1.0, 2: 1.0, 3: 1.0}  elapsed=1437s  PASS  abstain_loss=0.0000  abstain_class_balance=0.000  abstain_head_acc=1.000
[real_seed_r2_0] pilot 0 step  16700  lr=2.81e-03  loss=0.8238  val_acc={1: 1.0, 2: 1.0, 3: 1.0}  elapsed=1450s  PASS  abstain_loss=0.0000  abstain_class_balance=0.000  abstain_head_acc=1.000
[real_seed_r2_0] pilot 0 step  16800  lr=2.81e-03  loss=0.7393  val_acc={1: 1.0, 2: 1.0, 3: 1.0}  elapsed=1461s  PASS  abstain_loss=0.0041  abstain_class_balance=0.000  abstain_head_acc=1.000
[real_seed_r2_0] pilot 0 step  16900  lr=2.80e-03  loss=0.8524  val_acc={1: 1.0, 2: 1.0, 3: 1.0}  elapsed=1468s  PASS  abstain_loss=0.0000  abstain_class_balance=0.000  abstain_head_acc=1.000
[real_seed_r2_0] pilot 0 step  17000  lr=2.80e-03  loss=0.8234  val_acc={1: 1.0, 2: 1.0, 3: 1.0}  elapsed=1475s  PASS  abstain_loss=0.0000  abstain_class_balance=0.000  abstain_head_acc=1.000
[real_seed_r2_0] pilot 0 step  17100  lr=2.80e-03  loss=0.8328  val_acc={1: 1.0, 2: 1.0, 3: 1.0}  elapsed=1483s  PASS  abstain_loss=0.0076  abstain_class_balance=0.000  abstain_head_acc=1.000
[real_seed_r2_0] pilot 0 step  17200  lr=2.80e-03  loss=0.9427  val_acc={1: 1.0, 2: 1.0, 3: 1.0}  elapsed=1491s  PASS  abstain_loss=0.0000  abstain_class_balance=0.000  abstain_head_acc=1.000
[real_seed_r2_0] pilot 0 step  17300  lr=2.80e-03  loss=0.8953  val_acc={1: 1.0, 2: 1.0, 3: 1.0}  elapsed=1499s  PASS  abstain_loss=0.0000  abstain_class_balance=0.000  abstain_head_acc=1.000
[real_seed_r2_0] pilot 0 step  17400  lr=2.79e-03  loss=0.7821  val_acc={1: 1.0, 2: 1.0, 3: 1.0}  elapsed=1508s  PASS  abstain_loss=0.0000  abstain_class_balance=0.000  abstain_head_acc=1.000
[real_seed_r2_0] pilot 0 step  17500  lr=2.79e-03  loss=0.9132  val_acc={1: 1.0, 2: 1.0, 3: 1.0}  elapsed=1515s  PASS  abstain_loss=0.0000  abstain_class_balance=0.000  abstain_head_acc=1.000
[real_seed_r2_0] pilot 0 step  17600  lr=2.79e-03  loss=0.8804  val_acc={1: 1.0, 2: 1.0, 3: 1.0}  elapsed=1522s  PASS  abstain_loss=0.0000  abstain_class_balance=0.000  abstain_head_acc=1.000
[real_seed_r2_0] pilot 0 step  17700  lr=2.79e-03  loss=0.7907  val_acc={1: 1.0, 2: 1.0, 3: 1.0}  elapsed=1530s  PASS  abstain_loss=0.0000  abstain_class_balance=0.000  abstain_head_acc=1.000
[real_seed_r2_0] pilot 0 step  17800  lr=2.78e-03  loss=0.9010  val_acc={1: 1.0, 2: 1.0, 3: 1.0}  elapsed=1542s  PASS  abstain_loss=0.0000  abstain_class_balance=0.000  abstain_head_acc=1.000
[real_seed_r2_0] pilot 0 step  17900  lr=2.78e-03  loss=0.8740  val_acc={1: 1.0, 2: 1.0, 3: 1.0}  elapsed=1554s  PASS  abstain_loss=0.0000  abstain_class_balance=0.000  abstain_head_acc=1.000
[real_seed_r2_0] pilot 0 step  18000  lr=2.78e-03  loss=0.7710  val_acc={1: 1.0, 2: 1.0, 3: 1.0}  elapsed=1561s  PASS  abstain_loss=0.0000  abstain_class_balance=0.000  abstain_head_acc=1.000
[real_seed_r2_0] pilot 0 step  18100  lr=2.78e-03  loss=0.9111  val_acc={1: 1.0, 2: 1.0, 3: 1.0}  elapsed=1569s  PASS  abstain_loss=0.0000  abstain_class_balance=0.000  abstain_head_acc=1.000
[real_seed_r2_0] pilot 0 step  18200  lr=2.77e-03  loss=0.9249  val_acc={1: 1.0, 2: 1.0, 3: 1.0}  elapsed=1578s  PASS  abstain_loss=0.0147  abstain_class_balance=0.000  abstain_head_acc=1.000
[real_seed_r2_0] pilot 0 step  18300  lr=2.77e-03  loss=0.7735  val_acc={1: 1.0, 2: 1.0, 3: 1.0}  elapsed=1586s  PASS  abstain_loss=0.0000  abstain_class_balance=0.000  abstain_head_acc=1.000
[real_seed_r2_0] pilot 0 step  18400  lr=2.77e-03  loss=0.8992  val_acc={1: 1.0, 2: 1.0, 3: 1.0}  elapsed=1597s  PASS  abstain_loss=0.0000  abstain_class_balance=0.000  abstain_head_acc=1.000
[real_seed_r2_0] pilot 0 step  18500  lr=2.77e-03  loss=0.8611  val_acc={1: 1.0, 2: 1.0, 3: 1.0}  elapsed=1606s  PASS  abstain_loss=0.0000  abstain_class_balance=0.000  abstain_head_acc=1.000
[real_seed_r2_0] pilot 0 step  18600  lr=2.76e-03  loss=0.7709  val_acc={1: 1.0, 2: 1.0, 3: 1.0}  elapsed=1614s  PASS  abstain_loss=0.0001  abstain_class_balance=0.000  abstain_head_acc=1.000
[real_seed_r2_0] pilot 0 step  18700  lr=2.76e-03  loss=0.8777  val_acc={1: 1.0, 2: 1.0, 3: 1.0}  elapsed=1621s  PASS  abstain_loss=0.0000  abstain_class_balance=0.000  abstain_head_acc=1.000
[real_seed_r2_0] pilot 0 step  18800  lr=2.76e-03  loss=0.8549  val_acc={1: 1.0, 2: 1.0, 3: 1.0}  elapsed=1632s  PASS  abstain_loss=0.0000  abstain_class_balance=0.000  abstain_head_acc=1.000
[real_seed_r2_0] pilot 0 step  18900  lr=2.76e-03  loss=0.7609  val_acc={1: 1.0, 2: 1.0, 3: 1.0}  elapsed=1644s  PASS  abstain_loss=0.0000  abstain_class_balance=0.000  abstain_head_acc=1.000
[real_seed_r2_0] pilot 0 step  19000  lr=2.75e-03  loss=0.8777  val_acc={1: 1.0, 2: 1.0, 3: 1.0}  elapsed=1657s  PASS  abstain_loss=0.0000  abstain_class_balance=0.000  abstain_head_acc=1.000
[real_seed_r2_0] pilot 0 step  19100  lr=2.75e-03  loss=0.8520  val_acc={1: 1.0, 2: 1.0, 3: 1.0}  elapsed=1669s  PASS  abstain_loss=0.0000  abstain_class_balance=0.000  abstain_head_acc=1.000
[real_seed_r2_0] pilot 0 step  19200  lr=2.75e-03  loss=0.7411  val_acc={1: 1.0, 2: 1.0, 3: 1.0}  elapsed=1677s  PASS  abstain_loss=0.0001  abstain_class_balance=0.000  abstain_head_acc=1.000
[real_seed_r2_0] pilot 0 step  19300  lr=2.75e-03  loss=0.9388  val_acc={1: 1.0, 2: 1.0, 3: 1.0}  elapsed=1685s  PASS  abstain_loss=0.0000  abstain_class_balance=0.000  abstain_head_acc=1.000
[real_seed_r2_0] pilot 0 step  19400  lr=2.74e-03  loss=0.8864  val_acc={1: 1.0, 2: 1.0, 3: 1.0}  elapsed=1692s  PASS  abstain_loss=0.0000  abstain_class_balance=0.000  abstain_head_acc=1.000
[real_seed_r2_0] pilot 0 step  19500  lr=2.74e-03  loss=0.7834  val_acc={1: 1.0, 2: 1.0, 3: 1.0}  elapsed=1702s  PASS  abstain_loss=0.0000  abstain_class_balance=0.000  abstain_head_acc=1.000
[real_seed_r2_0] pilot 0 step  19600  lr=2.74e-03  loss=0.9004  val_acc={1: 1.0, 2: 1.0, 3: 1.0}  elapsed=1711s  PASS  abstain_loss=0.0000  abstain_class_balance=0.000  abstain_head_acc=1.000
[real_seed_r2_0] pilot 0 step  19700  lr=2.74e-03  loss=0.8702  val_acc={1: 1.0, 2: 1.0, 3: 1.0}  elapsed=1719s  PASS  abstain_loss=0.0000  abstain_class_balance=0.000  abstain_head_acc=1.000
[real_seed_r2_0] pilot 0 step  19800  lr=2.73e-03  loss=0.7614  val_acc={1: 1.0, 2: 1.0, 3: 1.0}  elapsed=1728s  PASS  abstain_loss=0.0013  abstain_class_balance=0.000  abstain_head_acc=1.000
[real_seed_r2_0] pilot 0 step  19900  lr=2.73e-03  loss=0.8904  val_acc={1: 1.0, 2: 1.0, 3: 1.0}  elapsed=1738s  PASS  abstain_loss=0.0000  abstain_class_balance=0.000  abstain_head_acc=1.000
[real_seed_r2_0] pilot 0 step  20000  lr=2.73e-03  loss=0.8536  val_acc={1: 1.0, 2: 1.0, 3: 1.0}  elapsed=1747s  PASS  abstain_loss=0.0000  abstain_class_balance=0.000  abstain_head_acc=1.000
[real_seed_r2_0] pilot 0 step  20100  lr=2.73e-03  loss=0.7692  val_acc={1: 1.0, 2: 1.0, 3: 1.0}  elapsed=1754s  PASS  abstain_loss=0.0000  abstain_class_balance=0.000  abstain_head_acc=1.000
[real_seed_r2_0] pilot 0 step  20200  lr=2.72e-03  loss=0.8748  val_acc={1: 1.0, 2: 1.0, 3: 1.0}  elapsed=1762s  PASS  abstain_loss=0.0000  abstain_class_balance=0.000  abstain_head_acc=1.000
[real_seed_r2_0] pilot 0 step  20300  lr=2.72e-03  loss=0.8459  val_acc={1: 1.0, 2: 1.0, 3: 1.0}  elapsed=1770s  PASS  abstain_loss=0.0000  abstain_class_balance=0.000  abstain_head_acc=1.000
[real_seed_r2_0] pilot 0 step  20400  lr=2.72e-03  loss=0.7599  val_acc={1: 1.0, 2: 1.0, 3: 1.0}  elapsed=1779s  PASS  abstain_loss=0.0000  abstain_class_balance=0.000  abstain_head_acc=1.000
[real_seed_r2_0] pilot 0 step  20500  lr=2.72e-03  loss=0.8696  val_acc={1: 1.0, 2: 1.0, 3: 1.0}  elapsed=1788s  PASS  abstain_loss=0.0000  abstain_class_balance=0.000  abstain_head_acc=1.000
[real_seed_r2_0] pilot 0 step  20600  lr=2.71e-03  loss=0.8304  val_acc={1: 1.0, 2: 1.0, 3: 1.0}  elapsed=1795s  PASS  abstain_loss=0.0000  abstain_class_balance=0.000  abstain_head_acc=1.000
[real_seed_r2_0] pilot 0 step  20700  lr=2.71e-03  loss=0.7407  val_acc={1: 1.0, 2: 1.0, 3: 1.0}  elapsed=1804s  PASS  abstain_loss=0.0000  abstain_class_balance=0.000  abstain_head_acc=1.000
[real_seed_r2_0] pilot 0 step  20800  lr=2.71e-03  loss=0.8701  val_acc={1: 1.0, 2: 1.0, 3: 1.0}  elapsed=1812s  PASS  abstain_loss=0.0000  abstain_class_balance=0.000  abstain_head_acc=1.000
[real_seed_r2_0] pilot 0 step  20900  lr=2.71e-03  loss=0.8300  val_acc={1: 1.0, 2: 1.0, 3: 1.0}  elapsed=1820s  PASS  abstain_loss=0.0000  abstain_class_balance=0.000  abstain_head_acc=1.000
[real_seed_r2_0] pilot 0 step  21000  lr=2.70e-03  loss=0.7412  val_acc={1: 1.0, 2: 1.0, 3: 1.0}  elapsed=1828s  PASS  abstain_loss=0.0001  abstain_class_balance=0.000  abstain_head_acc=1.000
[real_seed_r2_0] pilot 0 step  21100  lr=2.70e-03  loss=0.8570  val_acc={1: 1.0, 2: 1.0, 3: 1.0}  elapsed=1835s  PASS  abstain_loss=0.0000  abstain_class_balance=0.000  abstain_head_acc=1.000
[real_seed_r2_0] pilot 0 step  21200  lr=2.70e-03  loss=0.8286  val_acc={1: 1.0, 2: 1.0, 3: 1.0}  elapsed=1843s  PASS  abstain_loss=0.0000  abstain_class_balance=0.000  abstain_head_acc=1.000
[real_seed_r2_0] pilot 0 step  21300  lr=2.69e-03  loss=0.7341  val_acc={1: 1.0, 2: 1.0, 3: 1.0}  elapsed=1853s  PASS  abstain_loss=0.0001  abstain_class_balance=0.000  abstain_head_acc=1.000
[real_seed_r2_0] pilot 0 step  21400  lr=2.69e-03  loss=0.8569  val_acc={1: 1.0, 2: 1.0, 3: 1.0}  elapsed=1861s  PASS  abstain_loss=0.0000  abstain_class_balance=0.000  abstain_head_acc=1.000
[real_seed_r2_0] pilot 0 step  21500  lr=2.69e-03  loss=0.8370  val_acc={1: 1.0, 2: 1.0, 3: 1.0}  elapsed=1870s  PASS  abstain_loss=0.0000  abstain_class_balance=0.000  abstain_head_acc=1.000
[real_seed_r2_0] pilot 0 step  21600  lr=2.69e-03  loss=0.7490  val_acc={1: 1.0, 2: 1.0, 3: 1.0}  elapsed=1878s  PASS  abstain_loss=0.0008  abstain_class_balance=0.000  abstain_head_acc=1.000
[real_seed_r2_0] pilot 0 step  21700  lr=2.68e-03  loss=0.8713  val_acc={1: 1.0, 2: 1.0, 3: 1.0}  elapsed=1886s  PASS  abstain_loss=0.0000  abstain_class_balance=0.000  abstain_head_acc=1.000
[real_seed_r2_0] pilot 0 step  21800  lr=2.68e-03  loss=0.8435  val_acc={1: 1.0, 2: 1.0, 3: 1.0}  elapsed=1893s  PASS  abstain_loss=0.0000  abstain_class_balance=0.000  abstain_head_acc=1.000
[real_seed_r2_0] pilot 0 step  21900  lr=2.68e-03  loss=0.7430  val_acc={1: 1.0, 2: 1.0, 3: 1.0}  elapsed=1901s  PASS  abstain_loss=0.0001  abstain_class_balance=0.000  abstain_head_acc=1.000
[real_seed_r2_0] pilot 0 step  22000  lr=2.67e-03  loss=0.8641  val_acc={1: 1.0, 2: 1.0, 3: 1.0}  elapsed=1911s  PASS  abstain_loss=0.0000  abstain_class_balance=0.000  abstain_head_acc=1.000
[real_seed_r2_0] pilot 0 step  22100  lr=2.67e-03  loss=0.8360  val_acc={1: 1.0, 2: 1.0, 3: 1.0}  elapsed=1923s  PASS  abstain_loss=0.0000  abstain_class_balance=0.000  abstain_head_acc=1.000
[real_seed_r2_0] pilot 0 step  22200  lr=2.67e-03  loss=0.7202  val_acc={1: 1.0, 2: 1.0, 3: 1.0}  elapsed=1930s  PASS  abstain_loss=0.0000  abstain_class_balance=0.000  abstain_head_acc=1.000
[real_seed_r2_0] pilot 0 step  22300  lr=2.67e-03  loss=0.8595  val_acc={1: 1.0, 2: 1.0, 3: 1.0}  elapsed=1940s  PASS  abstain_loss=0.0000  abstain_class_balance=0.000  abstain_head_acc=1.000
[real_seed_r2_0] pilot 0 step  22400  lr=2.66e-03  loss=0.8211  val_acc={1: 1.0, 2: 1.0, 3: 1.0}  elapsed=1948s  PASS  abstain_loss=0.0000  abstain_class_balance=0.000  abstain_head_acc=1.000
[real_seed_r2_0] pilot 0 step  22500  lr=2.66e-03  loss=0.7397  val_acc={1: 1.0, 2: 1.0, 3: 1.0}  elapsed=1956s  PASS  abstain_loss=0.0012  abstain_class_balance=0.000  abstain_head_acc=1.000
[real_seed_r2_0] pilot 0 step  22600  lr=2.66e-03  loss=0.8518  val_acc={1: 1.0, 2: 1.0, 3: 1.0}  elapsed=1966s  PASS  abstain_loss=0.0000  abstain_class_balance=0.000  abstain_head_acc=1.000
[real_seed_r2_0] pilot 0 step  22700  lr=2.65e-03  loss=0.8194  val_acc={1: 1.0, 2: 1.0, 3: 1.0}  elapsed=1976s  PASS  abstain_loss=0.0000  abstain_class_balance=0.000  abstain_head_acc=1.000
[real_seed_r2_0] pilot 0 step  22800  lr=2.65e-03  loss=0.7392  val_acc={1: 1.0, 2: 1.0, 3: 1.0}  elapsed=1983s  PASS  abstain_loss=0.0001  abstain_class_balance=0.000  abstain_head_acc=1.000
[real_seed_r2_0] pilot 0 step  22900  lr=2.65e-03  loss=0.8613  val_acc={1: 1.0, 2: 1.0, 3: 1.0}  elapsed=1991s  PASS  abstain_loss=0.0000  abstain_class_balance=0.000  abstain_head_acc=1.000
[real_seed_r2_0] pilot 0 step  23000  lr=2.65e-03  loss=0.8257  val_acc={1: 1.0, 2: 1.0, 3: 1.0}  elapsed=2000s  PASS  abstain_loss=0.0000  abstain_class_balance=0.000  abstain_head_acc=1.000
[real_seed_r2_0] pilot 0 step  23100  lr=2.64e-03  loss=0.7445  val_acc={1: 1.0, 2: 1.0, 3: 1.0}  elapsed=2007s  PASS  abstain_loss=0.0001  abstain_class_balance=0.000  abstain_head_acc=1.000
[real_seed_r2_0] pilot 0 step  23200  lr=2.64e-03  loss=0.8586  val_acc={1: 1.0, 2: 1.0, 3: 1.0}  elapsed=2015s  PASS  abstain_loss=0.0000  abstain_class_balance=0.000  abstain_head_acc=1.000
[real_seed_r2_0] pilot 0 step  23300  lr=2.64e-03  loss=0.8143  val_acc={1: 1.0, 2: 1.0, 3: 1.0}  elapsed=2023s  PASS  abstain_loss=0.0000  abstain_class_balance=0.000  abstain_head_acc=1.000
[real_seed_r2_0] pilot 0 step  23400  lr=2.63e-03  loss=0.7421  val_acc={1: 1.0, 2: 1.0, 3: 1.0}  elapsed=2031s  PASS  abstain_loss=0.0000  abstain_class_balance=0.000  abstain_head_acc=1.000
[real_seed_r2_0] pilot 0 step  23500  lr=2.63e-03  loss=0.8451  val_acc={1: 1.0, 2: 1.0, 3: 1.0}  elapsed=2040s  PASS  abstain_loss=0.0000  abstain_class_balance=0.000  abstain_head_acc=1.000
[real_seed_r2_0] pilot 0 step  23600  lr=2.63e-03  loss=0.8241  val_acc={1: 1.0, 2: 1.0, 3: 1.0}  elapsed=2048s  PASS  abstain_loss=0.0000  abstain_class_balance=0.000  abstain_head_acc=1.000
[real_seed_r2_0] pilot 0 step  23700  lr=2.62e-03  loss=0.7125  val_acc={1: 1.0, 2: 1.0, 3: 1.0}  elapsed=2057s  PASS  abstain_loss=0.0000  abstain_class_balance=0.000  abstain_head_acc=1.000
[real_seed_r2_0] pilot 0 step  23800  lr=2.62e-03  loss=0.8439  val_acc={1: 1.0, 2: 1.0, 3: 1.0}  elapsed=2065s  PASS  abstain_loss=0.0000  abstain_class_balance=0.000  abstain_head_acc=1.000
[real_seed_r2_0] pilot 0 step  23900  lr=2.62e-03  loss=0.8003  val_acc={1: 1.0, 2: 1.0, 3: 1.0}  elapsed=2072s  PASS  abstain_loss=0.0000  abstain_class_balance=0.000  abstain_head_acc=1.000
[real_seed_r2_0] pilot 0 step  24000  lr=2.62e-03  loss=0.7268  val_acc={1: 1.0, 2: 1.0, 3: 1.0}  elapsed=2081s  PASS  abstain_loss=0.0001  abstain_class_balance=0.000  abstain_head_acc=1.000
[real_seed_r2_0] pilot 0 step  24100  lr=2.61e-03  loss=0.8387  val_acc={1: 1.0, 2: 1.0, 3: 1.0}  elapsed=2088s  PASS  abstain_loss=0.0000  abstain_class_balance=0.000  abstain_head_acc=1.000
[real_seed_r2_0] pilot 0 step  24200  lr=2.61e-03  loss=0.8060  val_acc={1: 1.0, 2: 1.0, 3: 1.0}  elapsed=2096s  PASS  abstain_loss=0.0000  abstain_class_balance=0.000  abstain_head_acc=1.000
[real_seed_r2_0] pilot 0 step  24300  lr=2.61e-03  loss=0.7153  val_acc={1: 1.0, 2: 1.0, 3: 1.0}  elapsed=2104s  PASS  abstain_loss=0.0005  abstain_class_balance=0.000  abstain_head_acc=1.000
[real_seed_r2_0] pilot 0 step  24400  lr=2.60e-03  loss=0.8419  val_acc={1: 1.0, 2: 1.0, 3: 1.0}  elapsed=2113s  PASS  abstain_loss=0.0000  abstain_class_balance=0.000  abstain_head_acc=1.000
[real_seed_r2_0] pilot 0 step  24500  lr=2.60e-03  loss=0.8024  val_acc={1: 1.0, 2: 1.0, 3: 1.0}  elapsed=2122s  PASS  abstain_loss=0.0000  abstain_class_balance=0.000  abstain_head_acc=1.000
[real_seed_r2_0] pilot 0 step  24600  lr=2.60e-03  loss=0.7200  val_acc={1: 1.0, 2: 1.0, 3: 1.0}  elapsed=2130s  PASS  abstain_loss=0.0003  abstain_class_balance=0.000  abstain_head_acc=1.000
[real_seed_r2_0] pilot 0 step  24700  lr=2.59e-03  loss=0.8454  val_acc={1: 1.0, 2: 1.0, 3: 1.0}  elapsed=2139s  PASS  abstain_loss=0.0000  abstain_class_balance=0.000  abstain_head_acc=1.000
[real_seed_r2_0] pilot 0 step  24800  lr=2.59e-03  loss=0.8250  val_acc={1: 1.0, 2: 1.0, 3: 1.0}  elapsed=2147s  PASS  abstain_loss=0.0000  abstain_class_balance=0.000  abstain_head_acc=1.000
[real_seed_r2_0] pilot 0 step  24900  lr=2.59e-03  loss=0.7267  val_acc={1: 1.0, 2: 1.0, 3: 1.0}  elapsed=2154s  PASS  abstain_loss=0.0000  abstain_class_balance=0.000  abstain_head_acc=1.000
[real_seed_r2_0] pilot 0 step  25000  lr=2.58e-03  loss=0.8470  val_acc={1: 1.0, 2: 1.0, 3: 1.0}  elapsed=2162s  PASS  abstain_loss=0.0000  abstain_class_balance=0.000  abstain_head_acc=1.000
[real_seed_r2_0] pilot 0 step  25100  lr=2.58e-03  loss=0.8174  val_acc={1: 1.0, 2: 1.0, 3: 1.0}  elapsed=2170s  PASS  abstain_loss=0.0000  abstain_class_balance=0.000  abstain_head_acc=1.000
[real_seed_r2_0] pilot 0 step  25200  lr=2.58e-03  loss=0.7207  val_acc={1: 1.0, 2: 1.0, 3: 1.0}  elapsed=2178s  PASS  abstain_loss=0.0010  abstain_class_balance=0.000  abstain_head_acc=1.000
[real_seed_r2_0] pilot 0 step  25300  lr=2.57e-03  loss=0.8336  val_acc={1: 1.0, 2: 1.0, 3: 1.0}  elapsed=2187s  PASS  abstain_loss=0.0000  abstain_class_balance=0.000  abstain_head_acc=1.000
[real_seed_r2_0] pilot 0 step  25400  lr=2.57e-03  loss=0.8093  val_acc={1: 1.0, 2: 1.0, 3: 1.0}  elapsed=2195s  PASS  abstain_loss=0.0000  abstain_class_balance=0.000  abstain_head_acc=1.000
[real_seed_r2_0] pilot 0 step  25500  lr=2.57e-03  loss=0.7154  val_acc={1: 1.0, 2: 1.0, 3: 1.0}  elapsed=2203s  PASS  abstain_loss=0.0000  abstain_class_balance=0.000  abstain_head_acc=1.000
[real_seed_r2_0] pilot 0 step  25600  lr=2.57e-03  loss=0.9621  val_acc={1: 1.0, 2: 1.0, 3: 1.0}  elapsed=2212s  PASS  abstain_loss=0.0000  abstain_class_balance=0.000  abstain_head_acc=1.000
[real_seed_r2_0] pilot 0 step  25700  lr=2.56e-03  loss=0.8682  val_acc={1: 1.0, 2: 1.0, 3: 1.0}  elapsed=2220s  PASS  abstain_loss=0.0000  abstain_class_balance=0.000  abstain_head_acc=1.000
[real_seed_r2_0] pilot 0 step  25800  lr=2.56e-03  loss=0.7487  val_acc={1: 1.0, 2: 1.0, 3: 1.0}  elapsed=2227s  PASS  abstain_loss=0.0000  abstain_class_balance=0.000  abstain_head_acc=1.000
[real_seed_r2_0] pilot 0 step  25900  lr=2.56e-03  loss=0.8834  val_acc={1: 1.0, 2: 1.0, 3: 1.0}  elapsed=2237s  PASS  abstain_loss=0.0000  abstain_class_balance=0.000  abstain_head_acc=1.000
[real_seed_r2_0] pilot 0 step  26000  lr=2.55e-03  loss=0.8541  val_acc={1: 1.0, 2: 1.0, 3: 1.0}  elapsed=2245s  PASS  abstain_loss=0.0000  abstain_class_balance=0.000  abstain_head_acc=1.000
[real_seed_r2_0] pilot 0 step  26100  lr=2.55e-03  loss=0.7553  val_acc={1: 1.0, 2: 1.0, 3: 1.0}  elapsed=2254s  PASS  abstain_loss=0.0001  abstain_class_balance=0.000  abstain_head_acc=1.000
[real_seed_r2_0] pilot 0 step  26200  lr=2.55e-03  loss=0.8729  val_acc={1: 1.0, 2: 1.0, 3: 1.0}  elapsed=2262s  PASS  abstain_loss=0.0000  abstain_class_balance=0.000  abstain_head_acc=1.000
[real_seed_r2_0] pilot 0 step  26300  lr=2.54e-03  loss=0.8474  val_acc={1: 1.0, 2: 1.0, 3: 1.0}  elapsed=2272s  PASS  abstain_loss=0.0000  abstain_class_balance=0.000  abstain_head_acc=1.000
[real_seed_r2_0] pilot 0 step  26400  lr=2.54e-03  loss=0.7396  val_acc={1: 1.0, 2: 1.0, 3: 1.0}  elapsed=2282s  PASS  abstain_loss=0.0000  abstain_class_balance=0.000  abstain_head_acc=1.000
[real_seed_r2_0] pilot 0 step  26500  lr=2.54e-03  loss=0.8588  val_acc={1: 1.0, 2: 1.0, 3: 1.0}  elapsed=2290s  PASS  abstain_loss=0.0000  abstain_class_balance=0.000  abstain_head_acc=1.000
[real_seed_r2_0] pilot 0 step  26600  lr=2.53e-03  loss=0.8251  val_acc={1: 1.0, 2: 1.0, 3: 1.0}  elapsed=2299s  PASS  abstain_loss=0.0000  abstain_class_balance=0.000  abstain_head_acc=1.000
[real_seed_r2_0] pilot 0 step  26700  lr=2.53e-03  loss=0.7279  val_acc={1: 1.0, 2: 1.0, 3: 1.0}  elapsed=2308s  PASS  abstain_loss=0.0000  abstain_class_balance=0.000  abstain_head_acc=1.000
[real_seed_r2_0] pilot 0 step  26800  lr=2.53e-03  loss=0.8608  val_acc={1: 1.0, 2: 1.0, 3: 1.0}  elapsed=2316s  PASS  abstain_loss=0.0000  abstain_class_balance=0.000  abstain_head_acc=1.000
[real_seed_r2_0] pilot 0 step  26900  lr=2.52e-03  loss=0.8378  val_acc={1: 1.0, 2: 1.0, 3: 1.0}  elapsed=2324s  PASS  abstain_loss=0.0000  abstain_class_balance=0.000  abstain_head_acc=1.000
[real_seed_r2_0] pilot 0 step  27000  lr=2.52e-03  loss=0.7421  val_acc={1: 1.0, 2: 1.0, 3: 1.0}  elapsed=2333s  PASS  abstain_loss=0.0000  abstain_class_balance=0.000  abstain_head_acc=1.000
[real_seed_r2_0] pilot 0 step  27100  lr=2.52e-03  loss=0.8651  val_acc={1: 1.0, 2: 1.0, 3: 1.0}  elapsed=2341s  PASS  abstain_loss=0.0000  abstain_class_balance=0.000  abstain_head_acc=1.000
[real_seed_r2_0] pilot 0 step  27200  lr=2.51e-03  loss=0.8693  val_acc={1: 1.0, 2: 1.0, 3: 1.0}  elapsed=2348s  PASS  abstain_loss=0.0000  abstain_class_balance=0.000  abstain_head_acc=1.000
[real_seed_r2_0] pilot 0 step  27300  lr=2.51e-03  loss=0.8408  val_acc={1: 1.0, 2: 1.0, 3: 1.0}  elapsed=2357s  PASS  abstain_loss=0.0893  abstain_class_balance=0.000  abstain_head_acc=0.984
[real_seed_r2_0] pilot 0 step  27400  lr=2.51e-03  loss=0.8924  val_acc={1: 1.0, 2: 1.0, 3: 1.0}  elapsed=2365s  PASS  abstain_loss=0.0000  abstain_class_balance=0.000  abstain_head_acc=1.000
[real_seed_r2_0] pilot 0 step  27500  lr=2.50e-03  loss=0.8608  val_acc={1: 1.0, 2: 1.0, 3: 1.0}  elapsed=2374s  PASS  abstain_loss=0.0000  abstain_class_balance=0.000  abstain_head_acc=1.000
[real_seed_r2_0] pilot 0 step  27600  lr=2.50e-03  loss=0.7379  val_acc={1: 1.0, 2: 1.0, 3: 1.0}  elapsed=2382s  PASS  abstain_loss=0.0000  abstain_class_balance=0.000  abstain_head_acc=1.000
[real_seed_r2_0] pilot 0 step  27700  lr=2.50e-03  loss=0.8656  val_acc={1: 1.0, 2: 1.0, 3: 1.0}  elapsed=2390s  PASS  abstain_loss=0.0000  abstain_class_balance=0.000  abstain_head_acc=1.000
[real_seed_r2_0] pilot 0 step  27800  lr=2.49e-03  loss=0.8447  val_acc={1: 1.0, 2: 1.0, 3: 1.0}  elapsed=2402s  PASS  abstain_loss=0.0000  abstain_class_balance=0.000  abstain_head_acc=1.000
[real_seed_r2_0] pilot 0 step  27900  lr=2.49e-03  loss=0.7418  val_acc={1: 1.0, 2: 1.0, 3: 1.0}  elapsed=2410s  PASS  abstain_loss=0.0000  abstain_class_balance=0.000  abstain_head_acc=1.000
[real_seed_r2_0] pilot 0 step  28000  lr=2.48e-03  loss=0.8689  val_acc={1: 1.0, 2: 1.0, 3: 1.0}  elapsed=2418s  PASS  abstain_loss=0.0000  abstain_class_balance=0.000  abstain_head_acc=1.000
[real_seed_r2_0] pilot 0 step  28100  lr=2.48e-03  loss=0.8419  val_acc={1: 1.0, 2: 1.0, 3: 1.0}  elapsed=2426s  PASS  abstain_loss=0.0000  abstain_class_balance=0.000  abstain_head_acc=1.000
[real_seed_r2_0] pilot 0 step  28200  lr=2.48e-03  loss=0.7278  val_acc={1: 1.0, 2: 1.0, 3: 1.0}  elapsed=2435s  PASS  abstain_loss=0.0000  abstain_class_balance=0.000  abstain_head_acc=1.000
[real_seed_r2_0] pilot 0 step  28300  lr=2.47e-03  loss=0.8605  val_acc={1: 1.0, 2: 1.0, 3: 1.0}  elapsed=2444s  PASS  abstain_loss=0.0000  abstain_class_balance=0.000  abstain_head_acc=1.000
[real_seed_r2_0] pilot 0 step  28400  lr=2.47e-03  loss=0.8236  val_acc={1: 1.0, 2: 1.0, 3: 1.0}  elapsed=2456s  PASS  abstain_loss=0.0000  abstain_class_balance=0.000  abstain_head_acc=1.000
[real_seed_r2_0] pilot 0 step  28500  lr=2.47e-03  loss=0.7398  val_acc={1: 1.0, 2: 1.0, 3: 1.0}  elapsed=2468s  PASS  abstain_loss=0.0000  abstain_class_balance=0.000  abstain_head_acc=1.000
[real_seed_r2_0] pilot 0 step  28600  lr=2.46e-03  loss=0.8633  val_acc={1: 1.0, 2: 1.0, 3: 1.0}  elapsed=2478s  PASS  abstain_loss=0.0000  abstain_class_balance=0.000  abstain_head_acc=1.000
[real_seed_r2_0] pilot 0 step  28700  lr=2.46e-03  loss=0.8197  val_acc={1: 1.0, 2: 1.0, 3: 1.0}  elapsed=2485s  PASS  abstain_loss=0.0000  abstain_class_balance=0.000  abstain_head_acc=1.000
[real_seed_r2_0] pilot 0 step  28800  lr=2.46e-03  loss=0.7365  val_acc={1: 1.0, 2: 1.0, 3: 1.0}  elapsed=2493s  PASS  abstain_loss=0.0000  abstain_class_balance=0.000  abstain_head_acc=1.000
[real_seed_r2_0] pilot 0 step  28900  lr=2.45e-03  loss=0.8379  val_acc={1: 1.0, 2: 1.0, 3: 1.0}  elapsed=2502s  PASS  abstain_loss=0.0000  abstain_class_balance=0.000  abstain_head_acc=1.000
[real_seed_r2_0] pilot 0 step  29000  lr=2.45e-03  loss=0.8296  val_acc={1: 1.0, 2: 1.0, 3: 1.0}  elapsed=2512s  PASS  abstain_loss=0.0000  abstain_class_balance=0.000  abstain_head_acc=1.000
[real_seed_r2_0] pilot 0 step  29100  lr=2.45e-03  loss=0.7259  val_acc={1: 1.0, 2: 1.0, 3: 1.0}  elapsed=2524s  PASS  abstain_loss=0.0000  abstain_class_balance=0.000  abstain_head_acc=1.000
[real_seed_r2_0] pilot 0 step  29200  lr=2.44e-03  loss=0.8465  val_acc={1: 1.0, 2: 1.0, 3: 1.0}  elapsed=2534s  PASS  abstain_loss=0.0000  abstain_class_balance=0.000  abstain_head_acc=1.000
[real_seed_r2_0] pilot 0 step  29300  lr=2.44e-03  loss=0.8194  val_acc={1: 1.0, 2: 1.0, 3: 1.0}  elapsed=2541s  PASS  abstain_loss=0.0000  abstain_class_balance=0.000  abstain_head_acc=1.000
[real_seed_r2_0] pilot 0 step  29400  lr=2.44e-03  loss=0.7230  val_acc={1: 1.0, 2: 1.0, 3: 1.0}  elapsed=2553s  PASS  abstain_loss=0.0000  abstain_class_balance=0.000  abstain_head_acc=1.000
[real_seed_r2_0] pilot 0 step  29500  lr=2.43e-03  loss=0.8417  val_acc={1: 1.0, 2: 1.0, 3: 1.0}  elapsed=2561s  PASS  abstain_loss=0.0000  abstain_class_balance=0.000  abstain_head_acc=1.000
[real_seed_r2_0] pilot 0 step  29600  lr=2.43e-03  loss=0.8140  val_acc={1: 1.0, 2: 1.0, 3: 1.0}  elapsed=2570s  PASS  abstain_loss=0.0000  abstain_class_balance=0.000  abstain_head_acc=1.000
[real_seed_r2_0] pilot 0 step  29700  lr=2.43e-03  loss=0.7353  val_acc={1: 1.0, 2: 1.0, 3: 1.0}  elapsed=2579s  PASS  abstain_loss=0.0000  abstain_class_balance=0.000  abstain_head_acc=1.000
[real_seed_r2_0] pilot 0 step  29800  lr=2.42e-03  loss=0.8347  val_acc={1: 1.0, 2: 1.0, 3: 1.0}  elapsed=2586s  PASS  abstain_loss=0.0000  abstain_class_balance=0.000  abstain_head_acc=1.000
[real_seed_r2_0] pilot 0 step  29900  lr=2.42e-03  loss=0.8189  val_acc={1: 1.0, 2: 1.0, 3: 1.0}  elapsed=2594s  PASS  abstain_loss=0.0000  abstain_class_balance=0.000  abstain_head_acc=1.000
[real_seed_r2_0] pilot 0 step  30000  lr=2.41e-03  loss=0.7225  val_acc={1: 1.0, 2: 1.0, 3: 1.0}  elapsed=2603s  PASS  abstain_loss=0.0001  abstain_class_balance=0.000  abstain_head_acc=1.000
[real_seed_r2_0] pilot 0 step  30100  lr=2.41e-03  loss=0.8438  val_acc={1: 1.0, 2: 1.0, 3: 1.0}  elapsed=2611s  PASS  abstain_loss=0.0000  abstain_class_balance=0.000  abstain_head_acc=1.000
[real_seed_r2_0] pilot 0 step  30200  lr=2.41e-03  loss=0.8129  val_acc={1: 1.0, 2: 1.0, 3: 1.0}  elapsed=2622s  PASS  abstain_loss=0.0000  abstain_class_balance=0.000  abstain_head_acc=1.000
[real_seed_r2_0] pilot 0 step  30300  lr=2.40e-03  loss=0.7244  val_acc={1: 1.0, 2: 1.0, 3: 1.0}  elapsed=2630s  PASS  abstain_loss=0.0000  abstain_class_balance=0.000  abstain_head_acc=1.000
[real_seed_r2_0] pilot 0 step  30400  lr=2.40e-03  loss=0.8438  val_acc={1: 1.0, 2: 1.0, 3: 1.0}  elapsed=2638s  PASS  abstain_loss=0.0000  abstain_class_balance=0.000  abstain_head_acc=1.000
[real_seed_r2_0] pilot 0 step  30500  lr=2.40e-03  loss=0.8170  val_acc={1: 1.0, 2: 1.0, 3: 1.0}  elapsed=2645s  PASS  abstain_loss=0.0000  abstain_class_balance=0.000  abstain_head_acc=1.000
[real_seed_r2_0] pilot 0 step  30600  lr=2.39e-03  loss=0.7192  val_acc={1: 1.0, 2: 1.0, 3: 1.0}  elapsed=2654s  PASS  abstain_loss=0.0000  abstain_class_balance=0.000  abstain_head_acc=1.000
[real_seed_r2_0] pilot 0 step  30700  lr=2.39e-03  loss=0.8398  val_acc={1: 1.0, 2: 1.0, 3: 1.0}  elapsed=2662s  PASS  abstain_loss=0.0000  abstain_class_balance=0.000  abstain_head_acc=1.000
[real_seed_r2_0] pilot 0 step  30800  lr=2.38e-03  loss=0.8117  val_acc={1: 1.0, 2: 1.0, 3: 1.0}  elapsed=2672s  PASS  abstain_loss=0.0000  abstain_class_balance=0.000  abstain_head_acc=1.000
[real_seed_r2_0] pilot 0 step  30900  lr=2.38e-03  loss=0.7295  val_acc={1: 1.0, 2: 1.0, 3: 1.0}  elapsed=2680s  PASS  abstain_loss=0.0000  abstain_class_balance=0.000  abstain_head_acc=1.000
[real_seed_r2_0] pilot 0 step  31000  lr=2.38e-03  loss=0.8397  val_acc={1: 1.0, 2: 1.0, 3: 1.0}  elapsed=2688s  PASS  abstain_loss=0.0000  abstain_class_balance=0.000  abstain_head_acc=1.000
[real_seed_r2_0] pilot 0 step  31100  lr=2.37e-03  loss=0.8163  val_acc={1: 1.0, 2: 1.0, 3: 1.0}  elapsed=2697s  PASS  abstain_loss=0.0000  abstain_class_balance=0.000  abstain_head_acc=1.000
[real_seed_r2_0] pilot 0 step  31200  lr=2.37e-03  loss=0.7238  val_acc={1: 1.0, 2: 1.0, 3: 1.0}  elapsed=2705s  PASS  abstain_loss=0.0001  abstain_class_balance=0.000  abstain_head_acc=1.000
[real_seed_r2_0] pilot 0 step  31300  lr=2.37e-03  loss=0.8345  val_acc={1: 1.0, 2: 1.0, 3: 1.0}  elapsed=2715s  PASS  abstain_loss=0.0000  abstain_class_balance=0.000  abstain_head_acc=1.000
[real_seed_r2_0] pilot 0 step  31400  lr=2.36e-03  loss=0.7967  val_acc={1: 1.0, 2: 1.0, 3: 1.0}  elapsed=2724s  PASS  abstain_loss=0.0000  abstain_class_balance=0.000  abstain_head_acc=1.000
[real_seed_r2_0] pilot 0 step  31500  lr=2.36e-03  loss=0.7115  val_acc={1: 1.0, 2: 1.0, 3: 1.0}  elapsed=2733s  PASS  abstain_loss=0.0000  abstain_class_balance=0.000  abstain_head_acc=1.000
[real_seed_r2_0] pilot 0 step  31600  lr=2.36e-03  loss=0.8335  val_acc={1: 1.0, 2: 1.0, 3: 1.0}  elapsed=2742s  PASS  abstain_loss=0.0000  abstain_class_balance=0.000  abstain_head_acc=1.000
[real_seed_r2_0] pilot 0 step  31700  lr=2.35e-03  loss=0.8058  val_acc={1: 1.0, 2: 1.0, 3: 1.0}  elapsed=2750s  PASS  abstain_loss=0.0000  abstain_class_balance=0.000  abstain_head_acc=1.000
[real_seed_r2_0] pilot 0 step  31800  lr=2.35e-03  loss=0.7201  val_acc={1: 1.0, 2: 1.0, 3: 1.0}  elapsed=2760s  PASS  abstain_loss=0.0011  abstain_class_balance=0.000  abstain_head_acc=1.000
[real_seed_r2_0] pilot 0 step  31900  lr=2.34e-03  loss=0.8397  val_acc={1: 1.0, 2: 1.0, 3: 1.0}  elapsed=2768s  PASS  abstain_loss=0.0000  abstain_class_balance=0.000  abstain_head_acc=1.000
[real_seed_r2_0] pilot 0 step  32000  lr=2.34e-03  loss=0.8104  val_acc={1: 1.0, 2: 1.0, 3: 1.0}  elapsed=2776s  PASS  abstain_loss=0.0000  abstain_class_balance=0.000  abstain_head_acc=1.000
[real_seed_r2_0] pilot 0 step  32100  lr=2.34e-03  loss=0.7214  val_acc={1: 1.0, 2: 1.0, 3: 1.0}  elapsed=2784s  PASS  abstain_loss=0.0001  abstain_class_balance=0.000  abstain_head_acc=1.000
[real_seed_r2_0] pilot 0 step  32200  lr=2.33e-03  loss=0.8435  val_acc={1: 1.0, 2: 1.0, 3: 1.0}  elapsed=2793s  PASS  abstain_loss=0.0000  abstain_class_balance=0.000  abstain_head_acc=1.000
[real_seed_r2_0] pilot 0 step  32300  lr=2.33e-03  loss=0.8037  val_acc={1: 1.0, 2: 1.0, 3: 1.0}  elapsed=2802s  PASS  abstain_loss=0.0000  abstain_class_balance=0.000  abstain_head_acc=1.000
[real_seed_r2_0] pilot 0 step  32400  lr=2.32e-03  loss=0.7194  val_acc={1: 1.0, 2: 1.0, 3: 1.0}  elapsed=2810s  PASS  abstain_loss=0.0000  abstain_class_balance=0.000  abstain_head_acc=1.000
[real_seed_r2_0] pilot 0 step  32500  lr=2.32e-03  loss=0.8352  val_acc={1: 1.0, 2: 1.0, 3: 1.0}  elapsed=2818s  PASS  abstain_loss=0.0000  abstain_class_balance=0.000  abstain_head_acc=1.000
[real_seed_r2_0] pilot 0 step  32600  lr=2.32e-03  loss=0.7983  val_acc={1: 1.0, 2: 1.0, 3: 1.0}  elapsed=2828s  PASS  abstain_loss=0.0000  abstain_class_balance=0.000  abstain_head_acc=1.000
[real_seed_r2_0] pilot 0 step  32700  lr=2.31e-03  loss=0.7303  val_acc={1: 1.0, 2: 1.0, 3: 1.0}  elapsed=2836s  PASS  abstain_loss=0.0001  abstain_class_balance=0.000  abstain_head_acc=1.000
[real_seed_r2_0] pilot 0 step  32800  lr=2.31e-03  loss=0.8285  val_acc={1: 1.0, 2: 1.0, 3: 1.0}  elapsed=2844s  PASS  abstain_loss=0.0000  abstain_class_balance=0.000  abstain_head_acc=1.000
[real_seed_r2_0] pilot 0 step  32900  lr=2.31e-03  loss=0.8173  val_acc={1: 1.0, 2: 1.0, 3: 1.0}  elapsed=2851s  PASS  abstain_loss=0.0000  abstain_class_balance=0.000  abstain_head_acc=1.000
[real_seed_r2_0] pilot 0 step  33000  lr=2.30e-03  loss=0.7177  val_acc={1: 1.0, 2: 1.0, 3: 1.0}  elapsed=2858s  PASS  abstain_loss=0.0000  abstain_class_balance=0.000  abstain_head_acc=1.000
[real_seed_r2_0] pilot 0 step  33100  lr=2.30e-03  loss=0.8310  val_acc={1: 1.0, 2: 1.0, 3: 1.0}  elapsed=2869s  PASS  abstain_loss=0.0000  abstain_class_balance=0.000  abstain_head_acc=1.000
[real_seed_r2_0] pilot 0 step  33200  lr=2.29e-03  loss=0.8031  val_acc={1: 1.0, 2: 1.0, 3: 1.0}  elapsed=2879s  PASS  abstain_loss=0.0000  abstain_class_balance=0.000  abstain_head_acc=1.000
[real_seed_r2_0] pilot 0 step  33300  lr=2.29e-03  loss=0.7054  val_acc={1: 1.0, 2: 1.0, 3: 1.0}  elapsed=2887s  PASS  abstain_loss=0.0000  abstain_class_balance=0.000  abstain_head_acc=1.000
[real_seed_r2_0] pilot 0 step  33400  lr=2.29e-03  loss=0.8326  val_acc={1: 1.0, 2: 1.0, 3: 1.0}  elapsed=2895s  PASS  abstain_loss=0.0000  abstain_class_balance=0.000  abstain_head_acc=1.000
[real_seed_r2_0] pilot 0 step  33500  lr=2.28e-03  loss=0.8071  val_acc={1: 1.0, 2: 1.0, 3: 1.0}  elapsed=2904s  PASS  abstain_loss=0.0000  abstain_class_balance=0.000  abstain_head_acc=1.000
[real_seed_r2_0] pilot 0 step  33600  lr=2.28e-03  loss=0.7083  val_acc={1: 1.0, 2: 1.0, 3: 1.0}  elapsed=2913s  PASS  abstain_loss=0.0000  abstain_class_balance=0.000  abstain_head_acc=1.000
[real_seed_r2_0] pilot 0 step  33700  lr=2.27e-03  loss=0.8284  val_acc={1: 1.0, 2: 1.0, 3: 1.0}  elapsed=2921s  PASS  abstain_loss=0.0000  abstain_class_balance=0.000  abstain_head_acc=1.000
[real_seed_r2_0] pilot 0 step  33800  lr=2.27e-03  loss=0.7991  val_acc={1: 1.0, 2: 1.0, 3: 1.0}  elapsed=2931s  PASS  abstain_loss=0.0000  abstain_class_balance=0.000  abstain_head_acc=1.000
[real_seed_r2_0] pilot 0 step  33900  lr=2.27e-03  loss=0.7225  val_acc={1: 1.0, 2: 1.0, 3: 1.0}  elapsed=2938s  PASS  abstain_loss=0.0001  abstain_class_balance=0.000  abstain_head_acc=1.000
[real_seed_r2_0] pilot 0 step  34000  lr=2.26e-03  loss=0.8233  val_acc={1: 1.0, 2: 1.0, 3: 1.0}  elapsed=2947s  PASS  abstain_loss=0.0000  abstain_class_balance=0.000  abstain_head_acc=1.000
[real_seed_r2_0] pilot 0 step  34100  lr=2.26e-03  loss=0.7991  val_acc={1: 1.0, 2: 1.0, 3: 1.0}  elapsed=2958s  PASS  abstain_loss=0.0000  abstain_class_balance=0.000  abstain_head_acc=1.000
[real_seed_r2_0] pilot 0 step  34200  lr=2.25e-03  loss=0.7178  val_acc={1: 1.0, 2: 1.0, 3: 1.0}  elapsed=2967s  PASS  abstain_loss=0.0001  abstain_class_balance=0.000  abstain_head_acc=1.000
[real_seed_r2_0] pilot 0 step  34300  lr=2.25e-03  loss=0.8377  val_acc={1: 1.0, 2: 1.0, 3: 1.0}  elapsed=2974s  PASS  abstain_loss=0.0000  abstain_class_balance=0.000  abstain_head_acc=1.000
[real_seed_r2_0] pilot 0 step  34400  lr=2.25e-03  loss=0.8086  val_acc={1: 1.0, 2: 1.0, 3: 1.0}  elapsed=2984s  PASS  abstain_loss=0.0000  abstain_class_balance=0.000  abstain_head_acc=1.000
[real_seed_r2_0] pilot 0 step  34500  lr=2.24e-03  loss=0.6970  val_acc={1: 1.0, 2: 1.0, 3: 1.0}  elapsed=2993s  PASS  abstain_loss=0.0000  abstain_class_balance=0.000  abstain_head_acc=1.000
[real_seed_r2_0] pilot 0 step  34600  lr=2.24e-03  loss=0.8295  val_acc={1: 1.0, 2: 1.0, 3: 1.0}  elapsed=3000s  PASS  abstain_loss=0.0000  abstain_class_balance=0.000  abstain_head_acc=1.000
[real_seed_r2_0] pilot 0 step  34700  lr=2.24e-03  loss=0.7993  val_acc={1: 1.0, 2: 1.0, 3: 1.0}  elapsed=3011s  PASS  abstain_loss=0.0000  abstain_class_balance=0.000  abstain_head_acc=1.000
[real_seed_r2_0] pilot 0 step  34800  lr=2.23e-03  loss=0.7130  val_acc={1: 1.0, 2: 1.0, 3: 1.0}  elapsed=3020s  PASS  abstain_loss=0.0000  abstain_class_balance=0.000  abstain_head_acc=1.000
[real_seed_r2_0] pilot 0 step  34900  lr=2.23e-03  loss=0.8296  val_acc={1: 1.0, 2: 1.0, 3: 1.0}  elapsed=3028s  PASS  abstain_loss=0.0000  abstain_class_balance=0.000  abstain_head_acc=1.000
[real_seed_r2_0] pilot 0 step  35000  lr=2.22e-03  loss=0.7993  val_acc={1: 1.0, 2: 1.0, 3: 1.0}  elapsed=3036s  PASS  abstain_loss=0.0000  abstain_class_balance=0.000  abstain_head_acc=1.000
[real_seed_r2_0] pilot 0 step  35100  lr=2.22e-03  loss=0.7034  val_acc={1: 1.0, 2: 1.0, 3: 1.0}  elapsed=3044s  PASS  abstain_loss=0.0000  abstain_class_balance=0.000  abstain_head_acc=1.000
[real_seed_r2_0] pilot 0 step  35200  lr=2.22e-03  loss=0.8389  val_acc={1: 1.0, 2: 1.0, 3: 1.0}  elapsed=3053s  PASS  abstain_loss=0.0000  abstain_class_balance=0.000  abstain_head_acc=1.000
[real_seed_r2_0] pilot 0 step  35300  lr=2.21e-03  loss=0.8077  val_acc={1: 1.0, 2: 1.0, 3: 1.0}  elapsed=3062s  PASS  abstain_loss=0.0000  abstain_class_balance=0.000  abstain_head_acc=1.000
[real_seed_r2_0] pilot 0 step  35400  lr=2.21e-03  loss=0.7142  val_acc={1: 1.0, 2: 1.0, 3: 1.0}  elapsed=3070s  PASS  abstain_loss=0.0000  abstain_class_balance=0.000  abstain_head_acc=1.000
[real_seed_r2_0] pilot 0 step  35500  lr=2.20e-03  loss=0.8378  val_acc={1: 1.0, 2: 1.0, 3: 1.0}  elapsed=3079s  PASS  abstain_loss=0.0000  abstain_class_balance=0.000  abstain_head_acc=1.000
[real_seed_r2_0] pilot 0 step  35600  lr=2.20e-03  loss=0.7978  val_acc={1: 1.0, 2: 1.0, 3: 1.0}  elapsed=3086s  PASS  abstain_loss=0.0000  abstain_class_balance=0.000  abstain_head_acc=1.000
[real_seed_r2_0] pilot 0 step  35700  lr=2.19e-03  loss=0.7139  val_acc={1: 1.0, 2: 1.0, 3: 1.0}  elapsed=3094s  PASS  abstain_loss=0.0000  abstain_class_balance=0.000  abstain_head_acc=1.000
[real_seed_r2_0] pilot 0 step  35800  lr=2.19e-03  loss=0.8271  val_acc={1: 1.0, 2: 1.0, 3: 1.0}  elapsed=3103s  PASS  abstain_loss=0.0000  abstain_class_balance=0.000  abstain_head_acc=1.000
[real_seed_r2_0] pilot 0 step  35900  lr=2.19e-03  loss=0.8027  val_acc={1: 1.0, 2: 1.0, 3: 1.0}  elapsed=3111s  PASS  abstain_loss=0.0000  abstain_class_balance=0.000  abstain_head_acc=1.000
[real_seed_r2_0] pilot 0 step  36000  lr=2.18e-03  loss=0.7196  val_acc={1: 1.0, 2: 1.0, 3: 1.0}  elapsed=3119s  PASS  abstain_loss=0.0000  abstain_class_balance=0.000  abstain_head_acc=1.000
[real_seed_r2_0] pilot 0 step  36100  lr=2.18e-03  loss=0.8272  val_acc={1: 1.0, 2: 1.0, 3: 1.0}  elapsed=3128s  PASS  abstain_loss=0.0000  abstain_class_balance=0.000  abstain_head_acc=1.000
[real_seed_r2_0] pilot 0 step  36200  lr=2.17e-03  loss=0.8007  val_acc={1: 1.0, 2: 1.0, 3: 1.0}  elapsed=3135s  PASS  abstain_loss=0.0000  abstain_class_balance=0.000  abstain_head_acc=1.000
[real_seed_r2_0] pilot 0 step  36300  lr=2.17e-03  loss=0.7170  val_acc={1: 1.0, 2: 1.0, 3: 1.0}  elapsed=3142s  PASS  abstain_loss=0.0000  abstain_class_balance=0.000  abstain_head_acc=1.000
[real_seed_r2_0] pilot 0 step  36400  lr=2.17e-03  loss=0.8313  val_acc={1: 1.0, 2: 1.0, 3: 1.0}  elapsed=3151s  PASS  abstain_loss=0.0000  abstain_class_balance=0.000  abstain_head_acc=1.000
[real_seed_r2_0] pilot 0 step  36500  lr=2.16e-03  loss=0.7974  val_acc={1: 1.0, 2: 1.0, 3: 1.0}  elapsed=3161s  PASS  abstain_loss=0.0000  abstain_class_balance=0.000  abstain_head_acc=1.000
[real_seed_r2_0] pilot 0 step  36600  lr=2.16e-03  loss=0.7115  val_acc={1: 1.0, 2: 1.0, 3: 1.0}  elapsed=3170s  PASS  abstain_loss=0.0000  abstain_class_balance=0.000  abstain_head_acc=1.000
[real_seed_r2_0] pilot 0 step  36700  lr=2.15e-03  loss=0.9050  val_acc={1: 1.0, 2: 1.0, 3: 1.0}  elapsed=3177s  PASS  abstain_loss=0.0000  abstain_class_balance=0.000  abstain_head_acc=1.000
[real_seed_r2_0] pilot 0 step  36800  lr=2.15e-03  loss=0.8488  val_acc={1: 1.0, 2: 1.0, 3: 1.0}  elapsed=3186s  PASS  abstain_loss=0.0000  abstain_class_balance=0.000  abstain_head_acc=1.000
[real_seed_r2_0] pilot 0 step  36900  lr=2.15e-03  loss=0.7529  val_acc={1: 1.0, 2: 1.0, 3: 1.0}  elapsed=3194s  PASS  abstain_loss=0.0000  abstain_class_balance=0.000  abstain_head_acc=1.000
[real_seed_r2_0] pilot 0 step  37000  lr=2.14e-03  loss=0.8741  val_acc={1: 1.0, 2: 1.0, 3: 1.0}  elapsed=3202s  PASS  abstain_loss=0.0000  abstain_class_balance=0.000  abstain_head_acc=1.000
[real_seed_r2_0] pilot 0 step  37100  lr=2.14e-03  loss=0.8322  val_acc={1: 1.0, 2: 1.0, 3: 1.0}  elapsed=3209s  PASS  abstain_loss=0.0000  abstain_class_balance=0.000  abstain_head_acc=1.000
[real_seed_r2_0] pilot 0 step  37200  lr=2.13e-03  loss=0.7281  val_acc={1: 1.0, 2: 1.0, 3: 1.0}  elapsed=3218s  PASS  abstain_loss=0.0000  abstain_class_balance=0.000  abstain_head_acc=1.000
[real_seed_r2_0] pilot 0 step  37300  lr=2.13e-03  loss=0.8489  val_acc={1: 1.0, 2: 1.0, 3: 1.0}  elapsed=3226s  PASS  abstain_loss=0.0000  abstain_class_balance=0.000  abstain_head_acc=1.000
[real_seed_r2_0] pilot 0 step  37400  lr=2.13e-03  loss=0.8243  val_acc={1: 1.0, 2: 1.0, 3: 1.0}  elapsed=3234s  PASS  abstain_loss=0.0000  abstain_class_balance=0.000  abstain_head_acc=1.000
[real_seed_r2_0] pilot 0 step  37500  lr=2.12e-03  loss=0.7220  val_acc={1: 1.0, 2: 1.0, 3: 1.0}  elapsed=3242s  PASS  abstain_loss=0.0000  abstain_class_balance=0.000  abstain_head_acc=1.000
[real_seed_r2_0] pilot 0 step  37600  lr=2.12e-03  loss=0.8538  val_acc={1: 1.0, 2: 1.0, 3: 1.0}  elapsed=3251s  PASS  abstain_loss=0.0000  abstain_class_balance=0.000  abstain_head_acc=1.000
[real_seed_r2_0] pilot 0 step  37700  lr=2.11e-03  loss=0.8143  val_acc={1: 1.0, 2: 1.0, 3: 1.0}  elapsed=3261s  PASS  abstain_loss=0.0000  abstain_class_balance=0.000  abstain_head_acc=1.000
[real_seed_r2_0] pilot 0 step  37800  lr=2.11e-03  loss=0.7180  val_acc={1: 1.0, 2: 1.0, 3: 1.0}  elapsed=3268s  PASS  abstain_loss=0.0000  abstain_class_balance=0.000  abstain_head_acc=1.000
[real_seed_r2_0] pilot 0 step  37900  lr=2.10e-03  loss=0.8467  val_acc={1: 1.0, 2: 1.0, 3: 1.0}  elapsed=3277s  PASS  abstain_loss=0.0000  abstain_class_balance=0.000  abstain_head_acc=1.000
[real_seed_r2_0] pilot 0 step  38000  lr=2.10e-03  loss=0.8136  val_acc={1: 1.0, 2: 1.0, 3: 1.0}  elapsed=3285s  PASS  abstain_loss=0.0000  abstain_class_balance=0.000  abstain_head_acc=1.000
[real_seed_r2_0] pilot 0 step  38100  lr=2.10e-03  loss=0.7152  val_acc={1: 1.0, 2: 1.0, 3: 1.0}  elapsed=3296s  PASS  abstain_loss=0.0000  abstain_class_balance=0.000  abstain_head_acc=1.000
[real_seed_r2_0] pilot 0 step  38200  lr=2.09e-03  loss=0.8449  val_acc={1: 1.0, 2: 1.0, 3: 1.0}  elapsed=3304s  PASS  abstain_loss=0.0000  abstain_class_balance=0.000  abstain_head_acc=1.000
[real_seed_r2_0] pilot 0 step  38300  lr=2.09e-03  loss=0.8188  val_acc={1: 1.0, 2: 1.0, 3: 1.0}  elapsed=3312s  PASS  abstain_loss=0.0000  abstain_class_balance=0.000  abstain_head_acc=1.000
[real_seed_r2_0] pilot 0 step  38400  lr=2.08e-03  loss=0.7099  val_acc={1: 1.0, 2: 1.0, 3: 1.0}  elapsed=3323s  PASS  abstain_loss=0.0000  abstain_class_balance=0.000  abstain_head_acc=1.000
[real_seed_r2_0] pilot 0 step  38500  lr=2.08e-03  loss=0.8394  val_acc={1: 1.0, 2: 1.0, 3: 1.0}  elapsed=3335s  PASS  abstain_loss=0.0000  abstain_class_balance=0.000  abstain_head_acc=1.000
[real_seed_r2_0] pilot 0 step  38600  lr=2.07e-03  loss=0.8103  val_acc={1: 1.0, 2: 1.0, 3: 1.0}  elapsed=3344s  PASS  abstain_loss=0.0000  abstain_class_balance=0.000  abstain_head_acc=1.000
[real_seed_r2_0] pilot 0 step  38700  lr=2.07e-03  loss=0.7303  val_acc={1: 1.0, 2: 1.0, 3: 1.0}  elapsed=3353s  PASS  abstain_loss=0.0000  abstain_class_balance=0.000  abstain_head_acc=1.000
[real_seed_r2_0] pilot 0 step  38800  lr=2.07e-03  loss=0.8418  val_acc={1: 1.0, 2: 1.0, 3: 1.0}  elapsed=3361s  PASS  abstain_loss=0.0000  abstain_class_balance=0.000  abstain_head_acc=1.000
[real_seed_r2_0] pilot 0 step  38900  lr=2.06e-03  loss=0.8093  val_acc={1: 1.0, 2: 1.0, 3: 1.0}  elapsed=3371s  PASS  abstain_loss=0.0000  abstain_class_balance=0.000  abstain_head_acc=1.000
[real_seed_r2_0] pilot 0 step  39000  lr=2.06e-03  loss=0.7203  val_acc={1: 1.0, 2: 1.0, 3: 1.0}  elapsed=3379s  PASS  abstain_loss=0.0000  abstain_class_balance=0.000  abstain_head_acc=1.000
[real_seed_r2_0] pilot 0 step  39100  lr=2.05e-03  loss=0.8367  val_acc={1: 1.0, 2: 1.0, 3: 1.0}  elapsed=3386s  PASS  abstain_loss=0.0000  abstain_class_balance=0.000  abstain_head_acc=1.000
[real_seed_r2_0] pilot 0 step  39200  lr=2.05e-03  loss=0.8119  val_acc={1: 1.0, 2: 1.0, 3: 1.0}  elapsed=3395s  PASS  abstain_loss=0.0000  abstain_class_balance=0.000  abstain_head_acc=1.000
[real_seed_r2_0] pilot 0 step  39300  lr=2.05e-03  loss=0.7161  val_acc={1: 1.0, 2: 1.0, 3: 1.0}  elapsed=3402s  PASS  abstain_loss=0.0000  abstain_class_balance=0.000  abstain_head_acc=1.000
[real_seed_r2_0] pilot 0 step  39400  lr=2.04e-03  loss=0.8328  val_acc={1: 1.0, 2: 1.0, 3: 1.0}  elapsed=3412s  PASS  abstain_loss=0.0000  abstain_class_balance=0.000  abstain_head_acc=1.000
[real_seed_r2_0] pilot 0 step  39500  lr=2.04e-03  loss=0.8163  val_acc={1: 1.0, 2: 1.0, 3: 1.0}  elapsed=3421s  PASS  abstain_loss=0.0000  abstain_class_balance=0.000  abstain_head_acc=1.000
[real_seed_r2_0] pilot 0 step  39600  lr=2.03e-03  loss=0.7131  val_acc={1: 1.0, 2: 1.0, 3: 1.0}  elapsed=3430s  PASS  abstain_loss=0.0000  abstain_class_balance=0.000  abstain_head_acc=1.000
[real_seed_r2_0] pilot 0 step  39700  lr=2.03e-03  loss=0.8283  val_acc={1: 1.0, 2: 1.0, 3: 1.0}  elapsed=3439s  PASS  abstain_loss=0.0000  abstain_class_balance=0.000  abstain_head_acc=1.000
[real_seed_r2_0] pilot 0 step  39800  lr=2.02e-03  loss=0.7977  val_acc={1: 1.0, 2: 1.0, 3: 1.0}  elapsed=3446s  PASS  abstain_loss=0.0000  abstain_class_balance=0.000  abstain_head_acc=1.000
[real_seed_r2_0] pilot 0 step  39900  lr=2.02e-03  loss=0.7215  val_acc={1: 1.0, 2: 1.0, 3: 1.0}  elapsed=3453s  PASS  abstain_loss=0.0000  abstain_class_balance=0.000  abstain_head_acc=1.000
[real_seed_r2_0] pilot 0 step  40000  lr=2.02e-03  loss=0.8288  val_acc={1: 1.0, 2: 1.0, 3: 1.0}  elapsed=3460s  PASS  abstain_loss=0.0000  abstain_class_balance=0.000  abstain_head_acc=1.000
[real_seed_r2_0] pilot 0 step  40100  lr=2.01e-03  loss=0.8048  val_acc={1: 1.0, 2: 1.0, 3: 1.0}  elapsed=3470s  PASS  abstain_loss=0.0000  abstain_class_balance=0.000  abstain_head_acc=1.000
[real_seed_r2_0] pilot 0 step  40200  lr=2.01e-03  loss=0.7131  val_acc={1: 1.0, 2: 1.0, 3: 1.0}  elapsed=3479s  PASS  abstain_loss=0.0000  abstain_class_balance=0.000  abstain_head_acc=1.000
[real_seed_r2_0] pilot 0 step  40300  lr=2.00e-03  loss=0.8301  val_acc={1: 1.0, 2: 1.0, 3: 1.0}  elapsed=3487s  PASS  abstain_loss=0.0000  abstain_class_balance=0.000  abstain_head_acc=1.000
[real_seed_r2_0] pilot 0 step  40400  lr=2.00e-03  loss=0.7910  val_acc={1: 1.0, 2: 1.0, 3: 1.0}  elapsed=3494s  PASS  abstain_loss=0.0000  abstain_class_balance=0.000  abstain_head_acc=1.000
[real_seed_r2_0] pilot 0 step  40500  lr=1.99e-03  loss=0.7154  val_acc={1: 1.0, 2: 1.0, 3: 1.0}  elapsed=3502s  PASS  abstain_loss=0.0000  abstain_class_balance=0.000  abstain_head_acc=1.000
[real_seed_r2_0] pilot 0 step  40600  lr=1.99e-03  loss=0.8252  val_acc={1: 1.0, 2: 1.0, 3: 1.0}  elapsed=3514s  PASS  abstain_loss=0.0000  abstain_class_balance=0.000  abstain_head_acc=1.000
[real_seed_r2_0] pilot 0 step  40700  lr=1.99e-03  loss=0.8033  val_acc={1: 1.0, 2: 1.0, 3: 1.0}  elapsed=3522s  PASS  abstain_loss=0.0000  abstain_class_balance=0.000  abstain_head_acc=1.000
[real_seed_r2_0] pilot 0 step  40800  lr=1.98e-03  loss=0.7147  val_acc={1: 1.0, 2: 1.0, 3: 1.0}  elapsed=3530s  PASS  abstain_loss=0.0000  abstain_class_balance=0.000  abstain_head_acc=1.000
[real_seed_r2_0] pilot 0 step  40900  lr=1.98e-03  loss=0.8294  val_acc={1: 1.0, 2: 1.0, 3: 1.0}  elapsed=3537s  PASS  abstain_loss=0.0000  abstain_class_balance=0.000  abstain_head_acc=1.000
[real_seed_r2_0] pilot 0 step  41000  lr=1.97e-03  loss=0.7961  val_acc={1: 1.0, 2: 1.0, 3: 1.0}  elapsed=3546s  PASS  abstain_loss=0.0000  abstain_class_balance=0.000  abstain_head_acc=1.000
[real_seed_r2_0] pilot 0 step  41100  lr=1.97e-03  loss=0.7202  val_acc={1: 1.0, 2: 1.0, 3: 1.0}  elapsed=3555s  PASS  abstain_loss=0.0000  abstain_class_balance=0.000  abstain_head_acc=1.000
[real_seed_r2_0] pilot 0 step  41200  lr=1.96e-03  loss=0.8263  val_acc={1: 1.0, 2: 1.0, 3: 1.0}  elapsed=3564s  PASS  abstain_loss=0.0000  abstain_class_balance=0.000  abstain_head_acc=1.000
[real_seed_r2_0] pilot 0 step  41300  lr=1.96e-03  loss=0.7938  val_acc={1: 1.0, 2: 1.0, 3: 1.0}  elapsed=3572s  PASS  abstain_loss=0.0000  abstain_class_balance=0.000  abstain_head_acc=1.000
[real_seed_r2_0] pilot 0 step  41400  lr=1.95e-03  loss=0.7058  val_acc={1: 1.0, 2: 1.0, 3: 1.0}  elapsed=3581s  PASS  abstain_loss=0.0000  abstain_class_balance=0.000  abstain_head_acc=1.000
[real_seed_r2_0] pilot 0 step  41500  lr=1.95e-03  loss=0.8313  val_acc={1: 1.0, 2: 1.0, 3: 1.0}  elapsed=3589s  PASS  abstain_loss=0.0000  abstain_class_balance=0.000  abstain_head_acc=1.000
[real_seed_r2_0] pilot 0 step  41600  lr=1.95e-03  loss=0.8023  val_acc={1: 1.0, 2: 1.0, 3: 1.0}  elapsed=3598s  PASS  abstain_loss=0.0000  abstain_class_balance=0.000  abstain_head_acc=1.000
[real_seed_r2_0] pilot 0 step  41700  lr=1.94e-03  loss=0.7025  val_acc={1: 1.0, 2: 1.0, 3: 1.0}  elapsed=3607s  PASS  abstain_loss=0.0001  abstain_class_balance=0.000  abstain_head_acc=1.000
[real_seed_r2_0] pilot 0 step  41800  lr=1.94e-03  loss=0.8247  val_acc={1: 1.0, 2: 1.0, 3: 1.0}  elapsed=3617s  PASS  abstain_loss=0.0000  abstain_class_balance=0.000  abstain_head_acc=1.000
[real_seed_r2_0] pilot 0 step  41900  lr=1.93e-03  loss=0.7931  val_acc={1: 1.0, 2: 1.0, 3: 1.0}  elapsed=3625s  PASS  abstain_loss=0.0000  abstain_class_balance=0.000  abstain_head_acc=1.000
[real_seed_r2_0] pilot 0 step  42000  lr=1.93e-03  loss=0.7016  val_acc={1: 1.0, 2: 1.0, 3: 1.0}  elapsed=3635s  PASS  abstain_loss=0.0000  abstain_class_balance=0.000  abstain_head_acc=1.000
[real_seed_r2_0] pilot 0 step  42100  lr=1.92e-03  loss=0.8325  val_acc={1: 1.0, 2: 1.0, 3: 1.0}  elapsed=3643s  PASS  abstain_loss=0.0000  abstain_class_balance=0.000  abstain_head_acc=1.000
[real_seed_r2_0] pilot 0 step  42200  lr=1.92e-03  loss=0.7948  val_acc={1: 1.0, 2: 1.0, 3: 1.0}  elapsed=3652s  PASS  abstain_loss=0.0000  abstain_class_balance=0.000  abstain_head_acc=1.000
[real_seed_r2_0] pilot 0 step  42300  lr=1.92e-03  loss=0.7108  val_acc={1: 1.0, 2: 1.0, 3: 1.0}  elapsed=3660s  PASS  abstain_loss=0.0000  abstain_class_balance=0.000  abstain_head_acc=1.000
[real_seed_r2_0] pilot 0 step  42400  lr=1.91e-03  loss=0.8240  val_acc={1: 1.0, 2: 1.0, 3: 1.0}  elapsed=3669s  PASS  abstain_loss=0.0000  abstain_class_balance=0.000  abstain_head_acc=1.000
[real_seed_r2_0] pilot 0 step  42500  lr=1.91e-03  loss=0.8030  val_acc={1: 1.0, 2: 1.0, 3: 1.0}  elapsed=3678s  PASS  abstain_loss=0.0000  abstain_class_balance=0.000  abstain_head_acc=1.000
[real_seed_r2_0] pilot 0 step  42600  lr=1.90e-03  loss=0.7039  val_acc={1: 1.0, 2: 1.0, 3: 1.0}  elapsed=3687s  PASS  abstain_loss=0.0000  abstain_class_balance=0.000  abstain_head_acc=1.000
[real_seed_r2_0] pilot 0 step  42700  lr=1.90e-03  loss=0.8213  val_acc={1: 1.0, 2: 1.0, 3: 1.0}  elapsed=3695s  PASS  abstain_loss=0.0000  abstain_class_balance=0.000  abstain_head_acc=1.000
[real_seed_r2_0] pilot 0 step  42800  lr=1.89e-03  loss=0.7960  val_acc={1: 1.0, 2: 1.0, 3: 1.0}  elapsed=3705s  PASS  abstain_loss=0.0000  abstain_class_balance=0.000  abstain_head_acc=1.000
[real_seed_r2_0] pilot 0 step  42900  lr=1.89e-03  loss=0.6780  val_acc={1: 1.0, 2: 1.0, 3: 1.0}  elapsed=3714s  PASS  abstain_loss=0.0000  abstain_class_balance=0.000  abstain_head_acc=1.000
[real_seed_r2_0] pilot 0 step  43000  lr=1.88e-03  loss=0.8131  val_acc={1: 1.0, 2: 1.0, 3: 1.0}  elapsed=3721s  PASS  abstain_loss=0.0000  abstain_class_balance=0.000  abstain_head_acc=1.000
[real_seed_r2_0] pilot 0 step  43100  lr=1.88e-03  loss=0.7844  val_acc={1: 1.0, 2: 1.0, 3: 1.0}  elapsed=3729s  PASS  abstain_loss=0.0000  abstain_class_balance=0.000  abstain_head_acc=1.000
[real_seed_r2_0] pilot 0 step  43200  lr=1.88e-03  loss=0.7072  val_acc={1: 1.0, 2: 1.0, 3: 1.0}  elapsed=3738s  PASS  abstain_loss=0.0000  abstain_class_balance=0.000  abstain_head_acc=1.000
[real_seed_r2_0] pilot 0 step  43300  lr=1.87e-03  loss=0.8165  val_acc={1: 1.0, 2: 1.0, 3: 1.0}  elapsed=3745s  PASS  abstain_loss=0.0000  abstain_class_balance=0.000  abstain_head_acc=1.000
[real_seed_r2_0] pilot 0 step  43400  lr=1.87e-03  loss=0.7946  val_acc={1: 1.0, 2: 1.0, 3: 1.0}  elapsed=3754s  PASS  abstain_loss=0.0000  abstain_class_balance=0.000  abstain_head_acc=1.000
[real_seed_r2_0] pilot 0 step  43500  lr=1.86e-03  loss=0.6988  val_acc={1: 1.0, 2: 1.0, 3: 1.0}  elapsed=3762s  PASS  abstain_loss=0.0000  abstain_class_balance=0.000  abstain_head_acc=1.000
[real_seed_r2_0] pilot 0 step  43600  lr=1.86e-03  loss=0.8234  val_acc={1: 1.0, 2: 1.0, 3: 1.0}  elapsed=3770s  PASS  abstain_loss=0.0000  abstain_class_balance=0.000  abstain_head_acc=1.000
[real_seed_r2_0] pilot 0 step  43700  lr=1.85e-03  loss=0.7852  val_acc={1: 1.0, 2: 1.0, 3: 1.0}  elapsed=3778s  PASS  abstain_loss=0.0000  abstain_class_balance=0.000  abstain_head_acc=1.000
[real_seed_r2_0] pilot 0 step  43800  lr=1.85e-03  loss=0.7048  val_acc={1: 1.0, 2: 1.0, 3: 1.0}  elapsed=3787s  PASS  abstain_loss=0.0000  abstain_class_balance=0.000  abstain_head_acc=1.000
[real_seed_r2_0] pilot 0 step  43900  lr=1.84e-03  loss=0.8224  val_acc={1: 1.0, 2: 1.0, 3: 1.0}  elapsed=3796s  PASS  abstain_loss=0.0000  abstain_class_balance=0.000  abstain_head_acc=1.000
[real_seed_r2_0] pilot 0 step  44000  lr=1.84e-03  loss=0.7955  val_acc={1: 1.0, 2: 1.0, 3: 1.0}  elapsed=3809s  PASS  abstain_loss=0.0000  abstain_class_balance=0.000  abstain_head_acc=1.000
[real_seed_r2_0] pilot 0 step  44100  lr=1.84e-03  loss=0.6867  val_acc={1: 1.0, 2: 1.0, 3: 1.0}  elapsed=3820s  PASS  abstain_loss=0.0000  abstain_class_balance=0.000  abstain_head_acc=1.000
[real_seed_r2_0] pilot 0 step  44200  lr=1.83e-03  loss=0.8085  val_acc={1: 1.0, 2: 1.0, 3: 1.0}  elapsed=3827s  PASS  abstain_loss=0.0000  abstain_class_balance=0.000  abstain_head_acc=1.000
[real_seed_r2_0] pilot 0 step  44300  lr=1.83e-03  loss=0.7821  val_acc={1: 1.0, 2: 1.0, 3: 1.0}  elapsed=3835s  PASS  abstain_loss=0.0000  abstain_class_balance=0.000  abstain_head_acc=1.000
[real_seed_r2_0] pilot 0 step  44400  lr=1.82e-03  loss=0.6990  val_acc={1: 1.0, 2: 1.0, 3: 1.0}  elapsed=3845s  PASS  abstain_loss=0.0000  abstain_class_balance=0.000  abstain_head_acc=1.000
[real_seed_r2_0] pilot 0 step  44500  lr=1.82e-03  loss=0.8082  val_acc={1: 1.0, 2: 1.0, 3: 1.0}  elapsed=3852s  PASS  abstain_loss=0.0000  abstain_class_balance=0.000  abstain_head_acc=1.000
[real_seed_r2_0] pilot 0 step  44600  lr=1.81e-03  loss=0.7839  val_acc={1: 1.0, 2: 1.0, 3: 1.0}  elapsed=3861s  PASS  abstain_loss=0.0000  abstain_class_balance=0.000  abstain_head_acc=1.000
[real_seed_r2_0] pilot 0 step  44700  lr=1.81e-03  loss=0.6969  val_acc={1: 1.0, 2: 1.0, 3: 1.0}  elapsed=3869s  PASS  abstain_loss=0.0000  abstain_class_balance=0.000  abstain_head_acc=1.000
[real_seed_r2_0] pilot 0 step  44800  lr=1.80e-03  loss=0.8148  val_acc={1: 1.0, 2: 1.0, 3: 1.0}  elapsed=3878s  PASS  abstain_loss=0.0000  abstain_class_balance=0.000  abstain_head_acc=1.000
[real_seed_r2_0] pilot 0 step  44900  lr=1.80e-03  loss=0.7777  val_acc={1: 1.0, 2: 1.0, 3: 1.0}  elapsed=3886s  PASS  abstain_loss=0.0000  abstain_class_balance=0.000  abstain_head_acc=1.000
[real_seed_r2_0] pilot 0 step  45000  lr=1.80e-03  loss=0.6918  val_acc={1: 1.0, 2: 1.0, 3: 1.0}  elapsed=3897s  PASS  abstain_loss=0.0000  abstain_class_balance=0.000  abstain_head_acc=1.000
[real_seed_r2_0] pilot 0 step  45100  lr=1.79e-03  loss=0.8152  val_acc={1: 1.0, 2: 1.0, 3: 1.0}  elapsed=3905s  PASS  abstain_loss=0.0000  abstain_class_balance=0.000  abstain_head_acc=1.000
[real_seed_r2_0] pilot 0 step  45200  lr=1.79e-03  loss=0.7896  val_acc={1: 1.0, 2: 1.0, 3: 1.0}  elapsed=3912s  PASS  abstain_loss=0.0000  abstain_class_balance=0.000  abstain_head_acc=1.000
[real_seed_r2_0] pilot 0 step  45300  lr=1.78e-03  loss=0.6955  val_acc={1: 1.0, 2: 1.0, 3: 1.0}  elapsed=3921s  PASS  abstain_loss=0.0000  abstain_class_balance=0.000  abstain_head_acc=1.000
[real_seed_r2_0] pilot 0 step  45400  lr=1.78e-03  loss=0.8188  val_acc={1: 1.0, 2: 1.0, 3: 1.0}  elapsed=3930s  PASS  abstain_loss=0.0000  abstain_class_balance=0.000  abstain_head_acc=1.000
[real_seed_r2_0] pilot 0 step  45500  lr=1.77e-03  loss=0.7911  val_acc={1: 1.0, 2: 1.0, 3: 1.0}  elapsed=3938s  PASS  abstain_loss=0.0000  abstain_class_balance=0.000  abstain_head_acc=1.000
[real_seed_r2_0] pilot 0 step  45600  lr=1.77e-03  loss=0.6898  val_acc={1: 1.0, 2: 1.0, 3: 1.0}  elapsed=3946s  PASS  abstain_loss=0.0000  abstain_class_balance=0.000  abstain_head_acc=1.000
[real_seed_r2_0] pilot 0 step  45700  lr=1.76e-03  loss=0.8066  val_acc={1: 1.0, 2: 1.0, 3: 1.0}  elapsed=3955s  PASS  abstain_loss=0.0000  abstain_class_balance=0.000  abstain_head_acc=1.000
[real_seed_r2_0] pilot 0 step  45800  lr=1.76e-03  loss=0.7783  val_acc={1: 1.0, 2: 1.0, 3: 1.0}  elapsed=3963s  PASS  abstain_loss=0.0000  abstain_class_balance=0.000  abstain_head_acc=1.000
[real_seed_r2_0] pilot 0 step  45900  lr=1.76e-03  loss=0.6839  val_acc={1: 1.0, 2: 1.0, 3: 1.0}  elapsed=3972s  PASS  abstain_loss=0.0000  abstain_class_balance=0.000  abstain_head_acc=1.000
[real_seed_r2_0] pilot 0 step  46000  lr=1.75e-03  loss=0.8183  val_acc={1: 1.0, 2: 1.0, 3: 1.0}  elapsed=3980s  PASS  abstain_loss=0.0000  abstain_class_balance=0.000  abstain_head_acc=1.000
[real_seed_r2_0] pilot 0 step  46100  lr=1.75e-03  loss=0.7918  val_acc={1: 1.0, 2: 1.0, 3: 1.0}  elapsed=3988s  PASS  abstain_loss=0.0000  abstain_class_balance=0.000  abstain_head_acc=1.000
[real_seed_r2_0] pilot 0 step  46200  lr=1.74e-03  loss=0.7045  val_acc={1: 1.0, 2: 1.0, 3: 1.0}  elapsed=3996s  PASS  abstain_loss=0.0000  abstain_class_balance=0.000  abstain_head_acc=1.000
[real_seed_r2_0] pilot 0 step  46300  lr=1.74e-03  loss=0.8164  val_acc={1: 1.0, 2: 1.0, 3: 1.0}  elapsed=4004s  PASS  abstain_loss=0.0000  abstain_class_balance=0.000  abstain_head_acc=1.000
[real_seed_r2_0] pilot 0 step  46400  lr=1.73e-03  loss=0.7799  val_acc={1: 1.0, 2: 1.0, 3: 1.0}  elapsed=4011s  PASS  abstain_loss=0.0000  abstain_class_balance=0.000  abstain_head_acc=1.000
[real_seed_r2_0] pilot 0 step  46500  lr=1.73e-03  loss=0.7024  val_acc={1: 1.0, 2: 1.0, 3: 1.0}  elapsed=4018s  PASS  abstain_loss=0.0000  abstain_class_balance=0.000  abstain_head_acc=1.000
[real_seed_r2_0] pilot 0 step  46600  lr=1.72e-03  loss=0.8122  val_acc={1: 1.0, 2: 1.0, 3: 1.0}  elapsed=4027s  PASS  abstain_loss=0.0000  abstain_class_balance=0.000  abstain_head_acc=1.000
[real_seed_r2_0] pilot 0 step  46700  lr=1.72e-03  loss=0.7940  val_acc={1: 1.0, 2: 1.0, 3: 1.0}  elapsed=4035s  PASS  abstain_loss=0.0000  abstain_class_balance=0.000  abstain_head_acc=1.000
[real_seed_r2_0] pilot 0 step  46800  lr=1.71e-03  loss=0.6928  val_acc={1: 1.0, 2: 1.0, 3: 1.0}  elapsed=4042s  PASS  abstain_loss=0.0000  abstain_class_balance=0.000  abstain_head_acc=1.000
[real_seed_r2_0] pilot 0 step  46900  lr=1.71e-03  loss=0.8050  val_acc={1: 1.0, 2: 1.0, 3: 1.0}  elapsed=4050s  PASS  abstain_loss=0.0000  abstain_class_balance=0.000  abstain_head_acc=1.000
[real_seed_r2_0] pilot 0 step  47000  lr=1.71e-03  loss=0.7826  val_acc={1: 1.0, 2: 1.0, 3: 1.0}  elapsed=4059s  PASS  abstain_loss=0.0000  abstain_class_balance=0.000  abstain_head_acc=1.000
[real_seed_r2_0] pilot 0 step  47100  lr=1.70e-03  loss=0.6998  val_acc={1: 1.0, 2: 1.0, 3: 1.0}  elapsed=4068s  PASS  abstain_loss=0.0000  abstain_class_balance=0.000  abstain_head_acc=1.000
[real_seed_r2_0] pilot 0 step  47200  lr=1.70e-03  loss=0.8087  val_acc={1: 1.0, 2: 1.0, 3: 1.0}  elapsed=4075s  PASS  abstain_loss=0.0000  abstain_class_balance=0.000  abstain_head_acc=1.000
[real_seed_r2_0] pilot 0 step  47300  lr=1.69e-03  loss=0.7904  val_acc={1: 1.0, 2: 1.0, 3: 1.0}  elapsed=4087s  PASS  abstain_loss=0.0000  abstain_class_balance=0.000  abstain_head_acc=1.000
[real_seed_r2_0] pilot 0 step  47400  lr=1.69e-03  loss=0.7025  val_acc={1: 1.0, 2: 1.0, 3: 1.0}  elapsed=4097s  PASS  abstain_loss=0.0003  abstain_class_balance=0.000  abstain_head_acc=1.000
[real_seed_r2_0] pilot 0 step  47500  lr=1.68e-03  loss=0.8202  val_acc={1: 1.0, 2: 1.0, 3: 1.0}  elapsed=4105s  PASS  abstain_loss=0.0000  abstain_class_balance=0.000  abstain_head_acc=1.000
[real_seed_r2_0] pilot 0 step  47600  lr=1.68e-03  loss=0.7806  val_acc={1: 1.0, 2: 1.0, 3: 1.0}  elapsed=4112s  PASS  abstain_loss=0.0000  abstain_class_balance=0.000  abstain_head_acc=1.000
[real_seed_r2_0] pilot 0 step  47700  lr=1.67e-03  loss=0.7109  val_acc={1: 1.0, 2: 1.0, 3: 1.0}  elapsed=4119s  PASS  abstain_loss=0.0000  abstain_class_balance=0.000  abstain_head_acc=1.000
[real_seed_r2_0] pilot 0 step  47800  lr=1.67e-03  loss=0.8016  val_acc={1: 1.0, 2: 1.0, 3: 1.0}  elapsed=4127s  PASS  abstain_loss=0.0000  abstain_class_balance=0.000  abstain_head_acc=1.000
[real_seed_r2_0] pilot 0 step  47900  lr=1.67e-03  loss=0.7878  val_acc={1: 1.0, 2: 1.0, 3: 1.0}  elapsed=4135s  PASS  abstain_loss=0.0000  abstain_class_balance=0.000  abstain_head_acc=1.000
[real_seed_r2_0] pilot 0 step  48000  lr=1.66e-03  loss=0.6908  val_acc={1: 1.0, 2: 1.0, 3: 1.0}  elapsed=4143s  PASS  abstain_loss=0.0000  abstain_class_balance=0.000  abstain_head_acc=1.000
[real_seed_r2_0] pilot 0 step  48100  lr=1.66e-03  loss=0.8092  val_acc={1: 1.0, 2: 1.0, 3: 1.0}  elapsed=4151s  PASS  abstain_loss=0.0000  abstain_class_balance=0.000  abstain_head_acc=1.000
[real_seed_r2_0] pilot 0 step  48200  lr=1.65e-03  loss=0.7780  val_acc={1: 1.0, 2: 1.0, 3: 1.0}  elapsed=4158s  PASS  abstain_loss=0.0000  abstain_class_balance=0.000  abstain_head_acc=1.000
[real_seed_r2_0] pilot 0 step  48300  lr=1.65e-03  loss=0.6897  val_acc={1: 1.0, 2: 1.0, 3: 1.0}  elapsed=4166s  PASS  abstain_loss=0.0007  abstain_class_balance=0.000  abstain_head_acc=1.000
[real_seed_r2_0] pilot 0 step  48400  lr=1.64e-03  loss=0.8109  val_acc={1: 1.0, 2: 1.0, 3: 1.0}  elapsed=4173s  PASS  abstain_loss=0.0000  abstain_class_balance=0.000  abstain_head_acc=1.000
[real_seed_r2_0] pilot 0 step  48500  lr=1.64e-03  loss=0.7795  val_acc={1: 1.0, 2: 1.0, 3: 1.0}  elapsed=4182s  PASS  abstain_loss=0.0000  abstain_class_balance=0.000  abstain_head_acc=1.000
[real_seed_r2_0] pilot 0 step  48600  lr=1.63e-03  loss=0.6946  val_acc={1: 1.0, 2: 1.0, 3: 1.0}  elapsed=4191s  PASS  abstain_loss=0.0000  abstain_class_balance=0.000  abstain_head_acc=1.000
[real_seed_r2_0] pilot 0 step  48700  lr=1.63e-03  loss=0.8069  val_acc={1: 1.0, 2: 1.0, 3: 1.0}  elapsed=4199s  PASS  abstain_loss=0.0000  abstain_class_balance=0.000  abstain_head_acc=1.000
[real_seed_r2_0] pilot 0 step  48800  lr=1.62e-03  loss=0.7772  val_acc={1: 1.0, 2: 1.0, 3: 1.0}  elapsed=4209s  PASS  abstain_loss=0.0000  abstain_class_balance=0.000  abstain_head_acc=1.000
[real_seed_r2_0] pilot 0 step  48900  lr=1.62e-03  loss=0.6920  val_acc={1: 1.0, 2: 1.0, 3: 1.0}  elapsed=4217s  PASS  abstain_loss=0.0000  abstain_class_balance=0.000  abstain_head_acc=1.000
[real_seed_r2_0] pilot 0 step  49000  lr=1.62e-03  loss=0.8129  val_acc={1: 1.0, 2: 1.0, 3: 1.0}  elapsed=4227s  PASS  abstain_loss=0.0000  abstain_class_balance=0.000  abstain_head_acc=1.000
[real_seed_r2_0] pilot 0 step  49100  lr=1.61e-03  loss=0.7846  val_acc={1: 1.0, 2: 1.0, 3: 1.0}  elapsed=4236s  PASS  abstain_loss=0.0000  abstain_class_balance=0.000  abstain_head_acc=1.000
[real_seed_r2_0] pilot 0 step  49200  lr=1.61e-03  loss=0.6889  val_acc={1: 1.0, 2: 1.0, 3: 1.0}  elapsed=4245s  PASS  abstain_loss=0.0000  abstain_class_balance=0.000  abstain_head_acc=1.000
[real_seed_r2_0] pilot 0 step  49300  lr=1.60e-03  loss=0.8140  val_acc={1: 1.0, 2: 1.0, 3: 1.0}  elapsed=4253s  PASS  abstain_loss=0.0000  abstain_class_balance=0.000  abstain_head_acc=1.000
[real_seed_r2_0] pilot 0 step  49400  lr=1.60e-03  loss=0.7852  val_acc={1: 1.0, 2: 1.0, 3: 1.0}  elapsed=4261s  PASS  abstain_loss=0.0000  abstain_class_balance=0.000  abstain_head_acc=1.000
[real_seed_r2_0] pilot 0 step  49500  lr=1.59e-03  loss=0.6956  val_acc={1: 1.0, 2: 1.0, 3: 1.0}  elapsed=4271s  PASS  abstain_loss=0.0000  abstain_class_balance=0.000  abstain_head_acc=1.000
[real_seed_r2_0] pilot 0 step  49600  lr=1.59e-03  loss=0.8128  val_acc={1: 1.0, 2: 1.0, 3: 1.0}  elapsed=4279s  PASS  abstain_loss=0.0000  abstain_class_balance=0.000  abstain_head_acc=1.000
[real_seed_r2_0] pilot 0 step  49700  lr=1.58e-03  loss=0.7861  val_acc={1: 1.0, 2: 1.0, 3: 1.0}  elapsed=4288s  PASS  abstain_loss=0.0000  abstain_class_balance=0.000  abstain_head_acc=1.000
[real_seed_r2_0] pilot 0 step  49800  lr=1.58e-03  loss=0.6886  val_acc={1: 1.0, 2: 1.0, 3: 1.0}  elapsed=4300s  PASS  abstain_loss=0.0000  abstain_class_balance=0.000  abstain_head_acc=1.000
[real_seed_r2_0] pilot 0 step  49900  lr=1.57e-03  loss=0.8381  val_acc={1: 1.0, 2: 1.0, 3: 1.0}  elapsed=4308s  PASS  abstain_loss=0.0000  abstain_class_balance=0.000  abstain_head_acc=1.000
[real_seed_r2_0] pilot 0 step  50000  lr=1.57e-03  loss=0.8244  val_acc={1: 1.0, 2: 1.0, 3: 1.0}  elapsed=4316s  PASS  abstain_loss=0.0000  abstain_class_balance=0.000  abstain_head_acc=1.000
[real_seed_r2_0] pilot 0 step  50100  lr=1.57e-03  loss=0.7095  val_acc={1: 1.0, 2: 1.0, 3: 1.0}  elapsed=4324s  PASS  abstain_loss=0.0001  abstain_class_balance=0.000  abstain_head_acc=1.000
[real_seed_r2_0] pilot 0 step  50200  lr=1.56e-03  loss=0.8242  val_acc={1: 1.0, 2: 1.0, 3: 1.0}  elapsed=4333s  PASS  abstain_loss=0.0000  abstain_class_balance=0.000  abstain_head_acc=1.000
[real_seed_r2_0] pilot 0 step  50300  lr=1.56e-03  loss=0.8004  val_acc={1: 1.0, 2: 1.0, 3: 1.0}  elapsed=4341s  PASS  abstain_loss=0.0000  abstain_class_balance=0.000  abstain_head_acc=1.000
[real_seed_r2_0] pilot 0 step  50400  lr=1.55e-03  loss=0.7079  val_acc={1: 1.0, 2: 1.0, 3: 1.0}  elapsed=4349s  PASS  abstain_loss=0.0000  abstain_class_balance=0.000  abstain_head_acc=1.000
[real_seed_r2_0] pilot 0 step  50500  lr=1.55e-03  loss=0.8235  val_acc={1: 1.0, 2: 1.0, 3: 1.0}  elapsed=4357s  PASS  abstain_loss=0.0000  abstain_class_balance=0.000  abstain_head_acc=1.000
[real_seed_r2_0] pilot 0 step  50600  lr=1.54e-03  loss=0.7936  val_acc={1: 1.0, 2: 1.0, 3: 1.0}  elapsed=4365s  PASS  abstain_loss=0.0000  abstain_class_balance=0.000  abstain_head_acc=1.000
[real_seed_r2_0] pilot 0 step  50700  lr=1.54e-03  loss=0.6998  val_acc={1: 1.0, 2: 1.0, 3: 1.0}  elapsed=4374s  PASS  abstain_loss=0.0000  abstain_class_balance=0.000  abstain_head_acc=1.000
[real_seed_r2_0] pilot 0 step  50800  lr=1.53e-03  loss=0.8278  val_acc={1: 1.0, 2: 1.0, 3: 1.0}  elapsed=4383s  PASS  abstain_loss=0.0000  abstain_class_balance=0.000  abstain_head_acc=1.000
[real_seed_r2_0] pilot 0 step  50900  lr=1.53e-03  loss=0.7935  val_acc={1: 1.0, 2: 1.0, 3: 1.0}  elapsed=4391s  PASS  abstain_loss=0.0000  abstain_class_balance=0.000  abstain_head_acc=1.000
[real_seed_r2_0] pilot 0 step  51000  lr=1.52e-03  loss=0.7065  val_acc={1: 1.0, 2: 1.0, 3: 1.0}  elapsed=4400s  PASS  abstain_loss=0.0000  abstain_class_balance=0.000  abstain_head_acc=1.000
[real_seed_r2_0] pilot 0 step  51100  lr=1.52e-03  loss=0.8297  val_acc={1: 1.0, 2: 1.0, 3: 1.0}  elapsed=4408s  PASS  abstain_loss=0.0000  abstain_class_balance=0.000  abstain_head_acc=1.000
[real_seed_r2_0] pilot 0 step  51200  lr=1.52e-03  loss=0.7917  val_acc={1: 1.0, 2: 1.0, 3: 1.0}  elapsed=4416s  PASS  abstain_loss=0.0000  abstain_class_balance=0.000  abstain_head_acc=1.000
[real_seed_r2_0] pilot 0 step  51300  lr=1.51e-03  loss=0.6977  val_acc={1: 1.0, 2: 1.0, 3: 1.0}  elapsed=4425s  PASS  abstain_loss=0.0000  abstain_class_balance=0.000  abstain_head_acc=1.000
[real_seed_r2_0] pilot 0 step  51400  lr=1.51e-03  loss=0.8261  val_acc={1: 1.0, 2: 1.0, 3: 1.0}  elapsed=4436s  PASS  abstain_loss=0.0000  abstain_class_balance=0.000  abstain_head_acc=1.000
[real_seed_r2_0] pilot 0 step  51500  lr=1.50e-03  loss=0.7932  val_acc={1: 1.0, 2: 1.0, 3: 1.0}  elapsed=4443s  PASS  abstain_loss=0.0000  abstain_class_balance=0.000  abstain_head_acc=1.000
[real_seed_r2_0] pilot 0 step  51600  lr=1.50e-03  loss=0.7063  val_acc={1: 1.0, 2: 1.0, 3: 1.0}  elapsed=4453s  PASS  abstain_loss=0.0000  abstain_class_balance=0.000  abstain_head_acc=1.000
[real_seed_r2_0] pilot 0 step  51700  lr=1.49e-03  loss=0.8192  val_acc={1: 1.0, 2: 1.0, 3: 1.0}  elapsed=4461s  PASS  abstain_loss=0.0000  abstain_class_balance=0.000  abstain_head_acc=1.000
[real_seed_r2_0] pilot 0 step  51800  lr=1.49e-03  loss=0.7873  val_acc={1: 1.0, 2: 1.0, 3: 1.0}  elapsed=4469s  PASS  abstain_loss=0.0000  abstain_class_balance=0.000  abstain_head_acc=1.000
[real_seed_r2_0] pilot 0 step  51900  lr=1.48e-03  loss=0.6968  val_acc={1: 1.0, 2: 1.0, 3: 1.0}  elapsed=4477s  PASS  abstain_loss=0.0000  abstain_class_balance=0.000  abstain_head_acc=1.000
[real_seed_r2_0] pilot 0 step  52000  lr=1.48e-03  loss=0.8133  val_acc={1: 1.0, 2: 1.0, 3: 1.0}  elapsed=4484s  PASS  abstain_loss=0.0000  abstain_class_balance=0.000  abstain_head_acc=1.000
[real_seed_r2_0] pilot 0 step  52100  lr=1.47e-03  loss=0.7916  val_acc={1: 1.0, 2: 1.0, 3: 1.0}  elapsed=4493s  PASS  abstain_loss=0.0000  abstain_class_balance=0.000  abstain_head_acc=1.000
[real_seed_r2_0] pilot 0 step  52200  lr=1.47e-03  loss=0.7041  val_acc={1: 1.0, 2: 1.0, 3: 1.0}  elapsed=4501s  PASS  abstain_loss=0.0000  abstain_class_balance=0.000  abstain_head_acc=1.000
[real_seed_r2_0] pilot 0 step  52300  lr=1.46e-03  loss=0.8319  val_acc={1: 1.0, 2: 1.0, 3: 1.0}  elapsed=4508s  PASS  abstain_loss=0.0000  abstain_class_balance=0.000  abstain_head_acc=1.000
[real_seed_r2_0] pilot 0 step  52400  lr=1.46e-03  loss=0.7895  val_acc={1: 1.0, 2: 1.0, 3: 1.0}  elapsed=4518s  PASS  abstain_loss=0.0000  abstain_class_balance=0.000  abstain_head_acc=1.000
[real_seed_r2_0] pilot 0 step  52500  lr=1.46e-03  loss=0.6979  val_acc={1: 1.0, 2: 1.0, 3: 1.0}  elapsed=4526s  PASS  abstain_loss=0.0002  abstain_class_balance=0.000  abstain_head_acc=1.000
[real_seed_r2_0] pilot 0 step  52600  lr=1.45e-03  loss=0.8214  val_acc={1: 1.0, 2: 1.0, 3: 1.0}  elapsed=4534s  PASS  abstain_loss=0.0000  abstain_class_balance=0.000  abstain_head_acc=1.000
[real_seed_r2_0] pilot 0 step  52700  lr=1.45e-03  loss=0.7824  val_acc={1: 1.0, 2: 1.0, 3: 1.0}  elapsed=4543s  PASS  abstain_loss=0.0000  abstain_class_balance=0.000  abstain_head_acc=1.000
[real_seed_r2_0] pilot 0 step  52800  lr=1.44e-03  loss=0.7061  val_acc={1: 1.0, 2: 1.0, 3: 1.0}  elapsed=4552s  PASS  abstain_loss=0.0000  abstain_class_balance=0.000  abstain_head_acc=1.000
[real_seed_r2_0] pilot 0 step  52900  lr=1.44e-03  loss=0.8185  val_acc={1: 1.0, 2: 1.0, 3: 1.0}  elapsed=4561s  PASS  abstain_loss=0.0000  abstain_class_balance=0.000  abstain_head_acc=1.000
[real_seed_r2_0] pilot 0 step  53000  lr=1.43e-03  loss=0.7964  val_acc={1: 1.0, 2: 1.0, 3: 1.0}  elapsed=4570s  PASS  abstain_loss=0.0000  abstain_class_balance=0.000  abstain_head_acc=1.000
[real_seed_r2_0] pilot 0 step  53100  lr=1.43e-03  loss=0.6985  val_acc={1: 1.0, 2: 1.0, 3: 1.0}  elapsed=4578s  PASS  abstain_loss=0.0000  abstain_class_balance=0.000  abstain_head_acc=1.000
[real_seed_r2_0] pilot 0 step  53200  lr=1.42e-03  loss=0.8189  val_acc={1: 1.0, 2: 1.0, 3: 1.0}  elapsed=4588s  PASS  abstain_loss=0.0000  abstain_class_balance=0.000  abstain_head_acc=1.000
[real_seed_r2_0] pilot 0 step  53300  lr=1.42e-03  loss=0.7955  val_acc={1: 1.0, 2: 1.0, 3: 1.0}  elapsed=4596s  PASS  abstain_loss=0.0000  abstain_class_balance=0.000  abstain_head_acc=1.000
[real_seed_r2_0] pilot 0 step  53400  lr=1.41e-03  loss=0.6940  val_acc={1: 1.0, 2: 1.0, 3: 1.0}  elapsed=4604s  PASS  abstain_loss=0.0000  abstain_class_balance=0.000  abstain_head_acc=1.000
[real_seed_r2_0] pilot 0 step  53500  lr=1.41e-03  loss=0.8087  val_acc={1: 1.0, 2: 1.0, 3: 1.0}  elapsed=4612s  PASS  abstain_loss=0.0000  abstain_class_balance=0.000  abstain_head_acc=1.000
[real_seed_r2_0] pilot 0 step  53600  lr=1.41e-03  loss=0.7881  val_acc={1: 1.0, 2: 1.0, 3: 1.0}  elapsed=4622s  PASS  abstain_loss=0.0000  abstain_class_balance=0.000  abstain_head_acc=1.000
[real_seed_r2_0] pilot 0 step  53700  lr=1.40e-03  loss=0.6927  val_acc={1: 1.0, 2: 1.0, 3: 1.0}  elapsed=4630s  PASS  abstain_loss=0.0000  abstain_class_balance=0.000  abstain_head_acc=1.000
[real_seed_r2_0] pilot 0 step  53800  lr=1.40e-03  loss=0.8145  val_acc={1: 1.0, 2: 1.0, 3: 1.0}  elapsed=4640s  PASS  abstain_loss=0.0000  abstain_class_balance=0.000  abstain_head_acc=1.000
[real_seed_r2_0] pilot 0 step  53900  lr=1.39e-03  loss=0.7894  val_acc={1: 1.0, 2: 1.0, 3: 1.0}  elapsed=4648s  PASS  abstain_loss=0.0000  abstain_class_balance=0.000  abstain_head_acc=1.000
[real_seed_r2_0] pilot 0 step  54000  lr=1.39e-03  loss=0.6938  val_acc={1: 1.0, 2: 1.0, 3: 1.0}  elapsed=4656s  PASS  abstain_loss=0.0000  abstain_class_balance=0.000  abstain_head_acc=1.000
[real_seed_r2_0] pilot 0 step  54100  lr=1.38e-03  loss=0.8110  val_acc={1: 1.0, 2: 1.0, 3: 1.0}  elapsed=4663s  PASS  abstain_loss=0.0000  abstain_class_balance=0.000  abstain_head_acc=1.000
[real_seed_r2_0] pilot 0 step  54200  lr=1.38e-03  loss=0.7797  val_acc={1: 1.0, 2: 1.0, 3: 1.0}  elapsed=4673s  PASS  abstain_loss=0.0000  abstain_class_balance=0.000  abstain_head_acc=1.000
[real_seed_r2_0] pilot 0 step  54300  lr=1.37e-03  loss=0.6823  val_acc={1: 1.0, 2: 1.0, 3: 1.0}  elapsed=4679s  PASS  abstain_loss=0.0000  abstain_class_balance=0.000  abstain_head_acc=1.000
[real_seed_r2_0] pilot 0 step  54400  lr=1.37e-03  loss=0.8144  val_acc={1: 1.0, 2: 1.0, 3: 1.0}  elapsed=4688s  PASS  abstain_loss=0.0000  abstain_class_balance=0.000  abstain_head_acc=1.000
[real_seed_r2_0] pilot 0 step  54500  lr=1.36e-03  loss=0.7724  val_acc={1: 1.0, 2: 1.0, 3: 1.0}  elapsed=4700s  PASS  abstain_loss=0.0000  abstain_class_balance=0.000  abstain_head_acc=1.000
[real_seed_r2_0] pilot 0 step  54600  lr=1.36e-03  loss=0.6948  val_acc={1: 1.0, 2: 1.0, 3: 1.0}  elapsed=4711s  PASS  abstain_loss=0.0000  abstain_class_balance=0.000  abstain_head_acc=1.000
[real_seed_r2_0] pilot 0 step  54700  lr=1.36e-03  loss=0.8049  val_acc={1: 1.0, 2: 1.0, 3: 1.0}  elapsed=4720s  PASS  abstain_loss=0.0000  abstain_class_balance=0.000  abstain_head_acc=1.000
[real_seed_r2_0] pilot 0 step  54800  lr=1.35e-03  loss=0.7889  val_acc={1: 1.0, 2: 1.0, 3: 1.0}  elapsed=4729s  PASS  abstain_loss=0.0000  abstain_class_balance=0.000  abstain_head_acc=1.000
[real_seed_r2_0] pilot 0 step  54900  lr=1.35e-03  loss=0.6825  val_acc={1: 1.0, 2: 1.0, 3: 1.0}  elapsed=4740s  PASS  abstain_loss=0.0000  abstain_class_balance=0.000  abstain_head_acc=1.000
[real_seed_r2_0] pilot 0 step  55000  lr=1.34e-03  loss=0.8112  val_acc={1: 1.0, 2: 1.0, 3: 1.0}  elapsed=4748s  PASS  abstain_loss=0.0000  abstain_class_balance=0.000  abstain_head_acc=1.000
[real_seed_r2_0] pilot 0 step  55100  lr=1.34e-03  loss=0.7838  val_acc={1: 1.0, 2: 1.0, 3: 1.0}  elapsed=4756s  PASS  abstain_loss=0.0000  abstain_class_balance=0.000  abstain_head_acc=1.000
[real_seed_r2_0] pilot 0 step  55200  lr=1.33e-03  loss=0.6924  val_acc={1: 1.0, 2: 1.0, 3: 1.0}  elapsed=4763s  PASS  abstain_loss=0.0000  abstain_class_balance=0.000  abstain_head_acc=1.000
[real_seed_r2_0] pilot 0 step  55300  lr=1.33e-03  loss=0.8108  val_acc={1: 1.0, 2: 1.0, 3: 1.0}  elapsed=4773s  PASS  abstain_loss=0.0000  abstain_class_balance=0.000  abstain_head_acc=1.000
[real_seed_r2_0] pilot 0 step  55400  lr=1.32e-03  loss=0.7901  val_acc={1: 1.0, 2: 1.0, 3: 1.0}  elapsed=4786s  PASS  abstain_loss=0.0000  abstain_class_balance=0.000  abstain_head_acc=1.000
[real_seed_r2_0] pilot 0 step  55500  lr=1.32e-03  loss=0.6977  val_acc={1: 1.0, 2: 1.0, 3: 1.0}  elapsed=4798s  PASS  abstain_loss=0.0000  abstain_class_balance=0.000  abstain_head_acc=1.000
[real_seed_r2_0] pilot 0 step  55600  lr=1.32e-03  loss=0.8112  val_acc={1: 1.0, 2: 1.0, 3: 1.0}  elapsed=4808s  PASS  abstain_loss=0.0000  abstain_class_balance=0.000  abstain_head_acc=1.000
[real_seed_r2_0] pilot 0 step  55700  lr=1.31e-03  loss=0.7688  val_acc={1: 1.0, 2: 1.0, 3: 1.0}  elapsed=4817s  PASS  abstain_loss=0.0000  abstain_class_balance=0.000  abstain_head_acc=1.000
[real_seed_r2_0] pilot 0 step  55800  lr=1.31e-03  loss=0.6854  val_acc={1: 1.0, 2: 1.0, 3: 1.0}  elapsed=4825s  PASS  abstain_loss=0.0000  abstain_class_balance=0.000  abstain_head_acc=1.000
[real_seed_r2_0] pilot 0 step  55900  lr=1.30e-03  loss=0.8124  val_acc={1: 1.0, 2: 1.0, 3: 1.0}  elapsed=4832s  PASS  abstain_loss=0.0000  abstain_class_balance=0.000  abstain_head_acc=1.000
[real_seed_r2_0] pilot 0 step  56000  lr=1.30e-03  loss=0.7807  val_acc={1: 1.0, 2: 1.0, 3: 1.0}  elapsed=4840s  PASS  abstain_loss=0.0000  abstain_class_balance=0.000  abstain_head_acc=1.000
[real_seed_r2_0] pilot 0 step  56100  lr=1.29e-03  loss=0.6938  val_acc={1: 1.0, 2: 1.0, 3: 1.0}  elapsed=4848s  PASS  abstain_loss=0.0000  abstain_class_balance=0.000  abstain_head_acc=1.000
[real_seed_r2_0] pilot 0 step  56200  lr=1.29e-03  loss=0.8128  val_acc={1: 1.0, 2: 1.0, 3: 1.0}  elapsed=4856s  PASS  abstain_loss=0.0000  abstain_class_balance=0.000  abstain_head_acc=1.000
[real_seed_r2_0] pilot 0 step  56300  lr=1.28e-03  loss=0.7848  val_acc={1: 1.0, 2: 1.0, 3: 1.0}  elapsed=4863s  PASS  abstain_loss=0.0000  abstain_class_balance=0.000  abstain_head_acc=1.000
[real_seed_r2_0] pilot 0 step  56400  lr=1.28e-03  loss=0.6799  val_acc={1: 1.0, 2: 1.0, 3: 1.0}  elapsed=4873s  PASS  abstain_loss=0.0000  abstain_class_balance=0.000  abstain_head_acc=1.000
[real_seed_r2_0] pilot 0 step  56500  lr=1.27e-03  loss=0.8040  val_acc={1: 1.0, 2: 1.0, 3: 1.0}  elapsed=4881s  PASS  abstain_loss=0.0000  abstain_class_balance=0.000  abstain_head_acc=1.000
[real_seed_r2_0] pilot 0 step  56600  lr=1.27e-03  loss=0.7844  val_acc={1: 1.0, 2: 1.0, 3: 1.0}  elapsed=4889s  PASS  abstain_loss=0.0000  abstain_class_balance=0.000  abstain_head_acc=1.000
[real_seed_r2_0] pilot 0 step  56700  lr=1.27e-03  loss=0.7069  val_acc={1: 1.0, 2: 1.0, 3: 1.0}  elapsed=4897s  PASS  abstain_loss=0.0000  abstain_class_balance=0.000  abstain_head_acc=1.000
[real_seed_r2_0] pilot 0 step  56800  lr=1.26e-03  loss=0.8131  val_acc={1: 1.0, 2: 1.0, 3: 1.0}  elapsed=4904s  PASS  abstain_loss=0.0000  abstain_class_balance=0.000  abstain_head_acc=1.000
[real_seed_r2_0] pilot 0 step  56900  lr=1.26e-03  loss=0.7681  val_acc={1: 1.0, 2: 1.0, 3: 1.0}  elapsed=4912s  PASS  abstain_loss=0.0000  abstain_class_balance=0.000  abstain_head_acc=1.000
[real_seed_r2_0] pilot 0 step  57000  lr=1.25e-03  loss=0.6994  val_acc={1: 1.0, 2: 1.0, 3: 1.0}  elapsed=4921s  PASS  abstain_loss=0.0000  abstain_class_balance=0.000  abstain_head_acc=1.000
[real_seed_r2_0] pilot 0 step  57100  lr=1.25e-03  loss=0.8080  val_acc={1: 1.0, 2: 1.0, 3: 1.0}  elapsed=4929s  PASS  abstain_loss=0.0000  abstain_class_balance=0.000  abstain_head_acc=1.000
[real_seed_r2_0] pilot 0 step  57200  lr=1.24e-03  loss=0.7766  val_acc={1: 1.0, 2: 1.0, 3: 1.0}  elapsed=4938s  PASS  abstain_loss=0.0000  abstain_class_balance=0.000  abstain_head_acc=1.000
[real_seed_r2_0] pilot 0 step  57300  lr=1.24e-03  loss=0.6881  val_acc={1: 1.0, 2: 1.0, 3: 1.0}  elapsed=4946s  PASS  abstain_loss=0.0000  abstain_class_balance=0.000  abstain_head_acc=1.000
[real_seed_r2_0] pilot 0 step  57400  lr=1.23e-03  loss=0.8039  val_acc={1: 1.0, 2: 1.0, 3: 1.0}  elapsed=4955s  PASS  abstain_loss=0.0000  abstain_class_balance=0.000  abstain_head_acc=1.000
[real_seed_r2_0] pilot 0 step  57500  lr=1.23e-03  loss=0.7768  val_acc={1: 1.0, 2: 1.0, 3: 1.0}  elapsed=4963s  PASS  abstain_loss=0.0000  abstain_class_balance=0.000  abstain_head_acc=1.000
[real_seed_r2_0] pilot 0 step  57600  lr=1.23e-03  loss=0.6789  val_acc={1: 1.0, 2: 1.0, 3: 1.0}  elapsed=4971s  PASS  abstain_loss=0.0000  abstain_class_balance=0.000  abstain_head_acc=1.000
[real_seed_r2_0] pilot 0 step  57700  lr=1.22e-03  loss=0.8082  val_acc={1: 1.0, 2: 1.0, 3: 1.0}  elapsed=4980s  PASS  abstain_loss=0.0000  abstain_class_balance=0.000  abstain_head_acc=1.000
[real_seed_r2_0] pilot 0 step  57800  lr=1.22e-03  loss=0.7758  val_acc={1: 1.0, 2: 1.0, 3: 1.0}  elapsed=4987s  PASS  abstain_loss=0.0000  abstain_class_balance=0.000  abstain_head_acc=1.000
[real_seed_r2_0] pilot 0 step  57900  lr=1.21e-03  loss=0.6842  val_acc={1: 1.0, 2: 1.0, 3: 1.0}  elapsed=4995s  PASS  abstain_loss=0.0000  abstain_class_balance=0.000  abstain_head_acc=1.000
[real_seed_r2_0] pilot 0 step  58000  lr=1.21e-03  loss=0.8136  val_acc={1: 1.0, 2: 1.0, 3: 1.0}  elapsed=5004s  PASS  abstain_loss=0.0000  abstain_class_balance=0.000  abstain_head_acc=1.000
[real_seed_r2_0] pilot 0 step  58100  lr=1.20e-03  loss=0.7697  val_acc={1: 1.0, 2: 1.0, 3: 1.0}  elapsed=5011s  PASS  abstain_loss=0.0000  abstain_class_balance=0.000  abstain_head_acc=1.000
[real_seed_r2_0] pilot 0 step  58200  lr=1.20e-03  loss=0.6898  val_acc={1: 1.0, 2: 1.0, 3: 1.0}  elapsed=5020s  PASS  abstain_loss=0.0000  abstain_class_balance=0.000  abstain_head_acc=1.000
[real_seed_r2_0] pilot 0 step  58300  lr=1.19e-03  loss=0.8073  val_acc={1: 1.0, 2: 1.0, 3: 1.0}  elapsed=5028s  PASS  abstain_loss=0.0000  abstain_class_balance=0.000  abstain_head_acc=1.000
[real_seed_r2_0] pilot 0 step  58400  lr=1.19e-03  loss=0.7861  val_acc={1: 1.0, 2: 1.0, 3: 1.0}  elapsed=5036s  PASS  abstain_loss=0.0000  abstain_class_balance=0.000  abstain_head_acc=1.000
[real_seed_r2_0] pilot 0 step  58500  lr=1.19e-03  loss=0.6967  val_acc={1: 1.0, 2: 1.0, 3: 1.0}  elapsed=5045s  PASS  abstain_loss=0.0000  abstain_class_balance=0.000  abstain_head_acc=1.000
[real_seed_r2_0] pilot 0 step  58600  lr=1.18e-03  loss=0.8088  val_acc={1: 1.0, 2: 1.0, 3: 1.0}  elapsed=5053s  PASS  abstain_loss=0.0000  abstain_class_balance=0.000  abstain_head_acc=1.000
[real_seed_r2_0] pilot 0 step  58700  lr=1.18e-03  loss=0.7791  val_acc={1: 1.0, 2: 1.0, 3: 1.0}  elapsed=5061s  PASS  abstain_loss=0.0000  abstain_class_balance=0.000  abstain_head_acc=1.000
[real_seed_r2_0] pilot 0 step  58800  lr=1.17e-03  loss=0.6835  val_acc={1: 1.0, 2: 1.0, 3: 1.0}  elapsed=5069s  PASS  abstain_loss=0.0000  abstain_class_balance=0.000  abstain_head_acc=1.000
[real_seed_r2_0] pilot 0 step  58900  lr=1.17e-03  loss=0.8067  val_acc={1: 1.0, 2: 1.0, 3: 1.0}  elapsed=5076s  PASS  abstain_loss=0.0000  abstain_class_balance=0.000  abstain_head_acc=1.000
[real_seed_r2_0] pilot 0 step  59000  lr=1.16e-03  loss=0.7795  val_acc={1: 1.0, 2: 1.0, 3: 1.0}  elapsed=5087s  PASS  abstain_loss=0.0000  abstain_class_balance=0.000  abstain_head_acc=1.000
[real_seed_r2_0] pilot 0 step  59100  lr=1.16e-03  loss=0.6849  val_acc={1: 1.0, 2: 1.0, 3: 1.0}  elapsed=5094s  PASS  abstain_loss=0.0000  abstain_class_balance=0.000  abstain_head_acc=1.000
[real_seed_r2_0] pilot 0 step  59200  lr=1.15e-03  loss=0.8020  val_acc={1: 1.0, 2: 1.0, 3: 1.0}  elapsed=5102s  PASS  abstain_loss=0.0000  abstain_class_balance=0.000  abstain_head_acc=1.000
[real_seed_r2_0] pilot 0 step  59300  lr=1.15e-03  loss=0.7701  val_acc={1: 1.0, 2: 1.0, 3: 1.0}  elapsed=5112s  PASS  abstain_loss=0.0000  abstain_class_balance=0.000  abstain_head_acc=1.000
[real_seed_r2_0] pilot 0 step  59400  lr=1.15e-03  loss=0.6826  val_acc={1: 1.0, 2: 1.0, 3: 1.0}  elapsed=5120s  PASS  abstain_loss=0.0000  abstain_class_balance=0.000  abstain_head_acc=1.000
[real_seed_r2_0] pilot 0 step  59500  lr=1.14e-03  loss=0.8026  val_acc={1: 1.0, 2: 1.0, 3: 1.0}  elapsed=5129s  PASS  abstain_loss=0.0000  abstain_class_balance=0.000  abstain_head_acc=1.000
[real_seed_r2_0] pilot 0 step  59600  lr=1.14e-03  loss=0.7823  val_acc={1: 1.0, 2: 1.0, 3: 1.0}  elapsed=5137s  PASS  abstain_loss=0.0000  abstain_class_balance=0.000  abstain_head_acc=1.000
[real_seed_r2_0] pilot 0 step  59700  lr=1.13e-03  loss=0.6944  val_acc={1: 1.0, 2: 1.0, 3: 1.0}  elapsed=5145s  PASS  abstain_loss=0.0000  abstain_class_balance=0.000  abstain_head_acc=1.000
[real_seed_r2_0] pilot 0 step  59800  lr=1.13e-03  loss=0.8093  val_acc={1: 1.0, 2: 1.0, 3: 1.0}  elapsed=5153s  PASS  abstain_loss=0.0000  abstain_class_balance=0.000  abstain_head_acc=1.000
[real_seed_r2_0] pilot 0 step  59900  lr=1.12e-03  loss=0.7714  val_acc={1: 1.0, 2: 1.0, 3: 1.0}  elapsed=5162s  PASS  abstain_loss=0.0000  abstain_class_balance=0.000  abstain_head_acc=1.000
[real_seed_r2_0] pilot 0 step  60000  lr=1.12e-03  loss=0.6928  val_acc={1: 1.0, 2: 1.0, 3: 1.0}  elapsed=5173s  PASS  abstain_loss=0.0000  abstain_class_balance=0.000  abstain_head_acc=1.000
[real_seed_r2_0] pilot 0 step  60100  lr=1.11e-03  loss=0.8008  val_acc={1: 1.0, 2: 1.0, 3: 1.0}  elapsed=5181s  PASS  abstain_loss=0.0000  abstain_class_balance=0.000  abstain_head_acc=1.000
[real_seed_r2_0] pilot 0 step  60200  lr=1.11e-03  loss=0.7705  val_acc={1: 1.0, 2: 1.0, 3: 1.0}  elapsed=5190s  PASS  abstain_loss=0.0000  abstain_class_balance=0.000  abstain_head_acc=1.000
[real_seed_r2_0] pilot 0 step  60300  lr=1.11e-03  loss=0.6863  val_acc={1: 1.0, 2: 1.0, 3: 1.0}  elapsed=5198s  PASS  abstain_loss=0.0000  abstain_class_balance=0.000  abstain_head_acc=1.000
[real_seed_r2_0] pilot 0 step  60400  lr=1.10e-03  loss=0.8025  val_acc={1: 1.0, 2: 1.0, 3: 1.0}  elapsed=5205s  PASS  abstain_loss=0.0000  abstain_class_balance=0.000  abstain_head_acc=1.000
[real_seed_r2_0] pilot 0 step  60500  lr=1.10e-03  loss=0.7642  val_acc={1: 1.0, 2: 1.0, 3: 1.0}  elapsed=5215s  PASS  abstain_loss=0.0000  abstain_class_balance=0.000  abstain_head_acc=1.000
[real_seed_r2_0] pilot 0 step  60600  lr=1.09e-03  loss=0.6889  val_acc={1: 1.0, 2: 1.0, 3: 1.0}  elapsed=5223s  PASS  abstain_loss=0.0000  abstain_class_balance=0.000  abstain_head_acc=1.000
[real_seed_r2_0] pilot 0 step  60700  lr=1.09e-03  loss=0.8048  val_acc={1: 1.0, 2: 1.0, 3: 1.0}  elapsed=5231s  PASS  abstain_loss=0.0000  abstain_class_balance=0.000  abstain_head_acc=1.000
[real_seed_r2_0] pilot 0 step  60800  lr=1.08e-03  loss=0.7701  val_acc={1: 1.0, 2: 1.0, 3: 1.0}  elapsed=5241s  PASS  abstain_loss=0.0000  abstain_class_balance=0.000  abstain_head_acc=1.000
[real_seed_r2_0] pilot 0 step  60900  lr=1.08e-03  loss=0.6820  val_acc={1: 1.0, 2: 1.0, 3: 1.0}  elapsed=5252s  PASS  abstain_loss=0.0000  abstain_class_balance=0.000  abstain_head_acc=1.000
[real_seed_r2_0] pilot 0 step  61000  lr=1.08e-03  loss=0.8032  val_acc={1: 1.0, 2: 1.0, 3: 1.0}  elapsed=5260s  PASS  abstain_loss=0.0000  abstain_class_balance=0.000  abstain_head_acc=1.000
[real_seed_r2_0] pilot 0 step  61100  lr=1.07e-03  loss=0.7747  val_acc={1: 1.0, 2: 1.0, 3: 1.0}  elapsed=5268s  PASS  abstain_loss=0.0000  abstain_class_balance=0.000  abstain_head_acc=1.000
[real_seed_r2_0] pilot 0 step  61200  lr=1.07e-03  loss=0.6838  val_acc={1: 1.0, 2: 1.0, 3: 1.0}  elapsed=5276s  PASS  abstain_loss=0.0000  abstain_class_balance=0.000  abstain_head_acc=1.000
[real_seed_r2_0] pilot 0 step  61300  lr=1.06e-03  loss=0.8144  val_acc={1: 1.0, 2: 1.0, 3: 1.0}  elapsed=5284s  PASS  abstain_loss=0.0000  abstain_class_balance=0.000  abstain_head_acc=1.000
[real_seed_r2_0] pilot 0 step  61400  lr=1.06e-03  loss=0.7816  val_acc={1: 1.0, 2: 1.0, 3: 1.0}  elapsed=5293s  PASS  abstain_loss=0.0000  abstain_class_balance=0.000  abstain_head_acc=1.000
[real_seed_r2_0] pilot 0 step  61500  lr=1.05e-03  loss=0.6850  val_acc={1: 1.0, 2: 1.0, 3: 1.0}  elapsed=5301s  PASS  abstain_loss=0.0000  abstain_class_balance=0.000  abstain_head_acc=1.000
[real_seed_r2_0] pilot 0 step  61600  lr=1.05e-03  loss=0.8010  val_acc={1: 1.0, 2: 1.0, 3: 1.0}  elapsed=5311s  PASS  abstain_loss=0.0000  abstain_class_balance=0.000  abstain_head_acc=1.000
[real_seed_r2_0] pilot 0 step  61700  lr=1.04e-03  loss=0.7705  val_acc={1: 1.0, 2: 1.0, 3: 1.0}  elapsed=5319s  PASS  abstain_loss=0.0000  abstain_class_balance=0.000  abstain_head_acc=1.000
[real_seed_r2_0] pilot 0 step  61800  lr=1.04e-03  loss=0.6811  val_acc={1: 1.0, 2: 1.0, 3: 1.0}  elapsed=5327s  PASS  abstain_loss=0.0000  abstain_class_balance=0.000  abstain_head_acc=1.000
[real_seed_r2_0] pilot 0 step  61900  lr=1.04e-03  loss=0.8000  val_acc={1: 1.0, 2: 1.0, 3: 1.0}  elapsed=5335s  PASS  abstain_loss=0.0000  abstain_class_balance=0.000  abstain_head_acc=1.000
[real_seed_r2_0] pilot 0 step  62000  lr=1.03e-03  loss=0.7714  val_acc={1: 1.0, 2: 1.0, 3: 1.0}  elapsed=5347s  PASS  abstain_loss=0.0000  abstain_class_balance=0.000  abstain_head_acc=1.000
[real_seed_r2_0] pilot 0 step  62100  lr=1.03e-03  loss=0.6868  val_acc={1: 1.0, 2: 1.0, 3: 1.0}  elapsed=5355s  PASS  abstain_loss=0.0000  abstain_class_balance=0.000  abstain_head_acc=1.000
[real_seed_r2_0] pilot 0 step  62200  lr=1.02e-03  loss=0.8087  val_acc={1: 1.0, 2: 1.0, 3: 1.0}  elapsed=5364s  PASS  abstain_loss=0.0000  abstain_class_balance=0.000  abstain_head_acc=1.000
[real_seed_r2_0] pilot 0 step  62300  lr=1.02e-03  loss=0.7781  val_acc={1: 1.0, 2: 1.0, 3: 1.0}  elapsed=5371s  PASS  abstain_loss=0.0000  abstain_class_balance=0.000  abstain_head_acc=1.000
[real_seed_r2_0] pilot 0 step  62400  lr=1.01e-03  loss=0.6890  val_acc={1: 1.0, 2: 1.0, 3: 1.0}  elapsed=5378s  PASS  abstain_loss=0.0000  abstain_class_balance=0.000  abstain_head_acc=1.000
[real_seed_r2_0] pilot 0 step  62500  lr=1.01e-03  loss=0.8035  val_acc={1: 1.0, 2: 1.0, 3: 1.0}  elapsed=5386s  PASS  abstain_loss=0.0000  abstain_class_balance=0.000  abstain_head_acc=1.000
[real_seed_r2_0] pilot 0 step  62600  lr=1.01e-03  loss=0.7743  val_acc={1: 1.0, 2: 1.0, 3: 1.0}  elapsed=5395s  PASS  abstain_loss=0.0000  abstain_class_balance=0.000  abstain_head_acc=1.000
[real_seed_r2_0] pilot 0 step  62700  lr=1.00e-03  loss=0.6922  val_acc={1: 1.0, 2: 1.0, 3: 1.0}  elapsed=5404s  PASS  abstain_loss=0.0000  abstain_class_balance=0.000  abstain_head_acc=1.000
[real_seed_r2_0] pilot 0 step  62800  lr=9.98e-04  loss=0.8025  val_acc={1: 1.0, 2: 1.0, 3: 1.0}  elapsed=5411s  PASS  abstain_loss=0.0000  abstain_class_balance=0.000  abstain_head_acc=1.000
[real_seed_r2_0] pilot 0 step  62900  lr=9.93e-04  loss=0.7752  val_acc={1: 1.0, 2: 1.0, 3: 1.0}  elapsed=5420s  PASS  abstain_loss=0.0000  abstain_class_balance=0.000  abstain_head_acc=1.000
[real_seed_r2_0] pilot 0 step  63000  lr=9.89e-04  loss=0.6875  val_acc={1: 1.0, 2: 1.0, 3: 1.0}  elapsed=5428s  PASS  abstain_loss=0.0000  abstain_class_balance=0.000  abstain_head_acc=1.000
[real_seed_r2_0] pilot 0 step  63100  lr=9.85e-04  loss=0.8045  val_acc={1: 1.0, 2: 1.0, 3: 1.0}  elapsed=5435s  PASS  abstain_loss=0.0000  abstain_class_balance=0.000  abstain_head_acc=1.000
[real_seed_r2_0] pilot 0 step  63200  lr=9.81e-04  loss=0.7779  val_acc={1: 1.0, 2: 1.0, 3: 1.0}  elapsed=5442s  PASS  abstain_loss=0.0000  abstain_class_balance=0.000  abstain_head_acc=1.000
[real_seed_r2_0] pilot 0 step  63300  lr=9.76e-04  loss=0.6812  val_acc={1: 1.0, 2: 1.0, 3: 1.0}  elapsed=5451s  PASS  abstain_loss=0.0000  abstain_class_balance=0.000  abstain_head_acc=1.000
[real_seed_r2_0] pilot 0 step  63400  lr=9.72e-04  loss=0.7982  val_acc={1: 1.0, 2: 1.0, 3: 1.0}  elapsed=5460s  PASS  abstain_loss=0.0000  abstain_class_balance=0.000  abstain_head_acc=1.000
[real_seed_r2_0] pilot 0 step  63500  lr=9.68e-04  loss=0.7720  val_acc={1: 1.0, 2: 1.0, 3: 1.0}  elapsed=5468s  PASS  abstain_loss=0.0000  abstain_class_balance=0.000  abstain_head_acc=1.000
[real_seed_r2_0] pilot 0 step  63600  lr=9.64e-04  loss=0.6937  val_acc={1: 1.0, 2: 1.0, 3: 1.0}  elapsed=5477s  PASS  abstain_loss=0.0000  abstain_class_balance=0.000  abstain_head_acc=1.000
[real_seed_r2_0] pilot 0 step  63700  lr=9.59e-04  loss=0.8064  val_acc={1: 1.0, 2: 1.0, 3: 1.0}  elapsed=5485s  PASS  abstain_loss=0.0000  abstain_class_balance=0.000  abstain_head_acc=1.000
[real_seed_r2_0] pilot 0 step  63800  lr=9.55e-04  loss=0.7662  val_acc={1: 1.0, 2: 1.0, 3: 1.0}  elapsed=5496s  PASS  abstain_loss=0.0000  abstain_class_balance=0.000  abstain_head_acc=1.000
[real_seed_r2_0] pilot 0 step  63900  lr=9.51e-04  loss=0.6909  val_acc={1: 1.0, 2: 1.0, 3: 1.0}  elapsed=5505s  PASS  abstain_loss=0.0000  abstain_class_balance=0.000  abstain_head_acc=1.000
[real_seed_r2_0] pilot 0 step  64000  lr=9.47e-04  loss=0.8038  val_acc={1: 1.0, 2: 1.0, 3: 1.0}  elapsed=5515s  PASS  abstain_loss=0.0000  abstain_class_balance=0.000  abstain_head_acc=1.000
[real_seed_r2_0] pilot 0 step  64100  lr=9.43e-04  loss=0.7715  val_acc={1: 1.0, 2: 1.0, 3: 1.0}  elapsed=5524s  PASS  abstain_loss=0.0000  abstain_class_balance=0.000  abstain_head_acc=1.000
[real_seed_r2_0] pilot 0 step  64200  lr=9.38e-04  loss=0.6854  val_acc={1: 1.0, 2: 1.0, 3: 1.0}  elapsed=5531s  PASS  abstain_loss=0.0000  abstain_class_balance=0.000  abstain_head_acc=1.000
[real_seed_r2_0] pilot 0 step  64300  lr=9.34e-04  loss=0.8012  val_acc={1: 1.0, 2: 1.0, 3: 1.0}  elapsed=5539s  PASS  abstain_loss=0.0000  abstain_class_balance=0.000  abstain_head_acc=1.000
[real_seed_r2_0] pilot 0 step  64400  lr=9.30e-04  loss=0.7650  val_acc={1: 1.0, 2: 1.0, 3: 1.0}  elapsed=5548s  PASS  abstain_loss=0.0000  abstain_class_balance=0.000  abstain_head_acc=1.000
[real_seed_r2_0] pilot 0 step  64500  lr=9.26e-04  loss=0.6924  val_acc={1: 1.0, 2: 1.0, 3: 1.0}  elapsed=5557s  PASS  abstain_loss=0.0000  abstain_class_balance=0.000  abstain_head_acc=1.000
[real_seed_r2_0] pilot 0 step  64600  lr=9.22e-04  loss=0.8055  val_acc={1: 1.0, 2: 1.0, 3: 1.0}  elapsed=5566s  PASS  abstain_loss=0.0000  abstain_class_balance=0.000  abstain_head_acc=1.000
[real_seed_r2_0] pilot 0 step  64700  lr=9.17e-04  loss=0.7755  val_acc={1: 1.0, 2: 1.0, 3: 1.0}  elapsed=5574s  PASS  abstain_loss=0.0000  abstain_class_balance=0.000  abstain_head_acc=1.000
[real_seed_r2_0] pilot 0 step  64800  lr=9.13e-04  loss=0.6855  val_acc={1: 1.0, 2: 1.0, 3: 1.0}  elapsed=5582s  PASS  abstain_loss=0.0000  abstain_class_balance=0.000  abstain_head_acc=1.000
[real_seed_r2_0] pilot 0 step  64900  lr=9.09e-04  loss=0.7949  val_acc={1: 1.0, 2: 1.0, 3: 1.0}  elapsed=5589s  PASS  abstain_loss=0.0000  abstain_class_balance=0.000  abstain_head_acc=1.000
[real_seed_r2_0] pilot 0 step  65000  lr=9.05e-04  loss=0.7808  val_acc={1: 1.0, 2: 1.0, 3: 1.0}  elapsed=5597s  PASS  abstain_loss=0.0000  abstain_class_balance=0.000  abstain_head_acc=1.000
[real_seed_r2_0] pilot 0 step  65100  lr=9.01e-04  loss=0.6884  val_acc={1: 1.0, 2: 1.0, 3: 1.0}  elapsed=5605s  PASS  abstain_loss=0.0001  abstain_class_balance=0.000  abstain_head_acc=1.000
[real_seed_r2_0] pilot 0 step  65200  lr=8.97e-04  loss=0.8016  val_acc={1: 1.0, 2: 1.0, 3: 1.0}  elapsed=5613s  PASS  abstain_loss=0.0000  abstain_class_balance=0.000  abstain_head_acc=1.000
[real_seed_r2_0] pilot 0 step  65300  lr=8.92e-04  loss=0.7843  val_acc={1: 1.0, 2: 1.0, 3: 1.0}  elapsed=5621s  PASS  abstain_loss=0.0000  abstain_class_balance=0.000  abstain_head_acc=1.000
[real_seed_r2_0] pilot 0 step  65400  lr=8.88e-04  loss=0.6816  val_acc={1: 1.0, 2: 1.0, 3: 1.0}  elapsed=5629s  PASS  abstain_loss=0.0000  abstain_class_balance=0.000  abstain_head_acc=1.000
[real_seed_r2_0] pilot 0 step  65500  lr=8.84e-04  loss=0.7989  val_acc={1: 1.0, 2: 1.0, 3: 1.0}  elapsed=5640s  PASS  abstain_loss=0.0000  abstain_class_balance=0.000  abstain_head_acc=1.000
[real_seed_r2_0] pilot 0 step  65600  lr=8.80e-04  loss=0.7686  val_acc={1: 1.0, 2: 1.0, 3: 1.0}  elapsed=5651s  PASS  abstain_loss=0.0000  abstain_class_balance=0.000  abstain_head_acc=1.000
[real_seed_r2_0] pilot 0 step  65700  lr=8.76e-04  loss=0.6738  val_acc={1: 1.0, 2: 1.0, 3: 1.0}  elapsed=5659s  PASS  abstain_loss=0.0000  abstain_class_balance=0.000  abstain_head_acc=1.000
[real_seed_r2_0] pilot 0 step  65800  lr=8.72e-04  loss=0.8054  val_acc={1: 1.0, 2: 1.0, 3: 1.0}  elapsed=5667s  PASS  abstain_loss=0.0000  abstain_class_balance=0.000  abstain_head_acc=1.000
[real_seed_r2_0] pilot 0 step  65900  lr=8.68e-04  loss=0.7815  val_acc={1: 1.0, 2: 1.0, 3: 1.0}  elapsed=5676s  PASS  abstain_loss=0.0000  abstain_class_balance=0.000  abstain_head_acc=1.000
[real_seed_r2_0] pilot 0 step  66000  lr=8.64e-04  loss=0.6934  val_acc={1: 1.0, 2: 1.0, 3: 1.0}  elapsed=5684s  PASS  abstain_loss=0.0000  abstain_class_balance=0.000  abstain_head_acc=1.000
[real_seed_r2_0] pilot 0 step  66100  lr=8.60e-04  loss=0.7987  val_acc={1: 1.0, 2: 1.0, 3: 1.0}  elapsed=5693s  PASS  abstain_loss=0.0000  abstain_class_balance=0.000  abstain_head_acc=1.000
[real_seed_r2_0] pilot 0 step  66200  lr=8.55e-04  loss=0.7713  val_acc={1: 1.0, 2: 1.0, 3: 1.0}  elapsed=5702s  PASS  abstain_loss=0.0000  abstain_class_balance=0.000  abstain_head_acc=1.000
[real_seed_r2_0] pilot 0 step  66300  lr=8.51e-04  loss=0.6878  val_acc={1: 1.0, 2: 1.0, 3: 1.0}  elapsed=5711s  PASS  abstain_loss=0.0000  abstain_class_balance=0.000  abstain_head_acc=1.000
[real_seed_r2_0] pilot 0 step  66400  lr=8.47e-04  loss=0.8000  val_acc={1: 1.0, 2: 1.0, 3: 1.0}  elapsed=5720s  PASS  abstain_loss=0.0000  abstain_class_balance=0.000  abstain_head_acc=1.000
[real_seed_r2_0] pilot 0 step  66500  lr=8.43e-04  loss=0.7639  val_acc={1: 1.0, 2: 1.0, 3: 1.0}  elapsed=5729s  PASS  abstain_loss=0.0000  abstain_class_balance=0.000  abstain_head_acc=1.000
[real_seed_r2_0] pilot 0 step  66600  lr=8.39e-04  loss=0.6928  val_acc={1: 1.0, 2: 1.0, 3: 1.0}  elapsed=5738s  PASS  abstain_loss=0.0000  abstain_class_balance=0.000  abstain_head_acc=1.000
[real_seed_r2_0] pilot 0 step  66700  lr=8.35e-04  loss=0.7994  val_acc={1: 1.0, 2: 1.0, 3: 1.0}  elapsed=5746s  PASS  abstain_loss=0.0000  abstain_class_balance=0.000  abstain_head_acc=1.000
[real_seed_r2_0] pilot 0 step  66800  lr=8.31e-04  loss=0.7766  val_acc={1: 1.0, 2: 1.0, 3: 1.0}  elapsed=5754s  PASS  abstain_loss=0.0000  abstain_class_balance=0.000  abstain_head_acc=1.000
[real_seed_r2_0] pilot 0 step  66900  lr=8.27e-04  loss=0.6892  val_acc={1: 1.0, 2: 1.0, 3: 1.0}  elapsed=5763s  PASS  abstain_loss=0.0000  abstain_class_balance=0.000  abstain_head_acc=1.000
[real_seed_r2_0] pilot 0 step  67000  lr=8.23e-04  loss=0.8044  val_acc={1: 1.0, 2: 1.0, 3: 1.0}  elapsed=5771s  PASS  abstain_loss=0.0000  abstain_class_balance=0.000  abstain_head_acc=1.000
[real_seed_r2_0] pilot 0 step  67100  lr=8.19e-04  loss=0.7599  val_acc={1: 1.0, 2: 1.0, 3: 1.0}  elapsed=5780s  PASS  abstain_loss=0.0000  abstain_class_balance=0.000  abstain_head_acc=1.000
[real_seed_r2_0] pilot 0 step  67200  lr=8.15e-04  loss=0.6864  val_acc={1: 1.0, 2: 1.0, 3: 1.0}  elapsed=5788s  PASS  abstain_loss=0.0000  abstain_class_balance=0.000  abstain_head_acc=1.000
[real_seed_r2_0] pilot 0 step  67300  lr=8.11e-04  loss=0.7984  val_acc={1: 1.0, 2: 1.0, 3: 1.0}  elapsed=5795s  PASS  abstain_loss=0.0000  abstain_class_balance=0.000  abstain_head_acc=1.000
[real_seed_r2_0] pilot 0 step  67400  lr=8.07e-04  loss=0.7718  val_acc={1: 1.0, 2: 1.0, 3: 1.0}  elapsed=5804s  PASS  abstain_loss=0.0000  abstain_class_balance=0.000  abstain_head_acc=1.000
[real_seed_r2_0] pilot 0 step  67500  lr=8.03e-04  loss=0.6954  val_acc={1: 1.0, 2: 1.0, 3: 1.0}  elapsed=5812s  PASS  abstain_loss=0.0058  abstain_class_balance=0.000  abstain_head_acc=1.000
[real_seed_r2_0] pilot 0 step  67600  lr=7.99e-04  loss=0.8038  val_acc={1: 1.0, 2: 1.0, 3: 1.0}  elapsed=5820s  PASS  abstain_loss=0.0000  abstain_class_balance=0.000  abstain_head_acc=1.000
[real_seed_r2_0] pilot 0 step  67700  lr=7.95e-04  loss=0.7703  val_acc={1: 1.0, 2: 1.0, 3: 1.0}  elapsed=5828s  PASS  abstain_loss=0.0000  abstain_class_balance=0.000  abstain_head_acc=1.000
[real_seed_r2_0] pilot 0 step  67800  lr=7.91e-04  loss=0.6810  val_acc={1: 1.0, 2: 1.0, 3: 1.0}  elapsed=5836s  PASS  abstain_loss=0.0000  abstain_class_balance=0.000  abstain_head_acc=1.000
[real_seed_r2_0] pilot 0 step  67900  lr=7.87e-04  loss=0.7975  val_acc={1: 1.0, 2: 1.0, 3: 1.0}  elapsed=5845s  PASS  abstain_loss=0.0000  abstain_class_balance=0.000  abstain_head_acc=1.000
[real_seed_r2_0] pilot 0 step  68000  lr=7.83e-04  loss=0.7697  val_acc={1: 1.0, 2: 1.0, 3: 1.0}  elapsed=5852s  PASS  abstain_loss=0.0000  abstain_class_balance=0.000  abstain_head_acc=1.000
[real_seed_r2_0] pilot 0 step  68100  lr=7.79e-04  loss=0.6753  val_acc={1: 1.0, 2: 1.0, 3: 1.0}  elapsed=5862s  PASS  abstain_loss=0.0000  abstain_class_balance=0.000  abstain_head_acc=1.000
[real_seed_r2_0] pilot 0 step  68200  lr=7.75e-04  loss=0.7967  val_acc={1: 1.0, 2: 1.0, 3: 1.0}  elapsed=5870s  PASS  abstain_loss=0.0000  abstain_class_balance=0.000  abstain_head_acc=1.000
[real_seed_r2_0] pilot 0 step  68300  lr=7.71e-04  loss=0.7730  val_acc={1: 1.0, 2: 1.0, 3: 1.0}  elapsed=5879s  PASS  abstain_loss=0.0000  abstain_class_balance=0.000  abstain_head_acc=1.000
[real_seed_r2_0] pilot 0 step  68400  lr=7.67e-04  loss=0.6782  val_acc={1: 1.0, 2: 1.0, 3: 1.0}  elapsed=5888s  PASS  abstain_loss=0.0000  abstain_class_balance=0.000  abstain_head_acc=1.000
[real_seed_r2_0] pilot 0 step  68500  lr=7.63e-04  loss=0.7891  val_acc={1: 1.0, 2: 1.0, 3: 1.0}  elapsed=5896s  PASS  abstain_loss=0.0000  abstain_class_balance=0.000  abstain_head_acc=1.000
[real_seed_r2_0] pilot 0 step  68600  lr=7.59e-04  loss=0.7749  val_acc={1: 1.0, 2: 1.0, 3: 1.0}  elapsed=5908s  PASS  abstain_loss=0.0000  abstain_class_balance=0.000  abstain_head_acc=1.000
[real_seed_r2_0] pilot 0 step  68700  lr=7.55e-04  loss=0.6946  val_acc={1: 1.0, 2: 1.0, 3: 1.0}  elapsed=5919s  PASS  abstain_loss=0.0000  abstain_class_balance=0.000  abstain_head_acc=1.000
[real_seed_r2_0] pilot 0 step  68800  lr=7.52e-04  loss=0.8054  val_acc={1: 1.0, 2: 1.0, 3: 1.0}  elapsed=5927s  PASS  abstain_loss=0.0000  abstain_class_balance=0.000  abstain_head_acc=1.000
[real_seed_r2_0] pilot 0 step  68900  lr=7.48e-04  loss=0.7722  val_acc={1: 1.0, 2: 1.0, 3: 1.0}  elapsed=5935s  PASS  abstain_loss=0.0000  abstain_class_balance=0.000  abstain_head_acc=1.000
[real_seed_r2_0] pilot 0 step  69000  lr=7.44e-04  loss=0.6771  val_acc={1: 1.0, 2: 1.0, 3: 1.0}  elapsed=5943s  PASS  abstain_loss=0.0000  abstain_class_balance=0.000  abstain_head_acc=1.000
[real_seed_r2_0] pilot 0 step  69100  lr=7.40e-04  loss=0.8065  val_acc={1: 1.0, 2: 1.0, 3: 1.0}  elapsed=5951s  PASS  abstain_loss=0.0000  abstain_class_balance=0.000  abstain_head_acc=1.000
[real_seed_r2_0] pilot 0 step  69200  lr=7.36e-04  loss=0.7710  val_acc={1: 1.0, 2: 1.0, 3: 1.0}  elapsed=5961s  PASS  abstain_loss=0.0000  abstain_class_balance=0.000  abstain_head_acc=1.000
[real_seed_r2_0] pilot 0 step  69300  lr=7.32e-04  loss=0.6780  val_acc={1: 1.0, 2: 1.0, 3: 1.0}  elapsed=5972s  PASS  abstain_loss=0.0000  abstain_class_balance=0.000  abstain_head_acc=1.000
[real_seed_r2_0] pilot 0 step  69400  lr=7.28e-04  loss=0.8013  val_acc={1: 1.0, 2: 1.0, 3: 1.0}  elapsed=5982s  PASS  abstain_loss=0.0000  abstain_class_balance=0.000  abstain_head_acc=1.000
[real_seed_r2_0] pilot 0 step  69500  lr=7.24e-04  loss=0.7713  val_acc={1: 1.0, 2: 1.0, 3: 1.0}  elapsed=5991s  PASS  abstain_loss=0.0000  abstain_class_balance=0.000  abstain_head_acc=1.000
[real_seed_r2_0] pilot 0 step  69600  lr=7.21e-04  loss=0.6727  val_acc={1: 1.0, 2: 1.0, 3: 1.0}  elapsed=6000s  PASS  abstain_loss=0.0000  abstain_class_balance=0.000  abstain_head_acc=1.000
[real_seed_r2_0] pilot 0 step  69700  lr=7.17e-04  loss=0.8041  val_acc={1: 1.0, 2: 1.0, 3: 1.0}  elapsed=6009s  PASS  abstain_loss=0.0000  abstain_class_balance=0.000  abstain_head_acc=1.000
[real_seed_r2_0] pilot 0 step  69800  lr=7.13e-04  loss=0.7835  val_acc={1: 1.0, 2: 1.0, 3: 1.0}  elapsed=6017s  PASS  abstain_loss=0.0000  abstain_class_balance=0.000  abstain_head_acc=1.000
[real_seed_r2_0] pilot 0 step  69900  lr=7.09e-04  loss=0.6842  val_acc={1: 1.0, 2: 1.0, 3: 1.0}  elapsed=6026s  PASS  abstain_loss=0.0001  abstain_class_balance=0.000  abstain_head_acc=1.000
[real_seed_r2_0] pilot 0 step  70000  lr=7.05e-04  loss=0.7966  val_acc={1: 1.0, 2: 1.0, 3: 1.0}  elapsed=6034s  PASS  abstain_loss=0.0000  abstain_class_balance=0.000  abstain_head_acc=1.000
[real_seed_r2_0] pilot 0 step  70100  lr=7.01e-04  loss=0.7687  val_acc={1: 1.0, 2: 1.0, 3: 1.0}  elapsed=6042s  PASS  abstain_loss=0.0000  abstain_class_balance=0.000  abstain_head_acc=1.000
[real_seed_r2_0] pilot 0 step  70200  lr=6.98e-04  loss=0.6816  val_acc={1: 1.0, 2: 1.0, 3: 1.0}  elapsed=6050s  PASS  abstain_loss=0.0001  abstain_class_balance=0.000  abstain_head_acc=1.000
[real_seed_r2_0] pilot 0 step  70300  lr=6.94e-04  loss=0.8049  val_acc={1: 1.0, 2: 1.0, 3: 1.0}  elapsed=6059s  PASS  abstain_loss=0.0000  abstain_class_balance=0.000  abstain_head_acc=1.000
[real_seed_r2_0] pilot 0 step  70400  lr=6.90e-04  loss=0.7668  val_acc={1: 1.0, 2: 1.0, 3: 1.0}  elapsed=6067s  PASS  abstain_loss=0.0000  abstain_class_balance=0.000  abstain_head_acc=1.000
[real_seed_r2_0] pilot 0 step  70500  lr=6.86e-04  loss=0.6790  val_acc={1: 1.0, 2: 1.0, 3: 1.0}  elapsed=6075s  PASS  abstain_loss=0.0000  abstain_class_balance=0.000  abstain_head_acc=1.000
[real_seed_r2_0] pilot 0 step  70600  lr=6.82e-04  loss=0.7957  val_acc={1: 1.0, 2: 1.0, 3: 1.0}  elapsed=6083s  PASS  abstain_loss=0.0000  abstain_class_balance=0.000  abstain_head_acc=1.000
[real_seed_r2_0] pilot 0 step  70700  lr=6.79e-04  loss=0.7718  val_acc={1: 1.0, 2: 1.0, 3: 1.0}  elapsed=6091s  PASS  abstain_loss=0.0000  abstain_class_balance=0.000  abstain_head_acc=1.000
[real_seed_r2_0] pilot 0 step  70800  lr=6.75e-04  loss=0.6806  val_acc={1: 1.0, 2: 1.0, 3: 1.0}  elapsed=6098s  PASS  abstain_loss=0.0002  abstain_class_balance=0.000  abstain_head_acc=1.000
[real_seed_r2_0] pilot 0 step  70900  lr=6.71e-04  loss=0.8040  val_acc={1: 1.0, 2: 1.0, 3: 1.0}  elapsed=6107s  PASS  abstain_loss=0.0000  abstain_class_balance=0.000  abstain_head_acc=1.000
[real_seed_r2_0] pilot 0 step  71000  lr=6.67e-04  loss=0.7667  val_acc={1: 1.0, 2: 1.0, 3: 1.0}  elapsed=6114s  PASS  abstain_loss=0.0000  abstain_class_balance=0.000  abstain_head_acc=1.000
[real_seed_r2_0] pilot 0 step  71100  lr=6.64e-04  loss=0.6883  val_acc={1: 1.0, 2: 1.0, 3: 1.0}  elapsed=6124s  PASS  abstain_loss=0.0000  abstain_class_balance=0.000  abstain_head_acc=1.000
[real_seed_r2_0] pilot 0 step  71200  lr=6.60e-04  loss=0.8013  val_acc={1: 1.0, 2: 1.0, 3: 1.0}  elapsed=6132s  PASS  abstain_loss=0.0000  abstain_class_balance=0.000  abstain_head_acc=1.000
[real_seed_r2_0] pilot 0 step  71300  lr=6.56e-04  loss=0.7784  val_acc={1: 1.0, 2: 1.0, 3: 1.0}  elapsed=6140s  PASS  abstain_loss=0.0000  abstain_class_balance=0.000  abstain_head_acc=1.000
[real_seed_r2_0] pilot 0 step  71400  lr=6.52e-04  loss=0.6821  val_acc={1: 1.0, 2: 1.0, 3: 1.0}  elapsed=6150s  PASS  abstain_loss=0.0001  abstain_class_balance=0.000  abstain_head_acc=1.000
[real_seed_r2_0] pilot 0 step  71500  lr=6.49e-04  loss=0.8008  val_acc={1: 1.0, 2: 1.0, 3: 1.0}  elapsed=6158s  PASS  abstain_loss=0.0000  abstain_class_balance=0.000  abstain_head_acc=1.000
[real_seed_r2_0] pilot 0 step  71600  lr=6.45e-04  loss=0.7667  val_acc={1: 1.0, 2: 1.0, 3: 1.0}  elapsed=6168s  PASS  abstain_loss=0.0000  abstain_class_balance=0.000  abstain_head_acc=1.000
[real_seed_r2_0] pilot 0 step  71700  lr=6.41e-04  loss=0.6800  val_acc={1: 1.0, 2: 1.0, 3: 1.0}  elapsed=6176s  PASS  abstain_loss=0.0000  abstain_class_balance=0.000  abstain_head_acc=1.000
[real_seed_r2_0] pilot 0 step  71800  lr=6.38e-04  loss=0.7928  val_acc={1: 1.0, 2: 1.0, 3: 1.0}  elapsed=6184s  PASS  abstain_loss=0.0000  abstain_class_balance=0.000  abstain_head_acc=1.000
[real_seed_r2_0] pilot 0 step  71900  lr=6.34e-04  loss=0.7604  val_acc={1: 1.0, 2: 1.0, 3: 1.0}  elapsed=6195s  PASS  abstain_loss=0.0000  abstain_class_balance=0.000  abstain_head_acc=1.000
[real_seed_r2_0] pilot 0 step  72000  lr=6.30e-04  loss=0.6879  val_acc={1: 1.0, 2: 1.0, 3: 1.0}  elapsed=6205s  PASS  abstain_loss=0.0000  abstain_class_balance=0.000  abstain_head_acc=1.000
[real_seed_r2_0] pilot 0 step  72100  lr=6.27e-04  loss=0.8007  val_acc={1: 1.0, 2: 1.0, 3: 1.0}  elapsed=6212s  PASS  abstain_loss=0.0000  abstain_class_balance=0.000  abstain_head_acc=1.000
[real_seed_r2_0] pilot 0 step  72200  lr=6.23e-04  loss=0.7713  val_acc={1: 1.0, 2: 1.0, 3: 1.0}  elapsed=6221s  PASS  abstain_loss=0.0000  abstain_class_balance=0.000  abstain_head_acc=1.000
[real_seed_r2_0] pilot 0 step  72300  lr=6.19e-04  loss=0.6859  val_acc={1: 1.0, 2: 1.0, 3: 1.0}  elapsed=6229s  PASS  abstain_loss=0.0001  abstain_class_balance=0.000  abstain_head_acc=1.000
[real_seed_r2_0] pilot 0 step  72400  lr=6.16e-04  loss=0.7987  val_acc={1: 1.0, 2: 1.0, 3: 1.0}  elapsed=6237s  PASS  abstain_loss=0.0000  abstain_class_balance=0.000  abstain_head_acc=1.000
[real_seed_r2_0] pilot 0 step  72500  lr=6.12e-04  loss=0.7694  val_acc={1: 1.0, 2: 1.0, 3: 1.0}  elapsed=6246s  PASS  abstain_loss=0.0000  abstain_class_balance=0.000  abstain_head_acc=1.000
[real_seed_r2_0] pilot 0 step  72600  lr=6.09e-04  loss=0.6819  val_acc={1: 1.0, 2: 1.0, 3: 1.0}  elapsed=6255s  PASS  abstain_loss=0.0000  abstain_class_balance=0.000  abstain_head_acc=1.000
[real_seed_r2_0] pilot 0 step  72700  lr=6.05e-04  loss=0.7988  val_acc={1: 1.0, 2: 1.0, 3: 1.0}  elapsed=6262s  PASS  abstain_loss=0.0000  abstain_class_balance=0.000  abstain_head_acc=1.000
[real_seed_r2_0] pilot 0 step  72800  lr=6.01e-04  loss=0.7764  val_acc={1: 1.0, 2: 1.0, 3: 1.0}  elapsed=6270s  PASS  abstain_loss=0.0000  abstain_class_balance=0.000  abstain_head_acc=1.000
[real_seed_r2_0] pilot 0 step  72900  lr=5.98e-04  loss=0.6868  val_acc={1: 1.0, 2: 1.0, 3: 1.0}  elapsed=6278s  PASS  abstain_loss=0.0000  abstain_class_balance=0.000  abstain_head_acc=1.000
[real_seed_r2_0] pilot 0 step  73000  lr=5.94e-04  loss=0.8049  val_acc={1: 1.0, 2: 1.0, 3: 1.0}  elapsed=6288s  PASS  abstain_loss=0.0000  abstain_class_balance=0.000  abstain_head_acc=1.000
[real_seed_r2_0] pilot 0 step  73100  lr=5.91e-04  loss=0.7744  val_acc={1: 1.0, 2: 1.0, 3: 1.0}  elapsed=6295s  PASS  abstain_loss=0.0000  abstain_class_balance=0.000  abstain_head_acc=1.000
[real_seed_r2_0] pilot 0 step  73200  lr=5.87e-04  loss=0.6839  val_acc={1: 1.0, 2: 1.0, 3: 1.0}  elapsed=6303s  PASS  abstain_loss=0.0000  abstain_class_balance=0.000  abstain_head_acc=1.000
[real_seed_r2_0] pilot 0 step  73300  lr=5.84e-04  loss=0.8018  val_acc={1: 1.0, 2: 1.0, 3: 1.0}  elapsed=6311s  PASS  abstain_loss=0.0000  abstain_class_balance=0.000  abstain_head_acc=1.000
[real_seed_r2_0] pilot 0 step  73400  lr=5.80e-04  loss=0.7779  val_acc={1: 1.0, 2: 1.0, 3: 1.0}  elapsed=6319s  PASS  abstain_loss=0.0000  abstain_class_balance=0.000  abstain_head_acc=1.000
[real_seed_r2_0] pilot 0 step  73500  lr=5.76e-04  loss=0.6831  val_acc={1: 1.0, 2: 1.0, 3: 1.0}  elapsed=6327s  PASS  abstain_loss=0.0000  abstain_class_balance=0.000  abstain_head_acc=1.000
[real_seed_r2_0] pilot 0 step  73600  lr=5.73e-04  loss=0.8014  val_acc={1: 1.0, 2: 1.0, 3: 1.0}  elapsed=6336s  PASS  abstain_loss=0.0000  abstain_class_balance=0.000  abstain_head_acc=1.000
[real_seed_r2_0] pilot 0 step  73700  lr=5.69e-04  loss=0.7717  val_acc={1: 1.0, 2: 1.0, 3: 1.0}  elapsed=6343s  PASS  abstain_loss=0.0000  abstain_class_balance=0.000  abstain_head_acc=1.000
[real_seed_r2_0] pilot 0 step  73800  lr=5.66e-04  loss=0.6811  val_acc={1: 1.0, 2: 1.0, 3: 1.0}  elapsed=6352s  PASS  abstain_loss=0.0000  abstain_class_balance=0.000  abstain_head_acc=1.000
[real_seed_r2_0] pilot 0 step  73900  lr=5.62e-04  loss=0.8049  val_acc={1: 1.0, 2: 1.0, 3: 1.0}  elapsed=6360s  PASS  abstain_loss=0.0000  abstain_class_balance=0.000  abstain_head_acc=1.000
[real_seed_r2_0] pilot 0 step  74000  lr=5.59e-04  loss=0.7730  val_acc={1: 1.0, 2: 1.0, 3: 1.0}  elapsed=6368s  PASS  abstain_loss=0.0000  abstain_class_balance=0.000  abstain_head_acc=1.000
[real_seed_r2_0] pilot 0 step  74100  lr=5.55e-04  loss=0.6794  val_acc={1: 1.0, 2: 1.0, 3: 1.0}  elapsed=6377s  PASS  abstain_loss=0.0000  abstain_class_balance=0.000  abstain_head_acc=1.000
[real_seed_r2_0] pilot 0 step  74200  lr=5.52e-04  loss=0.7992  val_acc={1: 1.0, 2: 1.0, 3: 1.0}  elapsed=6385s  PASS  abstain_loss=0.0000  abstain_class_balance=0.000  abstain_head_acc=1.000
[real_seed_r2_0] pilot 0 step  74300  lr=5.48e-04  loss=0.7760  val_acc={1: 1.0, 2: 1.0, 3: 1.0}  elapsed=6396s  PASS  abstain_loss=0.0000  abstain_class_balance=0.000  abstain_head_acc=1.000
[real_seed_r2_0] pilot 0 step  74400  lr=5.45e-04  loss=0.6927  val_acc={1: 1.0, 2: 1.0, 3: 1.0}  elapsed=6404s  PASS  abstain_loss=0.0000  abstain_class_balance=0.000  abstain_head_acc=1.000
[real_seed_r2_0] pilot 0 step  74500  lr=5.42e-04  loss=0.7996  val_acc={1: 1.0, 2: 1.0, 3: 1.0}  elapsed=6414s  PASS  abstain_loss=0.0000  abstain_class_balance=0.000  abstain_head_acc=1.000
[real_seed_r2_0] pilot 0 step  74600  lr=5.38e-04  loss=0.7691  val_acc={1: 1.0, 2: 1.0, 3: 1.0}  elapsed=6423s  PASS  abstain_loss=0.0000  abstain_class_balance=0.000  abstain_head_acc=1.000
[real_seed_r2_0] pilot 0 step  74700  lr=5.35e-04  loss=0.6811  val_acc={1: 1.0, 2: 1.0, 3: 1.0}  elapsed=6432s  PASS  abstain_loss=0.0000  abstain_class_balance=0.000  abstain_head_acc=1.000
[real_seed_r2_0] pilot 0 step  74800  lr=5.31e-04  loss=0.8033  val_acc={1: 1.0, 2: 1.0, 3: 1.0}  elapsed=6440s  PASS  abstain_loss=0.0000  abstain_class_balance=0.000  abstain_head_acc=1.000
[real_seed_r2_0] pilot 0 step  74900  lr=5.28e-04  loss=0.7760  val_acc={1: 1.0, 2: 1.0, 3: 1.0}  elapsed=6449s  PASS  abstain_loss=0.0000  abstain_class_balance=0.000  abstain_head_acc=1.000
[real_seed_r2_0] pilot 0 step  75000  lr=5.25e-04  loss=0.6771  val_acc={1: 1.0, 2: 1.0, 3: 1.0}  elapsed=6456s  PASS  abstain_loss=0.0000  abstain_class_balance=0.000  abstain_head_acc=1.000
[real_seed_r2_0] pilot 0 step  75100  lr=5.21e-04  loss=0.7994  val_acc={1: 1.0, 2: 1.0, 3: 1.0}  elapsed=6465s  PASS  abstain_loss=0.0000  abstain_class_balance=0.000  abstain_head_acc=1.000
[real_seed_r2_0] pilot 0 step  75200  lr=5.18e-04  loss=0.7703  val_acc={1: 1.0, 2: 1.0, 3: 1.0}  elapsed=6474s  PASS  abstain_loss=0.0000  abstain_class_balance=0.000  abstain_head_acc=1.000
[real_seed_r2_0] pilot 0 step  75300  lr=5.14e-04  loss=0.6948  val_acc={1: 1.0, 2: 1.0, 3: 1.0}  elapsed=6483s  PASS  abstain_loss=0.0001  abstain_class_balance=0.000  abstain_head_acc=1.000
[real_seed_r2_0] pilot 0 step  75400  lr=5.11e-04  loss=0.8027  val_acc={1: 1.0, 2: 1.0, 3: 1.0}  elapsed=6492s  PASS  abstain_loss=0.0000  abstain_class_balance=0.000  abstain_head_acc=1.000
[real_seed_r2_0] pilot 0 step  75500  lr=5.08e-04  loss=0.7747  val_acc={1: 1.0, 2: 1.0, 3: 1.0}  elapsed=6500s  PASS  abstain_loss=0.0000  abstain_class_balance=0.000  abstain_head_acc=1.000
[real_seed_r2_0] pilot 0 step  75600  lr=5.04e-04  loss=0.6830  val_acc={1: 1.0, 2: 1.0, 3: 1.0}  elapsed=6508s  PASS  abstain_loss=0.0000  abstain_class_balance=0.000  abstain_head_acc=1.000
[real_seed_r2_0] pilot 0 step  75700  lr=5.01e-04  loss=0.7951  val_acc={1: 1.0, 2: 1.0, 3: 1.0}  elapsed=6517s  PASS  abstain_loss=0.0000  abstain_class_balance=0.000  abstain_head_acc=1.000
[real_seed_r2_0] pilot 0 step  75800  lr=4.98e-04  loss=0.7666  val_acc={1: 1.0, 2: 1.0, 3: 1.0}  elapsed=6528s  PASS  abstain_loss=0.0000  abstain_class_balance=0.000  abstain_head_acc=1.000
[real_seed_r2_0] pilot 0 step  75900  lr=4.94e-04  loss=0.6931  val_acc={1: 1.0, 2: 1.0, 3: 1.0}  elapsed=6540s  PASS  abstain_loss=0.0000  abstain_class_balance=0.000  abstain_head_acc=1.000
[real_seed_r2_0] pilot 0 step  76000  lr=4.91e-04  loss=0.8067  val_acc={1: 1.0, 2: 1.0, 3: 1.0}  elapsed=6548s  PASS  abstain_loss=0.0000  abstain_class_balance=0.000  abstain_head_acc=1.000
[real_seed_r2_0] pilot 0 step  76100  lr=4.88e-04  loss=0.7830  val_acc={1: 1.0, 2: 1.0, 3: 1.0}  elapsed=6557s  PASS  abstain_loss=0.0000  abstain_class_balance=0.000  abstain_head_acc=1.000
[real_seed_r2_0] pilot 0 step  76200  lr=4.84e-04  loss=0.6700  val_acc={1: 1.0, 2: 1.0, 3: 1.0}  elapsed=6565s  PASS  abstain_loss=0.0000  abstain_class_balance=0.000  abstain_head_acc=1.000
[real_seed_r2_0] pilot 0 step  76300  lr=4.81e-04  loss=0.7939  val_acc={1: 1.0, 2: 1.0, 3: 1.0}  elapsed=6573s  PASS  abstain_loss=0.0000  abstain_class_balance=0.000  abstain_head_acc=1.000
[real_seed_r2_0] pilot 0 step  76400  lr=4.78e-04  loss=0.7645  val_acc={1: 1.0, 2: 1.0, 3: 1.0}  elapsed=6581s  PASS  abstain_loss=0.0000  abstain_class_balance=0.000  abstain_head_acc=1.000
[real_seed_r2_0] pilot 0 step  76500  lr=4.75e-04  loss=0.6758  val_acc={1: 1.0, 2: 1.0, 3: 1.0}  elapsed=6588s  PASS  abstain_loss=0.0000  abstain_class_balance=0.000  abstain_head_acc=1.000
[real_seed_r2_0] pilot 0 step  76600  lr=4.71e-04  loss=0.7946  val_acc={1: 1.0, 2: 1.0, 3: 1.0}  elapsed=6597s  PASS  abstain_loss=0.0000  abstain_class_balance=0.000  abstain_head_acc=1.000
[real_seed_r2_0] pilot 0 step  76700  lr=4.68e-04  loss=0.7805  val_acc={1: 1.0, 2: 1.0, 3: 1.0}  elapsed=6607s  PASS  abstain_loss=0.0000  abstain_class_balance=0.000  abstain_head_acc=1.000
[real_seed_r2_0] pilot 0 step  76800  lr=4.65e-04  loss=0.6827  val_acc={1: 1.0, 2: 1.0, 3: 1.0}  elapsed=6615s  PASS  abstain_loss=0.0000  abstain_class_balance=0.000  abstain_head_acc=1.000
[real_seed_r2_0] pilot 0 step  76900  lr=4.62e-04  loss=0.7931  val_acc={1: 1.0, 2: 1.0, 3: 1.0}  elapsed=6625s  PASS  abstain_loss=0.0000  abstain_class_balance=0.000  abstain_head_acc=1.000
[real_seed_r2_0] pilot 0 step  77000  lr=4.59e-04  loss=0.7726  val_acc={1: 1.0, 2: 1.0, 3: 1.0}  elapsed=6636s  PASS  abstain_loss=0.0000  abstain_class_balance=0.000  abstain_head_acc=1.000
[real_seed_r2_0] pilot 0 step  77100  lr=4.55e-04  loss=0.6902  val_acc={1: 1.0, 2: 1.0, 3: 1.0}  elapsed=6648s  PASS  abstain_loss=0.0000  abstain_class_balance=0.000  abstain_head_acc=1.000
[real_seed_r2_0] pilot 0 step  77200  lr=4.52e-04  loss=0.8038  val_acc={1: 1.0, 2: 1.0, 3: 1.0}  elapsed=6658s  PASS  abstain_loss=0.0000  abstain_class_balance=0.000  abstain_head_acc=1.000
[real_seed_r2_0] pilot 0 step  77300  lr=4.49e-04  loss=0.7693  val_acc={1: 1.0, 2: 1.0, 3: 1.0}  elapsed=6665s  PASS  abstain_loss=0.0000  abstain_class_balance=0.000  abstain_head_acc=1.000
[real_seed_r2_0] pilot 0 step  77400  lr=4.46e-04  loss=0.6750  val_acc={1: 1.0, 2: 1.0, 3: 1.0}  elapsed=6674s  PASS  abstain_loss=0.0001  abstain_class_balance=0.000  abstain_head_acc=1.000
[real_seed_r2_0] pilot 0 step  77500  lr=4.43e-04  loss=0.7941  val_acc={1: 1.0, 2: 1.0, 3: 1.0}  elapsed=6684s  PASS  abstain_loss=0.0000  abstain_class_balance=0.000  abstain_head_acc=1.000
[real_seed_r2_0] pilot 0 step  77600  lr=4.39e-04  loss=0.7711  val_acc={1: 1.0, 2: 1.0, 3: 1.0}  elapsed=6692s  PASS  abstain_loss=0.0000  abstain_class_balance=0.000  abstain_head_acc=1.000
[real_seed_r2_0] pilot 0 step  77700  lr=4.36e-04  loss=0.6818  val_acc={1: 1.0, 2: 1.0, 3: 1.0}  elapsed=6699s  PASS  abstain_loss=0.0001  abstain_class_balance=0.000  abstain_head_acc=1.000
[real_seed_r2_0] pilot 0 step  77800  lr=4.33e-04  loss=0.7980  val_acc={1: 1.0, 2: 1.0, 3: 1.0}  elapsed=6707s  PASS  abstain_loss=0.0000  abstain_class_balance=0.000  abstain_head_acc=1.000
[real_seed_r2_0] pilot 0 step  77900  lr=4.30e-04  loss=0.7722  val_acc={1: 1.0, 2: 1.0, 3: 1.0}  elapsed=6715s  PASS  abstain_loss=0.0000  abstain_class_balance=0.000  abstain_head_acc=1.000
[real_seed_r2_0] pilot 0 step  78000  lr=4.27e-04  loss=0.6754  val_acc={1: 1.0, 2: 1.0, 3: 1.0}  elapsed=6724s  PASS  abstain_loss=0.0000  abstain_class_balance=0.000  abstain_head_acc=1.000
[real_seed_r2_0] pilot 0 step  78100  lr=4.24e-04  loss=0.7889  val_acc={1: 1.0, 2: 1.0, 3: 1.0}  elapsed=6732s  PASS  abstain_loss=0.0000  abstain_class_balance=0.000  abstain_head_acc=1.000
[real_seed_r2_0] pilot 0 step  78200  lr=4.21e-04  loss=0.7685  val_acc={1: 1.0, 2: 1.0, 3: 1.0}  elapsed=6740s  PASS  abstain_loss=0.0000  abstain_class_balance=0.000  abstain_head_acc=1.000
[real_seed_r2_0] pilot 0 step  78300  lr=4.18e-04  loss=0.6825  val_acc={1: 1.0, 2: 1.0, 3: 1.0}  elapsed=6749s  PASS  abstain_loss=0.0000  abstain_class_balance=0.000  abstain_head_acc=1.000
[real_seed_r2_0] pilot 0 step  78400  lr=4.15e-04  loss=0.7926  val_acc={1: 1.0, 2: 1.0, 3: 1.0}  elapsed=6761s  PASS  abstain_loss=0.0000  abstain_class_balance=0.000  abstain_head_acc=1.000
[real_seed_r2_0] pilot 0 step  78500  lr=4.12e-04  loss=0.7681  val_acc={1: 1.0, 2: 1.0, 3: 1.0}  elapsed=6773s  PASS  abstain_loss=0.0000  abstain_class_balance=0.000  abstain_head_acc=1.000
[real_seed_r2_0] pilot 0 step  78600  lr=4.09e-04  loss=0.6822  val_acc={1: 1.0, 2: 1.0, 3: 1.0}  elapsed=6784s  PASS  abstain_loss=0.0000  abstain_class_balance=0.000  abstain_head_acc=1.000
[real_seed_r2_0] pilot 0 step  78700  lr=4.06e-04  loss=0.8006  val_acc={1: 1.0, 2: 1.0, 3: 1.0}  elapsed=6796s  PASS  abstain_loss=0.0000  abstain_class_balance=0.000  abstain_head_acc=1.000
[real_seed_r2_0] pilot 0 step  78800  lr=4.03e-04  loss=0.7639  val_acc={1: 1.0, 2: 1.0, 3: 1.0}  elapsed=6805s  PASS  abstain_loss=0.0000  abstain_class_balance=0.000  abstain_head_acc=1.000
[real_seed_r2_0] pilot 0 step  78900  lr=4.00e-04  loss=0.6832  val_acc={1: 1.0, 2: 1.0, 3: 1.0}  elapsed=6814s  PASS  abstain_loss=0.0000  abstain_class_balance=0.000  abstain_head_acc=1.000
[real_seed_r2_0] pilot 0 step  79000  lr=3.97e-04  loss=0.8081  val_acc={1: 1.0, 2: 1.0, 3: 1.0}  elapsed=6822s  PASS  abstain_loss=0.0000  abstain_class_balance=0.000  abstain_head_acc=1.000
[real_seed_r2_0] pilot 0 step  79100  lr=3.94e-04  loss=0.7704  val_acc={1: 1.0, 2: 1.0, 3: 1.0}  elapsed=6830s  PASS  abstain_loss=0.0000  abstain_class_balance=0.000  abstain_head_acc=1.000
[real_seed_r2_0] pilot 0 step  79200  lr=3.91e-04  loss=0.6906  val_acc={1: 1.0, 2: 1.0, 3: 1.0}  elapsed=6839s  PASS  abstain_loss=0.0000  abstain_class_balance=0.000  abstain_head_acc=1.000
[real_seed_r2_0] pilot 0 step  79300  lr=3.88e-04  loss=0.8010  val_acc={1: 1.0, 2: 1.0, 3: 1.0}  elapsed=6847s  PASS  abstain_loss=0.0000  abstain_class_balance=0.000  abstain_head_acc=1.000
[real_seed_r2_0] pilot 0 step  79400  lr=3.85e-04  loss=0.7690  val_acc={1: 1.0, 2: 1.0, 3: 1.0}  elapsed=6855s  PASS  abstain_loss=0.0000  abstain_class_balance=0.000  abstain_head_acc=1.000
[real_seed_r2_0] pilot 0 step  79500  lr=3.82e-04  loss=0.6807  val_acc={1: 1.0, 2: 1.0, 3: 1.0}  elapsed=6863s  PASS  abstain_loss=0.0000  abstain_class_balance=0.000  abstain_head_acc=1.000
[real_seed_r2_0] pilot 0 step  79600  lr=3.79e-04  loss=0.7915  val_acc={1: 1.0, 2: 1.0, 3: 1.0}  elapsed=6870s  PASS  abstain_loss=0.0000  abstain_class_balance=0.000  abstain_head_acc=1.000
[real_seed_r2_0] pilot 0 step  79700  lr=3.76e-04  loss=0.7733  val_acc={1: 1.0, 2: 1.0, 3: 1.0}  elapsed=6878s  PASS  abstain_loss=0.0000  abstain_class_balance=0.000  abstain_head_acc=1.000
[real_seed_r2_0] pilot 0 step  79800  lr=3.73e-04  loss=0.6751  val_acc={1: 1.0, 2: 1.0, 3: 1.0}  elapsed=6886s  PASS  abstain_loss=0.0000  abstain_class_balance=0.000  abstain_head_acc=1.000
[real_seed_r2_0] pilot 0 step  79900  lr=3.70e-04  loss=0.7892  val_acc={1: 1.0, 2: 1.0, 3: 1.0}  elapsed=6894s  PASS  abstain_loss=0.0000  abstain_class_balance=0.000  abstain_head_acc=1.000
[real_seed_r2_0] pilot 0 step  80000  lr=3.67e-04  loss=0.7792  val_acc={1: 1.0, 2: 1.0, 3: 1.0}  elapsed=6903s  PASS  abstain_loss=0.0000  abstain_class_balance=0.000  abstain_head_acc=1.000
[real_seed_r2_0] pilot 0 step  80100  lr=3.64e-04  loss=0.6825  val_acc={1: 1.0, 2: 1.0, 3: 1.0}  elapsed=6911s  PASS  abstain_loss=0.0000  abstain_class_balance=0.000  abstain_head_acc=1.000
[real_seed_r2_0] pilot 0 step  80200  lr=3.61e-04  loss=0.7893  val_acc={1: 1.0, 2: 1.0, 3: 1.0}  elapsed=6919s  PASS  abstain_loss=0.0000  abstain_class_balance=0.000  abstain_head_acc=1.000
[real_seed_r2_0] pilot 0 step  80300  lr=3.58e-04  loss=0.7723  val_acc={1: 1.0, 2: 1.0, 3: 1.0}  elapsed=6927s  PASS  abstain_loss=0.0000  abstain_class_balance=0.000  abstain_head_acc=1.000
[real_seed_r2_0] pilot 0 step  80400  lr=3.56e-04  loss=0.6877  val_acc={1: 1.0, 2: 1.0, 3: 1.0}  elapsed=6935s  PASS  abstain_loss=0.0000  abstain_class_balance=0.000  abstain_head_acc=1.000
[real_seed_r2_0] pilot 0 step  80500  lr=3.53e-04  loss=0.7969  val_acc={1: 1.0, 2: 1.0, 3: 1.0}  elapsed=6943s  PASS  abstain_loss=0.0000  abstain_class_balance=0.000  abstain_head_acc=1.000
[real_seed_r2_0] pilot 0 step  80600  lr=3.50e-04  loss=0.7630  val_acc={1: 1.0, 2: 1.0, 3: 1.0}  elapsed=6952s  PASS  abstain_loss=0.0000  abstain_class_balance=0.000  abstain_head_acc=1.000
[real_seed_r2_0] pilot 0 step  80700  lr=3.47e-04  loss=0.6707  val_acc={1: 1.0, 2: 1.0, 3: 1.0}  elapsed=6960s  PASS  abstain_loss=0.0000  abstain_class_balance=0.000  abstain_head_acc=1.000
[real_seed_r2_0] pilot 0 step  80800  lr=3.44e-04  loss=0.7931  val_acc={1: 1.0, 2: 1.0, 3: 1.0}  elapsed=6969s  PASS  abstain_loss=0.0000  abstain_class_balance=0.000  abstain_head_acc=1.000
[real_seed_r2_0] pilot 0 step  80900  lr=3.42e-04  loss=0.7794  val_acc={1: 1.0, 2: 1.0, 3: 1.0}  elapsed=6976s  PASS  abstain_loss=0.0000  abstain_class_balance=0.000  abstain_head_acc=1.000
[real_seed_r2_0] pilot 0 step  81000  lr=3.39e-04  loss=0.6800  val_acc={1: 1.0, 2: 1.0, 3: 1.0}  elapsed=6983s  PASS  abstain_loss=0.0002  abstain_class_balance=0.000  abstain_head_acc=1.000
[real_seed_r2_0] pilot 0 step  81100  lr=3.36e-04  loss=0.7982  val_acc={1: 1.0, 2: 1.0, 3: 1.0}  elapsed=6990s  PASS  abstain_loss=0.0000  abstain_class_balance=0.000  abstain_head_acc=1.000
[real_seed_r2_0] pilot 0 step  81200  lr=3.33e-04  loss=0.7651  val_acc={1: 1.0, 2: 1.0, 3: 1.0}  elapsed=7001s  PASS  abstain_loss=0.0000  abstain_class_balance=0.000  abstain_head_acc=1.000
[real_seed_r2_0] pilot 0 step  81300  lr=3.30e-04  loss=0.6852  val_acc={1: 1.0, 2: 1.0, 3: 1.0}  elapsed=7009s  PASS  abstain_loss=0.0001  abstain_class_balance=0.000  abstain_head_acc=1.000
[real_seed_r2_0] pilot 0 step  81400  lr=3.28e-04  loss=0.7956  val_acc={1: 1.0, 2: 1.0, 3: 1.0}  elapsed=7017s  PASS  abstain_loss=0.0000  abstain_class_balance=0.000  abstain_head_acc=1.000
[real_seed_r2_0] pilot 0 step  81500  lr=3.25e-04  loss=0.7633  val_acc={1: 1.0, 2: 1.0, 3: 1.0}  elapsed=7024s  PASS  abstain_loss=0.0000  abstain_class_balance=0.000  abstain_head_acc=1.000
[real_seed_r2_0] pilot 0 step  81600  lr=3.22e-04  loss=0.6826  val_acc={1: 1.0, 2: 1.0, 3: 1.0}  elapsed=7033s  PASS  abstain_loss=0.0000  abstain_class_balance=0.000  abstain_head_acc=1.000
[real_seed_r2_0] pilot 0 step  81700  lr=3.20e-04  loss=0.8008  val_acc={1: 1.0, 2: 1.0, 3: 1.0}  elapsed=7042s  PASS  abstain_loss=0.0000  abstain_class_balance=0.000  abstain_head_acc=1.000
[real_seed_r2_0] pilot 0 step  81800  lr=3.17e-04  loss=0.7700  val_acc={1: 1.0, 2: 1.0, 3: 1.0}  elapsed=7052s  PASS  abstain_loss=0.0000  abstain_class_balance=0.000  abstain_head_acc=1.000
[real_seed_r2_0] pilot 0 step  81900  lr=3.14e-04  loss=0.6725  val_acc={1: 1.0, 2: 1.0, 3: 1.0}  elapsed=7060s  PASS  abstain_loss=0.0000  abstain_class_balance=0.000  abstain_head_acc=1.000
[real_seed_r2_0] pilot 0 step  82000  lr=3.11e-04  loss=0.7928  val_acc={1: 1.0, 2: 1.0, 3: 1.0}  elapsed=7073s  PASS  abstain_loss=0.0000  abstain_class_balance=0.000  abstain_head_acc=1.000
[real_seed_r2_0] pilot 0 step  82100  lr=3.09e-04  loss=0.7682  val_acc={1: 1.0, 2: 1.0, 3: 1.0}  elapsed=7083s  PASS  abstain_loss=0.0000  abstain_class_balance=0.000  abstain_head_acc=1.000
[real_seed_r2_0] pilot 0 step  82200  lr=3.06e-04  loss=0.6719  val_acc={1: 1.0, 2: 1.0, 3: 1.0}  elapsed=7091s  PASS  abstain_loss=0.0000  abstain_class_balance=0.000  abstain_head_acc=1.000
[real_seed_r2_0] pilot 0 step  82300  lr=3.04e-04  loss=0.8023  val_acc={1: 1.0, 2: 1.0, 3: 1.0}  elapsed=7098s  PASS  abstain_loss=0.0000  abstain_class_balance=0.000  abstain_head_acc=1.000
[real_seed_r2_0] pilot 0 step  82400  lr=3.01e-04  loss=0.7634  val_acc={1: 1.0, 2: 1.0, 3: 1.0}  elapsed=7108s  PASS  abstain_loss=0.0000  abstain_class_balance=0.000  abstain_head_acc=1.000
[real_seed_r2_0] pilot 0 step  82500  lr=2.98e-04  loss=0.6748  val_acc={1: 1.0, 2: 1.0, 3: 1.0}  elapsed=7115s  PASS  abstain_loss=0.0000  abstain_class_balance=0.000  abstain_head_acc=1.000
[real_seed_r2_0] pilot 0 step  82600  lr=2.96e-04  loss=0.7944  val_acc={1: 1.0, 2: 1.0, 3: 1.0}  elapsed=7124s  PASS  abstain_loss=0.0000  abstain_class_balance=0.000  abstain_head_acc=1.000
[real_seed_r2_0] pilot 0 step  82700  lr=2.93e-04  loss=0.7738  val_acc={1: 1.0, 2: 1.0, 3: 1.0}  elapsed=7132s  PASS  abstain_loss=0.0000  abstain_class_balance=0.000  abstain_head_acc=1.000
[real_seed_r2_0] pilot 0 step  82800  lr=2.90e-04  loss=0.6788  val_acc={1: 1.0, 2: 1.0, 3: 1.0}  elapsed=7140s  PASS  abstain_loss=0.0004  abstain_class_balance=0.000  abstain_head_acc=1.000
[real_seed_r2_0] pilot 0 step  82900  lr=2.88e-04  loss=0.7975  val_acc={1: 1.0, 2: 1.0, 3: 1.0}  elapsed=7149s  PASS  abstain_loss=0.0000  abstain_class_balance=0.000  abstain_head_acc=1.000
[real_seed_r2_0] pilot 0 step  83000  lr=2.85e-04  loss=0.7699  val_acc={1: 1.0, 2: 1.0, 3: 1.0}  elapsed=7157s  PASS  abstain_loss=0.0000  abstain_class_balance=0.000  abstain_head_acc=1.000
[real_seed_r2_0] pilot 0 step  83100  lr=2.83e-04  loss=0.6838  val_acc={1: 1.0, 2: 1.0, 3: 1.0}  elapsed=7165s  PASS  abstain_loss=0.0000  abstain_class_balance=0.000  abstain_head_acc=1.000
[real_seed_r2_0] pilot 0 step  83200  lr=2.80e-04  loss=0.8015  val_acc={1: 1.0, 2: 1.0, 3: 1.0}  elapsed=7174s  PASS  abstain_loss=0.0000  abstain_class_balance=0.000  abstain_head_acc=1.000
[real_seed_r2_0] pilot 0 step  83300  lr=2.78e-04  loss=0.7630  val_acc={1: 1.0, 2: 1.0, 3: 1.0}  elapsed=7182s  PASS  abstain_loss=0.0000  abstain_class_balance=0.000  abstain_head_acc=1.000
[real_seed_r2_0] pilot 0 step  83400  lr=2.75e-04  loss=0.6791  val_acc={1: 1.0, 2: 1.0, 3: 1.0}  elapsed=7190s  PASS  abstain_loss=0.0000  abstain_class_balance=0.000  abstain_head_acc=1.000
[real_seed_r2_0] pilot 0 step  83500  lr=2.73e-04  loss=0.7895  val_acc={1: 1.0, 2: 1.0, 3: 1.0}  elapsed=7198s  PASS  abstain_loss=0.0000  abstain_class_balance=0.000  abstain_head_acc=1.000
[real_seed_r2_0] pilot 0 step  83600  lr=2.70e-04  loss=0.7650  val_acc={1: 1.0, 2: 1.0, 3: 1.0}  elapsed=7206s  PASS  abstain_loss=0.0000  abstain_class_balance=0.000  abstain_head_acc=1.000
[real_seed_r2_0] pilot 0 step  83700  lr=2.68e-04  loss=0.6802  val_acc={1: 1.0, 2: 1.0, 3: 1.0}  elapsed=7216s  PASS  abstain_loss=0.0000  abstain_class_balance=0.000  abstain_head_acc=1.000
[real_seed_r2_0] pilot 0 step  83800  lr=2.65e-04  loss=0.7978  val_acc={1: 1.0, 2: 1.0, 3: 1.0}  elapsed=7223s  PASS  abstain_loss=0.0000  abstain_class_balance=0.000  abstain_head_acc=1.000
[real_seed_r2_0] pilot 0 step  83900  lr=2.63e-04  loss=0.7687  val_acc={1: 1.0, 2: 1.0, 3: 1.0}  elapsed=7231s  PASS  abstain_loss=0.0000  abstain_class_balance=0.000  abstain_head_acc=1.000
[real_seed_r2_0] pilot 0 step  84000  lr=2.60e-04  loss=0.6786  val_acc={1: 1.0, 2: 1.0, 3: 1.0}  elapsed=7238s  PASS  abstain_loss=0.0000  abstain_class_balance=0.000  abstain_head_acc=1.000
[real_seed_r2_0] pilot 0 step  84100  lr=2.58e-04  loss=0.7924  val_acc={1: 1.0, 2: 1.0, 3: 1.0}  elapsed=7246s  PASS  abstain_loss=0.0000  abstain_class_balance=0.000  abstain_head_acc=1.000
[real_seed_r2_0] pilot 0 step  84200  lr=2.56e-04  loss=0.7711  val_acc={1: 1.0, 2: 1.0, 3: 1.0}  elapsed=7255s  PASS  abstain_loss=0.0000  abstain_class_balance=0.000  abstain_head_acc=1.000
[real_seed_r2_0] pilot 0 step  84300  lr=2.53e-04  loss=0.6844  val_acc={1: 1.0, 2: 1.0, 3: 1.0}  elapsed=7263s  PASS  abstain_loss=0.0000  abstain_class_balance=0.000  abstain_head_acc=1.000
[real_seed_r2_0] pilot 0 step  84400  lr=2.51e-04  loss=0.7941  val_acc={1: 1.0, 2: 1.0, 3: 1.0}  elapsed=7271s  PASS  abstain_loss=0.0000  abstain_class_balance=0.000  abstain_head_acc=1.000
[real_seed_r2_0] pilot 0 step  84500  lr=2.48e-04  loss=0.7766  val_acc={1: 1.0, 2: 1.0, 3: 1.0}  elapsed=7278s  PASS  abstain_loss=0.0000  abstain_class_balance=0.000  abstain_head_acc=1.000
[real_seed_r2_0] pilot 0 step  84600  lr=2.46e-04  loss=0.6710  val_acc={1: 1.0, 2: 1.0, 3: 1.0}  elapsed=7286s  PASS  abstain_loss=0.0000  abstain_class_balance=0.000  abstain_head_acc=1.000
[real_seed_r2_0] pilot 0 step  84700  lr=2.44e-04  loss=0.7963  val_acc={1: 1.0, 2: 1.0, 3: 1.0}  elapsed=7295s  PASS  abstain_loss=0.0000  abstain_class_balance=0.000  abstain_head_acc=1.000
[real_seed_r2_0] pilot 0 step  84800  lr=2.41e-04  loss=0.7593  val_acc={1: 1.0, 2: 1.0, 3: 1.0}  elapsed=7304s  PASS  abstain_loss=0.0000  abstain_class_balance=0.000  abstain_head_acc=1.000
[real_seed_r2_0] pilot 0 step  84900  lr=2.39e-04  loss=0.6794  val_acc={1: 1.0, 2: 1.0, 3: 1.0}  elapsed=7312s  PASS  abstain_loss=0.0000  abstain_class_balance=0.000  abstain_head_acc=1.000
[real_seed_r2_0] pilot 0 step  85000  lr=2.37e-04  loss=0.7945  val_acc={1: 1.0, 2: 1.0, 3: 1.0}  elapsed=7321s  PASS  abstain_loss=0.0000  abstain_class_balance=0.000  abstain_head_acc=1.000
[real_seed_r2_0] pilot 0 step  85100  lr=2.34e-04  loss=0.7607  val_acc={1: 1.0, 2: 1.0, 3: 1.0}  elapsed=7329s  PASS  abstain_loss=0.0000  abstain_class_balance=0.000  abstain_head_acc=1.000
[real_seed_r2_0] pilot 0 step  85200  lr=2.32e-04  loss=0.6774  val_acc={1: 1.0, 2: 1.0, 3: 1.0}  elapsed=7339s  PASS  abstain_loss=0.0000  abstain_class_balance=0.000  abstain_head_acc=1.000
[real_seed_r2_0] pilot 0 step  85300  lr=2.30e-04  loss=0.7961  val_acc={1: 1.0, 2: 1.0, 3: 1.0}  elapsed=7347s  PASS  abstain_loss=0.0000  abstain_class_balance=0.000  abstain_head_acc=1.000
[real_seed_r2_0] pilot 0 step  85400  lr=2.27e-04  loss=0.7704  val_acc={1: 1.0, 2: 1.0, 3: 1.0}  elapsed=7355s  PASS  abstain_loss=0.0000  abstain_class_balance=0.000  abstain_head_acc=1.000
[real_seed_r2_0] pilot 0 step  85500  lr=2.25e-04  loss=0.6719  val_acc={1: 1.0, 2: 1.0, 3: 1.0}  elapsed=7365s  PASS  abstain_loss=0.0000  abstain_class_balance=0.000  abstain_head_acc=1.000
[real_seed_r2_0] pilot 0 step  85600  lr=2.23e-04  loss=0.7944  val_acc={1: 1.0, 2: 1.0, 3: 1.0}  elapsed=7373s  PASS  abstain_loss=0.0000  abstain_class_balance=0.000  abstain_head_acc=1.000
[real_seed_r2_0] pilot 0 step  85700  lr=2.21e-04  loss=0.7672  val_acc={1: 1.0, 2: 1.0, 3: 1.0}  elapsed=7382s  PASS  abstain_loss=0.0000  abstain_class_balance=0.000  abstain_head_acc=1.000
[real_seed_r2_0] pilot 0 step  85800  lr=2.18e-04  loss=0.6869  val_acc={1: 1.0, 2: 1.0, 3: 1.0}  elapsed=7390s  PASS  abstain_loss=0.0000  abstain_class_balance=0.000  abstain_head_acc=1.000
[real_seed_r2_0] pilot 0 step  85900  lr=2.16e-04  loss=0.8004  val_acc={1: 1.0, 2: 1.0, 3: 1.0}  elapsed=7402s  PASS  abstain_loss=0.0000  abstain_class_balance=0.000  abstain_head_acc=1.000
[real_seed_r2_0] pilot 0 step  86000  lr=2.14e-04  loss=0.7677  val_acc={1: 1.0, 2: 1.0, 3: 1.0}  elapsed=7410s  PASS  abstain_loss=0.0000  abstain_class_balance=0.000  abstain_head_acc=1.000
[real_seed_r2_0] pilot 0 step  86100  lr=2.12e-04  loss=0.6863  val_acc={1: 1.0, 2: 1.0, 3: 1.0}  elapsed=7419s  PASS  abstain_loss=0.0000  abstain_class_balance=0.000  abstain_head_acc=1.000
[real_seed_r2_0] pilot 0 step  86200  lr=2.10e-04  loss=0.7892  val_acc={1: 1.0, 2: 1.0, 3: 1.0}  elapsed=7428s  PASS  abstain_loss=0.0000  abstain_class_balance=0.000  abstain_head_acc=1.000
[real_seed_r2_0] pilot 0 step  86300  lr=2.08e-04  loss=0.7689  val_acc={1: 1.0, 2: 1.0, 3: 1.0}  elapsed=7438s  PASS  abstain_loss=0.0000  abstain_class_balance=0.000  abstain_head_acc=1.000
[real_seed_r2_0] pilot 0 step  86400  lr=2.05e-04  loss=0.6883  val_acc={1: 1.0, 2: 1.0, 3: 1.0}  elapsed=7445s  PASS  abstain_loss=0.0000  abstain_class_balance=0.000  abstain_head_acc=1.000
[real_seed_r2_0] pilot 0 step  86500  lr=2.03e-04  loss=0.7853  val_acc={1: 1.0, 2: 1.0, 3: 1.0}  elapsed=7455s  PASS  abstain_loss=0.0000  abstain_class_balance=0.000  abstain_head_acc=1.000
[real_seed_r2_0] pilot 0 step  86600  lr=2.01e-04  loss=0.7690  val_acc={1: 1.0, 2: 1.0, 3: 1.0}  elapsed=7463s  PASS  abstain_loss=0.0000  abstain_class_balance=0.000  abstain_head_acc=1.000
[real_seed_r2_0] pilot 0 step  86700  lr=1.99e-04  loss=0.6755  val_acc={1: 1.0, 2: 1.0, 3: 1.0}  elapsed=7470s  PASS  abstain_loss=0.0000  abstain_class_balance=0.000  abstain_head_acc=1.000
[real_seed_r2_0] pilot 0 step  86800  lr=1.97e-04  loss=0.7922  val_acc={1: 1.0, 2: 1.0, 3: 1.0}  elapsed=7479s  PASS  abstain_loss=0.0000  abstain_class_balance=0.000  abstain_head_acc=1.000
[real_seed_r2_0] pilot 0 step  86900  lr=1.95e-04  loss=0.7696  val_acc={1: 1.0, 2: 1.0, 3: 1.0}  elapsed=7489s  PASS  abstain_loss=0.0000  abstain_class_balance=0.000  abstain_head_acc=1.000
[real_seed_r2_0] pilot 0 step  87000  lr=1.93e-04  loss=0.6767  val_acc={1: 1.0, 2: 1.0, 3: 1.0}  elapsed=7497s  PASS  abstain_loss=0.0000  abstain_class_balance=0.000  abstain_head_acc=1.000
[real_seed_r2_0] pilot 0 step  87100  lr=1.91e-04  loss=0.7976  val_acc={1: 1.0, 2: 1.0, 3: 1.0}  elapsed=7506s  PASS  abstain_loss=0.0000  abstain_class_balance=0.000  abstain_head_acc=1.000
[real_seed_r2_0] pilot 0 step  87200  lr=1.89e-04  loss=0.7640  val_acc={1: 1.0, 2: 1.0, 3: 1.0}  elapsed=7514s  PASS  abstain_loss=0.0000  abstain_class_balance=0.000  abstain_head_acc=1.000
[real_seed_r2_0] pilot 0 step  87300  lr=1.87e-04  loss=0.6746  val_acc={1: 1.0, 2: 1.0, 3: 1.0}  elapsed=7523s  PASS  abstain_loss=0.0000  abstain_class_balance=0.000  abstain_head_acc=1.000
[real_seed_r2_0] pilot 0 step  87400  lr=1.84e-04  loss=0.8014  val_acc={1: 1.0, 2: 1.0, 3: 1.0}  elapsed=7532s  PASS  abstain_loss=0.0000  abstain_class_balance=0.000  abstain_head_acc=1.000
[real_seed_r2_0] pilot 0 step  87500  lr=1.82e-04  loss=0.7665  val_acc={1: 1.0, 2: 1.0, 3: 1.0}  elapsed=7540s  PASS  abstain_loss=0.0000  abstain_class_balance=0.000  abstain_head_acc=1.000
[real_seed_r2_0] pilot 0 step  87600  lr=1.80e-04  loss=0.6902  val_acc={1: 1.0, 2: 1.0, 3: 1.0}  elapsed=7547s  PASS  abstain_loss=0.0000  abstain_class_balance=0.000  abstain_head_acc=1.000
[real_seed_r2_0] pilot 0 step  87700  lr=1.78e-04  loss=0.7995  val_acc={1: 1.0, 2: 1.0, 3: 1.0}  elapsed=7555s  PASS  abstain_loss=0.0000  abstain_class_balance=0.000  abstain_head_acc=1.000
[real_seed_r2_0] pilot 0 step  87800  lr=1.76e-04  loss=0.7629  val_acc={1: 1.0, 2: 1.0, 3: 1.0}  elapsed=7564s  PASS  abstain_loss=0.0000  abstain_class_balance=0.000  abstain_head_acc=1.000
[real_seed_r2_0] pilot 0 step  87900  lr=1.75e-04  loss=0.6775  val_acc={1: 1.0, 2: 1.0, 3: 1.0}  elapsed=7574s  PASS  abstain_loss=0.0000  abstain_class_balance=0.000  abstain_head_acc=1.000
[real_seed_r2_0] pilot 0 step  88000  lr=1.73e-04  loss=0.7989  val_acc={1: 1.0, 2: 1.0, 3: 1.0}  elapsed=7582s  PASS  abstain_loss=0.0000  abstain_class_balance=0.000  abstain_head_acc=1.000
[real_seed_r2_0] pilot 0 step  88100  lr=1.71e-04  loss=0.7653  val_acc={1: 1.0, 2: 1.0, 3: 1.0}  elapsed=7591s  PASS  abstain_loss=0.0000  abstain_class_balance=0.000  abstain_head_acc=1.000
[real_seed_r2_0] pilot 0 step  88200  lr=1.69e-04  loss=0.6854  val_acc={1: 1.0, 2: 1.0, 3: 1.0}  elapsed=7600s  PASS  abstain_loss=0.0000  abstain_class_balance=0.000  abstain_head_acc=1.000
[real_seed_r2_0] pilot 0 step  88300  lr=1.67e-04  loss=0.7945  val_acc={1: 1.0, 2: 1.0, 3: 1.0}  elapsed=7608s  PASS  abstain_loss=0.0000  abstain_class_balance=0.000  abstain_head_acc=1.000
[real_seed_r2_0] pilot 0 step  88400  lr=1.65e-04  loss=0.7724  val_acc={1: 1.0, 2: 1.0, 3: 1.0}  elapsed=7616s  PASS  abstain_loss=0.0000  abstain_class_balance=0.000  abstain_head_acc=1.000
[real_seed_r2_0] pilot 0 step  88500  lr=1.63e-04  loss=0.6779  val_acc={1: 1.0, 2: 1.0, 3: 1.0}  elapsed=7624s  PASS  abstain_loss=0.0000  abstain_class_balance=0.000  abstain_head_acc=1.000
[real_seed_r2_0] pilot 0 step  88600  lr=1.61e-04  loss=0.7990  val_acc={1: 1.0, 2: 1.0, 3: 1.0}  elapsed=7631s  PASS  abstain_loss=0.0000  abstain_class_balance=0.000  abstain_head_acc=1.000
[real_seed_r2_0] pilot 0 step  88700  lr=1.59e-04  loss=0.7707  val_acc={1: 1.0, 2: 1.0, 3: 1.0}  elapsed=7639s  PASS  abstain_loss=0.0057  abstain_class_balance=0.000  abstain_head_acc=1.000
[real_seed_r2_0] pilot 0 step  88800  lr=1.57e-04  loss=0.6870  val_acc={1: 1.0, 2: 1.0, 3: 1.0}  elapsed=7648s  PASS  abstain_loss=0.0000  abstain_class_balance=0.000  abstain_head_acc=1.000
[real_seed_r2_0] pilot 0 step  88900  lr=1.56e-04  loss=0.7994  val_acc={1: 1.0, 2: 1.0, 3: 1.0}  elapsed=7656s  PASS  abstain_loss=0.0000  abstain_class_balance=0.000  abstain_head_acc=1.000
[real_seed_r2_0] pilot 0 step  89000  lr=1.54e-04  loss=0.7709  val_acc={1: 1.0, 2: 1.0, 3: 1.0}  elapsed=7665s  PASS  abstain_loss=0.0000  abstain_class_balance=0.000  abstain_head_acc=1.000
[real_seed_r2_0] pilot 0 step  89100  lr=1.52e-04  loss=0.6819  val_acc={1: 1.0, 2: 1.0, 3: 1.0}  elapsed=7673s  PASS  abstain_loss=0.0000  abstain_class_balance=0.000  abstain_head_acc=1.000
[real_seed_r2_0] pilot 0 step  89200  lr=1.50e-04  loss=0.7866  val_acc={1: 1.0, 2: 1.0, 3: 1.0}  elapsed=7683s  PASS  abstain_loss=0.0000  abstain_class_balance=0.000  abstain_head_acc=1.000
[real_seed_r2_0] pilot 0 step  89300  lr=1.48e-04  loss=0.7662  val_acc={1: 1.0, 2: 1.0, 3: 1.0}  elapsed=7691s  PASS  abstain_loss=0.0000  abstain_class_balance=0.000  abstain_head_acc=1.000
[real_seed_r2_0] pilot 0 step  89400  lr=1.47e-04  loss=0.6808  val_acc={1: 1.0, 2: 1.0, 3: 1.0}  elapsed=7700s  PASS  abstain_loss=0.0000  abstain_class_balance=0.000  abstain_head_acc=1.000
[real_seed_r2_0] pilot 0 step  89500  lr=1.45e-04  loss=0.7911  val_acc={1: 1.0, 2: 1.0, 3: 1.0}  elapsed=7708s  PASS  abstain_loss=0.0000  abstain_class_balance=0.000  abstain_head_acc=1.000
[real_seed_r2_0] pilot 0 step  89600  lr=1.43e-04  loss=0.7730  val_acc={1: 1.0, 2: 1.0, 3: 1.0}  elapsed=7716s  PASS  abstain_loss=0.0000  abstain_class_balance=0.000  abstain_head_acc=1.000
[real_seed_r2_0] pilot 0 step  89700  lr=1.41e-04  loss=0.6826  val_acc={1: 1.0, 2: 1.0, 3: 1.0}  elapsed=7725s  PASS  abstain_loss=0.0000  abstain_class_balance=0.000  abstain_head_acc=1.000
[real_seed_r2_0] pilot 0 step  89800  lr=1.40e-04  loss=0.7892  val_acc={1: 1.0, 2: 1.0, 3: 1.0}  elapsed=7735s  PASS  abstain_loss=0.0000  abstain_class_balance=0.000  abstain_head_acc=1.000
[real_seed_r2_0] pilot 0 step  89900  lr=1.38e-04  loss=0.7670  val_acc={1: 1.0, 2: 1.0, 3: 1.0}  elapsed=7743s  PASS  abstain_loss=0.0000  abstain_class_balance=0.000  abstain_head_acc=1.000
[real_seed_r2_0] pilot 0 step  90000  lr=1.36e-04  loss=0.6738  val_acc={1: 1.0, 2: 1.0, 3: 1.0}  elapsed=7751s  PASS  abstain_loss=0.0000  abstain_class_balance=0.000  abstain_head_acc=1.000
[real_seed_r2_0] pilot 0 step  90100  lr=1.34e-04  loss=0.7997  val_acc={1: 1.0, 2: 1.0, 3: 1.0}  elapsed=7759s  PASS  abstain_loss=0.0000  abstain_class_balance=0.000  abstain_head_acc=1.000
[real_seed_r2_0] pilot 0 step  90200  lr=1.33e-04  loss=0.7683  val_acc={1: 1.0, 2: 1.0, 3: 1.0}  elapsed=7767s  PASS  abstain_loss=0.0000  abstain_class_balance=0.000  abstain_head_acc=1.000
[real_seed_r2_0] pilot 0 step  90300  lr=1.31e-04  loss=0.6845  val_acc={1: 1.0, 2: 1.0, 3: 1.0}  elapsed=7775s  PASS  abstain_loss=0.0000  abstain_class_balance=0.000  abstain_head_acc=1.000
[real_seed_r2_0] pilot 0 step  90400  lr=1.30e-04  loss=0.7991  val_acc={1: 1.0, 2: 1.0, 3: 1.0}  elapsed=7785s  PASS  abstain_loss=0.0000  abstain_class_balance=0.000  abstain_head_acc=1.000
[real_seed_r2_0] pilot 0 step  90500  lr=1.28e-04  loss=0.7612  val_acc={1: 1.0, 2: 1.0, 3: 1.0}  elapsed=7794s  PASS  abstain_loss=0.0000  abstain_class_balance=0.000  abstain_head_acc=1.000
[real_seed_r2_0] pilot 0 step  90600  lr=1.26e-04  loss=0.6862  val_acc={1: 1.0, 2: 1.0, 3: 1.0}  elapsed=7802s  PASS  abstain_loss=0.0000  abstain_class_balance=0.000  abstain_head_acc=1.000
[real_seed_r2_0] pilot 0 step  90700  lr=1.25e-04  loss=0.7997  val_acc={1: 1.0, 2: 1.0, 3: 1.0}  elapsed=7810s  PASS  abstain_loss=0.0000  abstain_class_balance=0.000  abstain_head_acc=1.000
[real_seed_r2_0] pilot 0 step  90800  lr=1.23e-04  loss=0.7718  val_acc={1: 1.0, 2: 1.0, 3: 1.0}  elapsed=7819s  PASS  abstain_loss=0.0000  abstain_class_balance=0.000  abstain_head_acc=1.000
[real_seed_r2_0] pilot 0 step  90900  lr=1.21e-04  loss=0.6798  val_acc={1: 1.0, 2: 1.0, 3: 1.0}  elapsed=7826s  PASS  abstain_loss=0.0000  abstain_class_balance=0.000  abstain_head_acc=1.000
[real_seed_r2_0] pilot 0 step  91000  lr=1.20e-04  loss=0.7997  val_acc={1: 1.0, 2: 1.0, 3: 1.0}  elapsed=7834s  PASS  abstain_loss=0.0000  abstain_class_balance=0.000  abstain_head_acc=1.000
[real_seed_r2_0] pilot 0 step  91100  lr=1.18e-04  loss=0.7696  val_acc={1: 1.0, 2: 1.0, 3: 1.0}  elapsed=7843s  PASS  abstain_loss=0.0000  abstain_class_balance=0.000  abstain_head_acc=1.000
[real_seed_r2_0] pilot 0 step  91200  lr=1.17e-04  loss=0.6753  val_acc={1: 1.0, 2: 1.0, 3: 1.0}  elapsed=7852s  PASS  abstain_loss=0.0000  abstain_class_balance=0.000  abstain_head_acc=1.000
[real_seed_r2_0] pilot 0 step  91300  lr=1.15e-04  loss=0.7950  val_acc={1: 1.0, 2: 1.0, 3: 1.0}  elapsed=7859s  PASS  abstain_loss=0.0000  abstain_class_balance=0.000  abstain_head_acc=1.000
[real_seed_r2_0] pilot 0 step  91400  lr=1.14e-04  loss=0.7590  val_acc={1: 1.0, 2: 1.0, 3: 1.0}  elapsed=7867s  PASS  abstain_loss=0.0000  abstain_class_balance=0.000  abstain_head_acc=1.000
[real_seed_r2_0] pilot 0 step  91500  lr=1.12e-04  loss=0.6783  val_acc={1: 1.0, 2: 1.0, 3: 1.0}  elapsed=7875s  PASS  abstain_loss=0.0000  abstain_class_balance=0.000  abstain_head_acc=1.000
[real_seed_r2_0] pilot 0 step  91600  lr=1.11e-04  loss=0.7950  val_acc={1: 1.0, 2: 1.0, 3: 1.0}  elapsed=7883s  PASS  abstain_loss=0.0000  abstain_class_balance=0.000  abstain_head_acc=1.000
[real_seed_r2_0] pilot 0 step  91700  lr=1.09e-04  loss=0.7656  val_acc={1: 1.0, 2: 1.0, 3: 1.0}  elapsed=7892s  PASS  abstain_loss=0.0000  abstain_class_balance=0.000  abstain_head_acc=1.000
[real_seed_r2_0] pilot 0 step  91800  lr=1.08e-04  loss=0.6853  val_acc={1: 1.0, 2: 1.0, 3: 1.0}  elapsed=7900s  PASS  abstain_loss=0.0000  abstain_class_balance=0.000  abstain_head_acc=1.000
[real_seed_r2_0] pilot 0 step  91900  lr=1.06e-04  loss=0.7938  val_acc={1: 1.0, 2: 1.0, 3: 1.0}  elapsed=7909s  PASS  abstain_loss=0.0000  abstain_class_balance=0.000  abstain_head_acc=1.000
[real_seed_r2_0] pilot 0 step  92000  lr=1.05e-04  loss=0.7725  val_acc={1: 1.0, 2: 1.0, 3: 1.0}  elapsed=7917s  PASS  abstain_loss=0.0000  abstain_class_balance=0.000  abstain_head_acc=1.000
[real_seed_r2_0] pilot 0 step  92100  lr=1.04e-04  loss=0.6777  val_acc={1: 1.0, 2: 1.0, 3: 1.0}  elapsed=7925s  PASS  abstain_loss=0.0000  abstain_class_balance=0.000  abstain_head_acc=1.000
[real_seed_r2_0] pilot 0 step  92200  lr=1.02e-04  loss=0.7942  val_acc={1: 1.0, 2: 1.0, 3: 1.0}  elapsed=7933s  PASS  abstain_loss=0.0000  abstain_class_balance=0.000  abstain_head_acc=1.000
[real_seed_r2_0] pilot 0 step  92300  lr=1.01e-04  loss=0.7738  val_acc={1: 1.0, 2: 1.0, 3: 1.0}  elapsed=7941s  PASS  abstain_loss=0.0000  abstain_class_balance=0.000  abstain_head_acc=1.000
[real_seed_r2_0] pilot 0 step  92400  lr=9.93e-05  loss=0.6883  val_acc={1: 1.0, 2: 1.0, 3: 1.0}  elapsed=7949s  PASS  abstain_loss=0.0000  abstain_class_balance=0.000  abstain_head_acc=1.000
[real_seed_r2_0] pilot 0 step  92500  lr=9.80e-05  loss=0.7980  val_acc={1: 1.0, 2: 1.0, 3: 1.0}  elapsed=7958s  PASS  abstain_loss=0.0000  abstain_class_balance=0.000  abstain_head_acc=1.000
[real_seed_r2_0] pilot 0 step  92600  lr=9.66e-05  loss=0.7664  val_acc={1: 1.0, 2: 1.0, 3: 1.0}  elapsed=7965s  PASS  abstain_loss=0.0000  abstain_class_balance=0.000  abstain_head_acc=1.000
[real_seed_r2_0] pilot 0 step  92700  lr=9.53e-05  loss=0.6845  val_acc={1: 1.0, 2: 1.0, 3: 1.0}  elapsed=7972s  PASS  abstain_loss=0.0000  abstain_class_balance=0.000  abstain_head_acc=1.000
[real_seed_r2_0] pilot 0 step  92800  lr=9.39e-05  loss=0.7967  val_acc={1: 1.0, 2: 1.0, 3: 1.0}  elapsed=7982s  PASS  abstain_loss=0.0000  abstain_class_balance=0.000  abstain_head_acc=1.000
[real_seed_r2_0] pilot 0 step  92900  lr=9.26e-05  loss=0.7736  val_acc={1: 1.0, 2: 1.0, 3: 1.0}  elapsed=7990s  PASS  abstain_loss=0.0000  abstain_class_balance=0.000  abstain_head_acc=1.000
[real_seed_r2_0] pilot 0 step  93000  lr=9.13e-05  loss=0.6787  val_acc={1: 1.0, 2: 1.0, 3: 1.0}  elapsed=7999s  PASS  abstain_loss=0.0000  abstain_class_balance=0.000  abstain_head_acc=1.000
[real_seed_r2_0] pilot 0 step  93100  lr=9.00e-05  loss=0.7925  val_acc={1: 1.0, 2: 1.0, 3: 1.0}  elapsed=8011s  PASS  abstain_loss=0.0000  abstain_class_balance=0.000  abstain_head_acc=1.000
[real_seed_r2_0] pilot 0 step  93200  lr=8.88e-05  loss=0.7765  val_acc={1: 1.0, 2: 1.0, 3: 1.0}  elapsed=8019s  PASS  abstain_loss=0.0000  abstain_class_balance=0.000  abstain_head_acc=1.000
[real_seed_r2_0] pilot 0 step  93300  lr=8.75e-05  loss=0.6837  val_acc={1: 1.0, 2: 1.0, 3: 1.0}  elapsed=8027s  PASS  abstain_loss=0.0000  abstain_class_balance=0.000  abstain_head_acc=1.000
[real_seed_r2_0] pilot 0 step  93400  lr=8.62e-05  loss=0.7938  val_acc={1: 1.0, 2: 1.0, 3: 1.0}  elapsed=8036s  PASS  abstain_loss=0.0000  abstain_class_balance=0.000  abstain_head_acc=1.000
[real_seed_r2_0] pilot 0 step  93500  lr=8.50e-05  loss=0.7693  val_acc={1: 1.0, 2: 1.0, 3: 1.0}  elapsed=8044s  PASS  abstain_loss=0.0000  abstain_class_balance=0.000  abstain_head_acc=1.000
[real_seed_r2_0] pilot 0 step  93600  lr=8.38e-05  loss=0.6877  val_acc={1: 1.0, 2: 1.0, 3: 1.0}  elapsed=8053s  PASS  abstain_loss=0.0000  abstain_class_balance=0.000  abstain_head_acc=1.000
[real_seed_r2_0] pilot 0 step  93700  lr=8.26e-05  loss=0.7931  val_acc={1: 1.0, 2: 1.0, 3: 1.0}  elapsed=8063s  PASS  abstain_loss=0.0000  abstain_class_balance=0.000  abstain_head_acc=1.000
[real_seed_r2_0] pilot 0 step  93800  lr=8.14e-05  loss=0.7625  val_acc={1: 1.0, 2: 1.0, 3: 1.0}  elapsed=8075s  PASS  abstain_loss=0.0000  abstain_class_balance=0.000  abstain_head_acc=1.000
[real_seed_r2_0] pilot 0 step  93900  lr=8.02e-05  loss=0.6817  val_acc={1: 1.0, 2: 1.0, 3: 1.0}  elapsed=8087s  PASS  abstain_loss=0.0000  abstain_class_balance=0.000  abstain_head_acc=1.000
[real_seed_r2_0] pilot 0 step  94000  lr=7.90e-05  loss=0.8033  val_acc={1: 1.0, 2: 1.0, 3: 1.0}  elapsed=8095s  PASS  abstain_loss=0.0000  abstain_class_balance=0.000  abstain_head_acc=1.000
[real_seed_r2_0] pilot 0 step  94100  lr=7.79e-05  loss=0.7630  val_acc={1: 1.0, 2: 1.0, 3: 1.0}  elapsed=8103s  PASS  abstain_loss=0.0000  abstain_class_balance=0.000  abstain_head_acc=1.000
[real_seed_r2_0] pilot 0 step  94200  lr=7.67e-05  loss=0.6749  val_acc={1: 1.0, 2: 1.0, 3: 1.0}  elapsed=8111s  PASS  abstain_loss=0.0000  abstain_class_balance=0.000  abstain_head_acc=1.000
[real_seed_r2_0] pilot 0 step  94300  lr=7.56e-05  loss=0.7922  val_acc={1: 1.0, 2: 1.0, 3: 1.0}  elapsed=8119s  PASS  abstain_loss=0.0000  abstain_class_balance=0.000  abstain_head_acc=1.000
[real_seed_r2_0] pilot 0 step  94400  lr=7.45e-05  loss=0.7586  val_acc={1: 1.0, 2: 1.0, 3: 1.0}  elapsed=8127s  PASS  abstain_loss=0.0000  abstain_class_balance=0.000  abstain_head_acc=1.000
[real_seed_r2_0] pilot 0 step  94500  lr=7.34e-05  loss=0.6677  val_acc={1: 1.0, 2: 1.0, 3: 1.0}  elapsed=8137s  PASS  abstain_loss=0.0000  abstain_class_balance=0.000  abstain_head_acc=1.000
[real_seed_r2_0] pilot 0 step  94600  lr=7.23e-05  loss=0.7907  val_acc={1: 1.0, 2: 1.0, 3: 1.0}  elapsed=8145s  PASS  abstain_loss=0.0000  abstain_class_balance=0.000  abstain_head_acc=1.000
[real_seed_r2_0] pilot 0 step  94700  lr=7.12e-05  loss=0.7727  val_acc={1: 1.0, 2: 1.0, 3: 1.0}  elapsed=8152s  PASS  abstain_loss=0.0000  abstain_class_balance=0.000  abstain_head_acc=1.000
[real_seed_r2_0] pilot 0 step  94800  lr=7.02e-05  loss=0.6758  val_acc={1: 1.0, 2: 1.0, 3: 1.0}  elapsed=8160s  PASS  abstain_loss=0.0000  abstain_class_balance=0.000  abstain_head_acc=1.000
[real_seed_r2_0] pilot 0 step  94900  lr=6.91e-05  loss=0.7907  val_acc={1: 1.0, 2: 1.0, 3: 1.0}  elapsed=8168s  PASS  abstain_loss=0.0000  abstain_class_balance=0.000  abstain_head_acc=1.000
[real_seed_r2_0] pilot 0 step  95000  lr=6.81e-05  loss=0.7638  val_acc={1: 1.0, 2: 1.0, 3: 1.0}  elapsed=8176s  PASS  abstain_loss=0.0000  abstain_class_balance=0.000  abstain_head_acc=1.000
[real_seed_r2_0] pilot 0 step  95100  lr=6.71e-05  loss=0.6676  val_acc={1: 1.0, 2: 1.0, 3: 1.0}  elapsed=8186s  PASS  abstain_loss=0.0000  abstain_class_balance=0.000  abstain_head_acc=1.000
[real_seed_r2_0] pilot 0 step  95200  lr=6.61e-05  loss=0.7906  val_acc={1: 1.0, 2: 1.0, 3: 1.0}  elapsed=8193s  PASS  abstain_loss=0.0000  abstain_class_balance=0.000  abstain_head_acc=1.000
[real_seed_r2_0] pilot 0 step  95300  lr=6.51e-05  loss=0.7633  val_acc={1: 1.0, 2: 1.0, 3: 1.0}  elapsed=8201s  PASS  abstain_loss=0.0000  abstain_class_balance=0.000  abstain_head_acc=1.000
[real_seed_r2_0] pilot 0 step  95400  lr=6.41e-05  loss=0.6700  val_acc={1: 1.0, 2: 1.0, 3: 1.0}  elapsed=8211s  PASS  abstain_loss=0.0000  abstain_class_balance=0.000  abstain_head_acc=1.000
[real_seed_r2_0] pilot 0 step  95500  lr=6.31e-05  loss=0.7934  val_acc={1: 1.0, 2: 1.0, 3: 1.0}  elapsed=8220s  PASS  abstain_loss=0.0000  abstain_class_balance=0.000  abstain_head_acc=1.000
[real_seed_r2_0] pilot 0 step  95600  lr=6.22e-05  loss=0.7660  val_acc={1: 1.0, 2: 1.0, 3: 1.0}  elapsed=8229s  PASS  abstain_loss=0.0000  abstain_class_balance=0.000  abstain_head_acc=1.000
[real_seed_r2_0] pilot 0 step  95700  lr=6.13e-05  loss=0.6811  val_acc={1: 1.0, 2: 1.0, 3: 1.0}  elapsed=8236s  PASS  abstain_loss=0.0000  abstain_class_balance=0.000  abstain_head_acc=1.000
[real_seed_r2_0] pilot 0 step  95800  lr=6.03e-05  loss=0.8000  val_acc={1: 1.0, 2: 1.0, 3: 1.0}  elapsed=8245s  PASS  abstain_loss=0.0000  abstain_class_balance=0.000  abstain_head_acc=1.000
[real_seed_r2_0] pilot 0 step  95900  lr=5.94e-05  loss=0.7735  val_acc={1: 1.0, 2: 1.0, 3: 1.0}  elapsed=8254s  PASS  abstain_loss=0.0000  abstain_class_balance=0.000  abstain_head_acc=1.000
[real_seed_r2_0] pilot 0 step  96000  lr=5.85e-05  loss=0.6819  val_acc={1: 1.0, 2: 1.0, 3: 1.0}  elapsed=8265s  PASS  abstain_loss=0.0000  abstain_class_balance=0.000  abstain_head_acc=1.000
[real_seed_r2_0] pilot 0 step  96100  lr=5.77e-05  loss=0.7948  val_acc={1: 1.0, 2: 1.0, 3: 1.0}  elapsed=8272s  PASS  abstain_loss=0.0000  abstain_class_balance=0.000  abstain_head_acc=1.000
[real_seed_r2_0] pilot 0 step  96200  lr=5.68e-05  loss=0.7638  val_acc={1: 1.0, 2: 1.0, 3: 1.0}  elapsed=8281s  PASS  abstain_loss=0.0000  abstain_class_balance=0.000  abstain_head_acc=1.000
[real_seed_r2_0] pilot 0 step  96300  lr=5.59e-05  loss=0.6733  val_acc={1: 1.0, 2: 1.0, 3: 1.0}  elapsed=8290s  PASS  abstain_loss=0.0000  abstain_class_balance=0.000  abstain_head_acc=1.000
[real_seed_r2_0] pilot 0 step  96400  lr=5.51e-05  loss=0.7912  val_acc={1: 1.0, 2: 1.0, 3: 1.0}  elapsed=8296s  PASS  abstain_loss=0.0000  abstain_class_balance=0.000  abstain_head_acc=1.000
[real_seed_r2_0] pilot 0 step  96500  lr=5.43e-05  loss=0.7645  val_acc={1: 1.0, 2: 1.0, 3: 1.0}  elapsed=8306s  PASS  abstain_loss=0.0000  abstain_class_balance=0.000  abstain_head_acc=1.000
[real_seed_r2_0] pilot 0 step  96600  lr=5.34e-05  loss=0.6747  val_acc={1: 1.0, 2: 1.0, 3: 1.0}  elapsed=8313s  PASS  abstain_loss=0.0000  abstain_class_balance=0.000  abstain_head_acc=1.000
[real_seed_r2_0] pilot 0 step  96700  lr=5.26e-05  loss=0.7903  val_acc={1: 1.0, 2: 1.0, 3: 1.0}  elapsed=8321s  PASS  abstain_loss=0.0000  abstain_class_balance=0.000  abstain_head_acc=1.000
[real_seed_r2_0] pilot 0 step  96800  lr=5.19e-05  loss=0.7606  val_acc={1: 1.0, 2: 1.0, 3: 1.0}  elapsed=8331s  PASS  abstain_loss=0.0000  abstain_class_balance=0.000  abstain_head_acc=1.000
[real_seed_r2_0] pilot 0 step  96900  lr=5.11e-05  loss=0.6647  val_acc={1: 1.0, 2: 1.0, 3: 1.0}  elapsed=8339s  PASS  abstain_loss=0.0000  abstain_class_balance=0.000  abstain_head_acc=1.000
[real_seed_r2_0] pilot 0 step  97000  lr=5.03e-05  loss=0.7999  val_acc={1: 1.0, 2: 1.0, 3: 1.0}  elapsed=8346s  PASS  abstain_loss=0.0000  abstain_class_balance=0.000  abstain_head_acc=1.000
[real_seed_r2_0] pilot 0 step  97100  lr=4.96e-05  loss=0.7671  val_acc={1: 1.0, 2: 1.0, 3: 1.0}  elapsed=8357s  PASS  abstain_loss=0.0000  abstain_class_balance=0.000  abstain_head_acc=1.000
[real_seed_r2_0] pilot 0 step  97200  lr=4.89e-05  loss=0.6727  val_acc={1: 1.0, 2: 1.0, 3: 1.0}  elapsed=8368s  PASS  abstain_loss=0.0000  abstain_class_balance=0.000  abstain_head_acc=1.000
[real_seed_r2_0] pilot 0 step  97300  lr=4.81e-05  loss=0.8000  val_acc={1: 1.0, 2: 1.0, 3: 1.0}  elapsed=8375s  PASS  abstain_loss=0.0000  abstain_class_balance=0.000  abstain_head_acc=1.000
[real_seed_r2_0] pilot 0 step  97400  lr=4.74e-05  loss=0.7744  val_acc={1: 1.0, 2: 1.0, 3: 1.0}  elapsed=8384s  PASS  abstain_loss=0.0000  abstain_class_balance=0.000  abstain_head_acc=1.000
[real_seed_r2_0] pilot 0 step  97500  lr=4.67e-05  loss=0.6826  val_acc={1: 1.0, 2: 1.0, 3: 1.0}  elapsed=8392s  PASS  abstain_loss=0.0000  abstain_class_balance=0.000  abstain_head_acc=1.000
[real_seed_r2_0] pilot 0 step  97600  lr=4.61e-05  loss=0.7911  val_acc={1: 1.0, 2: 1.0, 3: 1.0}  elapsed=8401s  PASS  abstain_loss=0.0000  abstain_class_balance=0.000  abstain_head_acc=1.000
[real_seed_r2_0] pilot 0 step  97700  lr=4.54e-05  loss=0.7669  val_acc={1: 1.0, 2: 1.0, 3: 1.0}  elapsed=8408s  PASS  abstain_loss=0.0000  abstain_class_balance=0.000  abstain_head_acc=1.000
[real_seed_r2_0] pilot 0 step  97800  lr=4.48e-05  loss=0.6778  val_acc={1: 1.0, 2: 1.0, 3: 1.0}  elapsed=8417s  PASS  abstain_loss=0.0000  abstain_class_balance=0.000  abstain_head_acc=1.000
[real_seed_r2_0] pilot 0 step  97900  lr=4.41e-05  loss=0.7898  val_acc={1: 1.0, 2: 1.0, 3: 1.0}  elapsed=8425s  PASS  abstain_loss=0.0000  abstain_class_balance=0.000  abstain_head_acc=1.000
[real_seed_r2_0] pilot 0 step  98000  lr=4.35e-05  loss=0.7690  val_acc={1: 1.0, 2: 1.0, 3: 1.0}  elapsed=8433s  PASS  abstain_loss=0.0000  abstain_class_balance=0.000  abstain_head_acc=1.000
[real_seed_r2_0] pilot 0 step  98100  lr=4.29e-05  loss=0.6770  val_acc={1: 1.0, 2: 1.0, 3: 1.0}  elapsed=8442s  PASS  abstain_loss=0.0000  abstain_class_balance=0.000  abstain_head_acc=1.000
[real_seed_r2_0] pilot 0 step  98200  lr=4.23e-05  loss=0.7965  val_acc={1: 1.0, 2: 1.0, 3: 1.0}  elapsed=8450s  PASS  abstain_loss=0.0000  abstain_class_balance=0.000  abstain_head_acc=1.000
[real_seed_r2_0] pilot 0 step  98300  lr=4.17e-05  loss=0.7747  val_acc={1: 1.0, 2: 1.0, 3: 1.0}  elapsed=8458s  PASS  abstain_loss=0.0000  abstain_class_balance=0.000  abstain_head_acc=1.000
[real_seed_r2_0] pilot 0 step  98400  lr=4.12e-05  loss=0.6853  val_acc={1: 1.0, 2: 1.0, 3: 1.0}  elapsed=8467s  PASS  abstain_loss=0.0000  abstain_class_balance=0.000  abstain_head_acc=1.000
[real_seed_r2_0] pilot 0 step  98500  lr=4.06e-05  loss=0.7983  val_acc={1: 1.0, 2: 1.0, 3: 1.0}  elapsed=8476s  PASS  abstain_loss=0.0000  abstain_class_balance=0.000  abstain_head_acc=1.000
[real_seed_r2_0] pilot 0 step  98600  lr=4.01e-05  loss=0.7651  val_acc={1: 1.0, 2: 1.0, 3: 1.0}  elapsed=8484s  PASS  abstain_loss=0.0000  abstain_class_balance=0.000  abstain_head_acc=1.000
[real_seed_r2_0] pilot 0 step  98700  lr=3.96e-05  loss=0.6814  val_acc={1: 1.0, 2: 1.0, 3: 1.0}  elapsed=8492s  PASS  abstain_loss=0.0000  abstain_class_balance=0.000  abstain_head_acc=1.000
[real_seed_r2_0] pilot 0 step  98800  lr=3.90e-05  loss=0.7953  val_acc={1: 1.0, 2: 1.0, 3: 1.0}  elapsed=8501s  PASS  abstain_loss=0.0000  abstain_class_balance=0.000  abstain_head_acc=1.000
[real_seed_r2_0] pilot 0 step  98900  lr=3.86e-05  loss=0.7681  val_acc={1: 1.0, 2: 1.0, 3: 1.0}  elapsed=8508s  PASS  abstain_loss=0.0000  abstain_class_balance=0.000  abstain_head_acc=1.000
[real_seed_r2_0] pilot 0 step  99000  lr=3.81e-05  loss=0.6721  val_acc={1: 1.0, 2: 1.0, 3: 1.0}  elapsed=8521s  PASS  abstain_loss=0.0000  abstain_class_balance=0.000  abstain_head_acc=1.000
[real_seed_r2_0] pilot 0 step  99100  lr=3.76e-05  loss=0.8018  val_acc={1: 1.0, 2: 1.0, 3: 1.0}  elapsed=8530s  PASS  abstain_loss=0.0000  abstain_class_balance=0.000  abstain_head_acc=1.000
[real_seed_r2_0] pilot 0 step  99200  lr=3.72e-05  loss=0.7642  val_acc={1: 1.0, 2: 1.0, 3: 1.0}  elapsed=8539s  PASS  abstain_loss=0.0000  abstain_class_balance=0.000  abstain_head_acc=1.000
[real_seed_r2_0] pilot 0 step  99300  lr=3.67e-05  loss=0.6749  val_acc={1: 1.0, 2: 1.0, 3: 1.0}  elapsed=8546s  PASS  abstain_loss=0.0000  abstain_class_balance=0.000  abstain_head_acc=1.000
[real_seed_r2_0] pilot 0 step  99400  lr=3.63e-05  loss=0.7907  val_acc={1: 1.0, 2: 1.0, 3: 1.0}  elapsed=8555s  PASS  abstain_loss=0.0000  abstain_class_balance=0.000  abstain_head_acc=1.000
[real_seed_r2_0] pilot 0 step  99500  lr=3.59e-05  loss=0.7705  val_acc={1: 1.0, 2: 1.0, 3: 1.0}  elapsed=8565s  PASS  abstain_loss=0.0000  abstain_class_balance=0.000  abstain_head_acc=1.000
[real_seed_r2_0] pilot 0 step  99600  lr=3.55e-05  loss=0.6715  val_acc={1: 1.0, 2: 1.0, 3: 1.0}  elapsed=8573s  PASS  abstain_loss=0.0000  abstain_class_balance=0.000  abstain_head_acc=1.000
[real_seed_r2_0] pilot 0 step  99700  lr=3.51e-05  loss=0.7883  val_acc={1: 1.0, 2: 1.0, 3: 1.0}  elapsed=8580s  PASS  abstain_loss=0.0000  abstain_class_balance=0.000  abstain_head_acc=1.000
[real_seed_r2_0] pilot 0 step  99800  lr=3.47e-05  loss=0.7571  val_acc={1: 1.0, 2: 1.0, 3: 1.0}  elapsed=8588s  PASS  abstain_loss=0.0000  abstain_class_balance=0.000  abstain_head_acc=1.000
[real_seed_r2_0] pilot 0 step  99900  lr=3.44e-05  loss=0.6610  val_acc={1: 1.0, 2: 1.0, 3: 1.0}  elapsed=8596s  PASS  abstain_loss=0.0000  abstain_class_balance=0.000  abstain_head_acc=1.000
[real_seed_r2_0] pilot 0 step 100000  lr=3.40e-05  loss=0.7896  val_acc={1: 1.0, 2: 1.0, 3: 1.0}  elapsed=8604s  PASS  abstain_loss=0.0000  abstain_class_balance=0.000  abstain_head_acc=1.000
[real_seed_r2_0] pilot 0 step 100100  lr=3.37e-05  loss=0.7603  val_acc={1: 1.0, 2: 1.0, 3: 1.0}  elapsed=8613s  PASS  abstain_loss=0.0000  abstain_class_balance=0.000  abstain_head_acc=1.000
[real_seed_r2_0] pilot 0 step 100200  lr=3.34e-05  loss=0.6720  val_acc={1: 1.0, 2: 1.0, 3: 1.0}  elapsed=8621s  PASS  abstain_loss=0.0000  abstain_class_balance=0.000  abstain_head_acc=1.000
[real_seed_r2_0] pilot 0 step 100300  lr=3.31e-05  loss=0.7892  val_acc={1: 1.0, 2: 1.0, 3: 1.0}  elapsed=8629s  PASS  abstain_loss=0.0000  abstain_class_balance=0.000  abstain_head_acc=1.000
[real_seed_r2_0] pilot 0 step 100400  lr=3.28e-05  loss=0.7705  val_acc={1: 1.0, 2: 1.0, 3: 1.0}  elapsed=8638s  PASS  abstain_loss=0.0000  abstain_class_balance=0.000  abstain_head_acc=1.000
[real_seed_r2_0] pilot 0 step 100500  lr=3.25e-05  loss=0.6884  val_acc={1: 1.0, 2: 1.0, 3: 1.0}  elapsed=8646s  PASS  abstain_loss=0.0000  abstain_class_balance=0.000  abstain_head_acc=1.000
[real_seed_r2_0] pilot 0 step 100600  lr=3.23e-05  loss=0.8049  val_acc={1: 1.0, 2: 1.0, 3: 1.0}  elapsed=8654s  PASS  abstain_loss=0.0000  abstain_class_balance=0.000  abstain_head_acc=1.000
[real_seed_r2_0] pilot 0 step 100700  lr=3.20e-05  loss=0.7667  val_acc={1: 1.0, 2: 1.0, 3: 1.0}  elapsed=8663s  PASS  abstain_loss=0.0000  abstain_class_balance=0.000  abstain_head_acc=1.000
[real_seed_r2_0] pilot 0 step 100800  lr=3.18e-05  loss=0.6823  val_acc={1: 1.0, 2: 1.0, 3: 1.0}  elapsed=8672s  PASS  abstain_loss=0.0000  abstain_class_balance=0.000  abstain_head_acc=1.000
[real_seed_r2_0] pilot 0 step 100900  lr=3.16e-05  loss=0.8061  val_acc={1: 1.0, 2: 1.0, 3: 1.0}  elapsed=8680s  PASS  abstain_loss=0.0000  abstain_class_balance=0.000  abstain_head_acc=1.000
[real_seed_r2_0] pilot 0 step 101000  lr=3.14e-05  loss=0.7592  val_acc={1: 1.0, 2: 1.0, 3: 1.0}  elapsed=8689s  PASS  abstain_loss=0.0000  abstain_class_balance=0.000  abstain_head_acc=1.000
[real_seed_r2_0] pilot 0 step 101100  lr=3.12e-05  loss=0.6782  val_acc={1: 1.0, 2: 1.0, 3: 1.0}  elapsed=8697s  PASS  abstain_loss=0.0000  abstain_class_balance=0.000  abstain_head_acc=1.000
[real_seed_r2_0] pilot 0 step 101200  lr=3.10e-05  loss=0.7923  val_acc={1: 1.0, 2: 1.0, 3: 1.0}  elapsed=8705s  PASS  abstain_loss=0.0000  abstain_class_balance=0.000  abstain_head_acc=1.000
[real_seed_r2_0] pilot 0 step 101300  lr=3.08e-05  loss=0.7713  val_acc={1: 1.0, 2: 1.0, 3: 1.0}  elapsed=8713s  PASS  abstain_loss=0.0000  abstain_class_balance=0.000  abstain_head_acc=1.000
[real_seed_r2_0] pilot 0 step 101400  lr=3.07e-05  loss=0.6835  val_acc={1: 1.0, 2: 1.0, 3: 1.0}  elapsed=8722s  PASS  abstain_loss=0.0000  abstain_class_balance=0.000  abstain_head_acc=1.000
[real_seed_r2_0] pilot 0 step 101500  lr=3.06e-05  loss=0.7963  val_acc={1: 1.0, 2: 1.0, 3: 1.0}  elapsed=8730s  PASS  abstain_loss=0.0000  abstain_class_balance=0.000  abstain_head_acc=1.000
[real_seed_r2_0] pilot 0 step 101600  lr=3.04e-05  loss=0.7590  val_acc={1: 1.0, 2: 1.0, 3: 1.0}  elapsed=8740s  PASS  abstain_loss=0.0000  abstain_class_balance=0.000  abstain_head_acc=1.000
[real_seed_r2_0] pilot 0 step 101700  lr=3.03e-05  loss=0.6840  val_acc={1: 1.0, 2: 1.0, 3: 1.0}  elapsed=8748s  PASS  abstain_loss=0.0000  abstain_class_balance=0.000  abstain_head_acc=1.000
[real_seed_r2_0] pilot 0 step 101800  lr=3.03e-05  loss=0.7932  val_acc={1: 1.0, 2: 1.0, 3: 1.0}  elapsed=8757s  PASS  abstain_loss=0.0000  abstain_class_balance=0.000  abstain_head_acc=1.000
[real_seed_r2_0] pilot 0 step 101900  lr=3.02e-05  loss=0.7674  val_acc={1: 1.0, 2: 1.0, 3: 1.0}  elapsed=8765s  PASS  abstain_loss=0.0000  abstain_class_balance=0.000  abstain_head_acc=1.000
[real_seed_r2_0] pilot 0 step 102000  lr=3.01e-05  loss=0.6788  val_acc={1: 1.0, 2: 1.0, 3: 1.0}  elapsed=8773s  PASS  abstain_loss=0.0000  abstain_class_balance=0.000  abstain_head_acc=1.000
[real_seed_r2_0] pilot 0 step 102100  lr=3.01e-05  loss=0.7948  val_acc={1: 1.0, 2: 1.0, 3: 1.0}  elapsed=8783s  PASS  abstain_loss=0.0000  abstain_class_balance=0.000  abstain_head_acc=1.000
[real_seed_r2_0] pilot 0 step 102200  lr=3.00e-05  loss=0.7747  val_acc={1: 1.0, 2: 1.0, 3: 1.0}  elapsed=8791s  PASS  abstain_loss=0.0000  abstain_class_balance=0.000  abstain_head_acc=1.000
[real_seed_r2_0] pilot 0 step 102300  lr=3.00e-05  loss=0.6878  val_acc={1: 1.0, 2: 1.0, 3: 1.0}  elapsed=8798s  PASS  abstain_loss=0.0000  abstain_class_balance=0.000  abstain_head_acc=1.000
[real_seed_r2_0] pilot 0 step 102399  lr=3.00e-05  loss=0.7681  val_acc={1: 1.0, 2: 1.0, 3: 1.0}  elapsed=8810s  PASS  abstain_loss=0.0000  abstain_class_balance=0.000  abstain_head_acc=1.000
[real_seed_r2_0] pilot 0 stable from step 7500 onward (terminal check at 102399)
[real_seed_r2_0] pilot 0 causal_PR=26.921  query_PR=28.580
RESULT real_seed=0 regime=2 s_star=7500 causal_PR=26.9212 query_PR=28.5795
